id,news,frames,tone,principal_frames,economic,capacity_and_resources,morality,fairness_and_equality,legality_constitutionality_and_jurisprudence,policy_prescription_and_evaluation,crime_and_punishment,security_and_defense,health_and_safety,quality_of_life,cultural_identity,public_opinion,political,external_regulation_and_reputation,question,answer,question1,answer1
Noticia_1.txt,"¿Cuánto tiempo estoy autorizado a permanecer en los Estados Unidos?



                       

                             



Es crucial tener en cuenta que una visa no garantiza automáticamente el ingreso a los Estados Unidos. Esta especifica un período de tiempo válido durante el cual el titular puede llegar a un puerto de entrada y solicitar admisión, de acuerdo con el Servicio Oficial de Citas de Visa del Departamento de Estado de la nación norteamericana.

Al llegar a un puerto de entrada, un oficial de inmigración del Departamento de Seguridad Interna (DHS) es el encargado de decidir si se permite el ingreso y por cuánto tiempo se puede permanecer en cada visita. Solo quien ocupa este cargo tiene la autoridad para otorgar esta información.

En el sello de admisión o en el formulario I-94 en papel, el inspector de inmigración de EE. UU. registrará una fecha de admisión específica o ""D/S"" (duración del estado), explica el Department of State Travel en su página web.



Si su sello de admisión o el documento indican una fecha específica, deberá salir del país norteamericano conforme a lo estipulado. Sin embargo, si contienen la notación ""D/S"", puede permanecer en los Estados Unidos mientras continúe con sus estudios, programa de intercambio o empleo calificado.

En el caso de aquellos que ingresaron a la nación con una visa de no inmigrante y desean extender su permanencia, será necesario presentar una solicitud ante el Servicio de Ciudadanía e Inmigración de los Estados Unidos (USCIS) antes de que caduque su estadía autorizada, tal como se indica en su sello de admisión o en el Formulario I-94 en papel.



Se recomienda presentar la solicitud con suficiente antelación a la fecha de vencimiento. 



Requisitos para extender su estadía en Estados Unidos

Extender su estadía en Estados Unidos sí es posible, de acuerdo con USCIS, pero habrá que cumplir con una serie de requisitos.



Haber sido admitido legalmente en los Estados Unidos con una visa de no inmigrante.

Su estado de visa de no inmigrante sigue siendo válido.

No ha cometido ningún delito que lo haga inelegible para una visa.

No ha violado las condiciones de tu admisión.

Su pasaporte es válido y seguirá siendo válido durante la duración de su estadía.

¿Qué pasa si se queda más tiempo del permitido en Estados Unidos?

""Permanecer más allá del período de tiempo autorizado por el Departamento de Seguridad Nacional y fuera del estatus en los Estados Unidos es una violación de las leyes de inmigración de los EE. UU. y puede hacer que no sea elegible para una visa en el futuro para viajar de regreso”, detalla el Departamento de Estado de EE.UU.



Según la agencia federal, permanecer más tiempo del establecido implica una pérdida del estatus migratorio, por lo que la persona puede ser deportada por las autoridades, sin dejar a un lado que complica cualquier trámite de inmigración futuro.

Entre las consecuencias que puede traer esta violación de las leyes migratorias se encuentra la anulación automática de la visa y una prohibición de entrada al país que puede ser de tres años o 10, dependiendo del tiempo de permanencia ilegal. ","['external_regulation_and_reputation', 'legality_constitutionality_and_jurisprudence', 'policy_prescription_and_evaluation', 'crime_and_punishment']",neutral,legality_constitutionality_and_jurisprudence,0,0,0,0,1,1,1,0,0,0,0,0,0,1,¿Qué tipo de tono predomina en este texto?,neutral,¿Qué tono tiene esta noticia?,neutral
Noticia_2.txt,"Colombia y Venezuela instalaron comisión de vecindad e integración: ¿para qué servirá?







Este viernes, en el Palacio de San Carlos, sede de la Cancillería, se llevó a cabo el acto con el que se instaló la comisión de vecindad e integración entre ambos países.



Con este mecanismo, según explicó el Ministerio de Relaciones Exteriores, se establece la instancia de nivel político encargada de ""impulsar y coordinar la cooperación e integración entre los dos países, prestando especial atención al desarrollo de las zonas de frontera"". 



Al evento asistió el canciller venezolano Yvan Gil. Se trata de una visita que evidencia el avance en la normalización de las relaciones - proceso que inició en septiembre el año pasado - pues la última vez que un ministro de relaciones exteriores de ese país estuvo en Colombia fue en 2026, cuando Delcy Rodríguez ocupaba ese cargo. 



A pesar de los líos que ha tenido el todavía embajador Armando Benedetti, el trabajo entre ambos países va avanzando. La Comisión que se instaló este 30 de junio abordará los temas económicos, sociales, culturales y de seguridad a través de Comités Técnicos Binacionales. En estos, dice la Cancillería, se promoverá la cooperación e integración de los dos países, dando prioridad a las zonas de frontera.



En este último aspecto es clave recordar que la apertura de los consulados ha sido uno de los reclamos constantes entre las poblaciones que viven en dichas zonas. Según se informó hoy, por ahora está en proceso la reapertura de los consulados en Caracas, Maracaibo y San Cristóbal. El de San Antonio del Táchira empieza a funcionar este 30 de junio y el de Cúcuta se abrió el pasado 28 de  abril de 2023.



En Colombia, se encuentra en proceso la reapertura de los consulados en Medellín, Cartagena, Barranquilla, Riohacha y la sección consular en Bogotá.



Otro de los aspectos que se materializó en el evento fue la firma de una declaración conjunta sobre cooperación en la búsqueda de personas dadas por desaparecidas en territorio fronterizo con Venezuela.



Este es un tema que se ha venido anunciando desde mayo. Luego de visitar los hornos crematorios que usaban los paramilitares para desaparecer a personas en la zona fronteriza, Colombia dialogó con Venezuela para llegar a un acuerdo bilateral con fines humanitarios.



""Esta declaración para la búsqueda de personas dadas por desaparecidas en territorio fronterizo es un acuerdo que permitirá establecer los mecanismos más adecuados y expeditos para que podamos, conjuntamente, realizar la búsqueda, la recuperación e identificación de restos humanos en territorio venezolano"", puntualizó el Ministerio. ","['policy_prescription_and_evaluation', 'political', 'economic', 'morality', 'public_opinion', 'external_regulation_and_reputation']",neutral,political,1,0,1,0,0,1,0,0,0,0,0,1,1,1,¿Qué emoción o tono se refleja en esta noticia?,neutral,¿Qué tono tiene esta noticia?,neutral
Noticia_7.txt,"Atrasar proceso electoral hasta enero de 2024, nos ha puesto en desventaja administrativa: Ceepac

El consejero electoral local Marco Iván Vargas consideró que la decisión del Congreso del Estado de aplazar el proceso electoral de 2024, pone al Consejo Estatal Electoral y de Participación Ciudadana (Ceepac) en una posición de desventaja especialmente a la hora de tener que hacer contrataciones con proveedores.
Comentó “esto nos pone en desventaja con respecto a otras entidades federativas, especialmente en el caso de los procesos de adquisición, la realidad es que todos los organismos locales electorales tenemos los mismos proveedores a nivel nacional, ya sea para emisión de boletas o de la implementación de un Prep, te atienden conforme te formas y en este caso nos vamos a formar más tarde que todos”.
Explicó por ejemplo solo existen tres o cuatro empresas que se dedican a hacer programas de resultados electorales preliminares y van a tener que atender a todas las entidades federativas, ya que serán elecciones concurrentes, entonces a nivel nacional se van a tener que realizar estos procesos de adquisición y administrativamente se pudiera complicar.
Dijo también que por otro lado al inicio del ejercicio fiscal 2024, las dependencias públicas no tienen ya el dinero para ejercer el recurso y Ceepac no tiene todo el tiempo para esperarlas  y poder empezar a realizar sus actividades de preparación de la elección “no desearíamos cargas presupuestalmente, administrativamente y laboralmente la organización de la elección”.
Vargas Cuellar finalmente indicó que por ejemplo el INE tiene 10 meses para la preparación del proceso electoral y ahora con esta modificación el Ceepac solo tiene 5 meses para esta misma preparación, lo que implicará redoblar los esfuerzos administrativos, de gestión y hasta presupuestales, puesto que como en cualquier trabajo, si se requiere hacer algo con mayor velocidad, se necesita más intensidad, más sistemas y más personal para realizar la misma labor en menos tiempo.
","['political', 'quality_of_life', 'public_opinion']",neutral,political,0,0,0,0,0,0,0,0,0,1,0,1,1,0,¿Qué tipo de tono predomina en este texto?,neutral,¿Qué tono tiene esta noticia?,neutral
Noticia_8.txt,"Avanza SLP en cuanto a transparencia presupuestal en 2023: IMCO

El Instituto Mexicano para la Competitividad (IMCO) presentó este martes la edición 2023 de su Barómetro de Información Presupuestal Estatal (BIPE) que refiere que de la última edición que fue en 2021 al día de hoy al menos 13 entidades del país retrocedieron en la materia, sin embargo, San Luis Potosí alcanzó su máximo histórico en la materia, aunque sigue estando por debajo de la media nacional.
Este ejercicio evalúa la calidad y nivel de transparencia de la información presupuestal de los gobiernos estatales, en donde destaca que durante los últimos 15 años el promedio de calificación pasó de 53 por ciento a 93 por ciento, pero en esta edición hubo 13 entidades con un retroceso, especialmente Sonora que bajó casi 20 puntos porcentuales.
El caso de San Luis Potosí es muy particular, ya que en 2013 cuando fue calificado con 43 por ciento de cumplimiento, ha ido a la alza, incluyendo la última edición siendo que pasó de 72 por ciento a 80 por ciento, no obstante sigue estando por debajo del promedio nacional que ahora es de 93 por ciento, además de ser la cuarta entidad a nivel nacional con el peor desempeño.
Se detalla que para 2023 la entidad tiene un presupuesto de egresos de 60 mil 998 millones de pesos, más de la mitad de este recurso, unos 32 mil 344 millones de pesos son ejercidos por el ejecutivo estatal, se precisa que en diferentes rubros como estructura y datos abiertos, así como armonización contable  y recursos federales tiene un 100 por ciento de cumplimiento.
Sus áreas de oportunidad más notables son por un lado en cuanto a la transparencia de la reasignación y excedentes de recursos con apenas el 53 por ciento y la transparencia de los recursos de los municipios con apenas el 50 por ciento, asimismo se señala que la deuda pública incrementó de 3 mil 838.5 millones de pesos en 2021 a 5 mil 59.3 millones de pesos en 2022.

","['policy_prescription_and_evaluation', 'public_opinion', 'external_regulation_and_reputation']",neutral,policy_prescription_and_evaluation,0,0,0,0,0,1,0,0,0,0,0,1,0,1,¿Qué tono tiene el autor al escribir esta noticia?,neutral,¿Qué tono tiene esta noticia?,neutral
Noticia_9.txt,"Confía dirigente del PT en mantener el registro en San Luis Potosí

El ex diputado federal y coordinador estatal del Partido del Trabajo (PT) en San Luis Potosí, Héctor Serrano Cortés aseveró que no hay preocupación alguna de que el partido pueda perder el registro, esto a pesar de que, de acuerdo a la nueva legislación electoral, en las alianzas partidistas ya no se pueden ""compartir"" los votos y solamente contarán para su registro exclusivamente los sufragios que tachen el logo del partido, por lo que dijo estar confiado en superar con creces el poco más de 3 por ciento de la votación total que se requiere.
Puntualizó ""me parece que la nueva legislación nos motiva a redoblar esfuerzos, el contacto pie-tierra es fundamental en San Luis Potosí, yo creo que en estos momentos es más fácil poder obtener una diputación por mayoría que por representación proporcional, es una gran ventaja que tiene la izquierda en el estado, porque por ejemplo el Partido Acción Nacional no se caracteriza por ese tipo de trabajo"".
Dijo además que desde que tomó las riendas del PT potosino se ha enfocado en la afiliación de nuevos militantes, siendo que cuando inició tenía alrededor de 4 mil militantes registrados y ahora ya se tienen más de 53 mil, es decir se ha hecho un gran trabajo para crear la estructura electoral en tierra que permitirá el crecimiento del partido como tal, al margen de que siga formando parte de la alianza de la Cuarta Transformación.
Finalmente indicó que contrario a lo sucedido en la elección anterior en dónde habían figuras como el Presidente de la República Andrés Manuel López Obrador y el propio gobernador Ricardo Gallardo Cardona quienes por si solos arrastraban votos para el PT, ahora no lo hay, de ahí la importancia de fincar el éxito en el trabajo en tierra, en las estructuras de las bases, en los liderazgos locales, distritales y de cada comunidad.
","['external_regulation_and_reputation', 'quality_of_life', 'public_opinion', 'capacity_and_resources', 'fairness_and_equality', 'policy_prescription_and_evaluation']",negative,fairness_and_equality,0,1,0,1,0,1,0,0,0,1,0,1,0,1,¿Cómo es el sentimiento general de esta noticia?,negative,¿Qué tono tiene esta noticia?,negative
Noticia_10.txt,"Congreso de SLP llamará a Gabino Morales a rendir cuentas sobre apoyos a adultos mayores

La diputada local Yolanda Josefina Cepeda Echavarría, integrante de la Comisión de Salud del Congreso de San Luis Potosí, dio a conocer que se aprobó un punto de acuerdo para llamar a cuentas al delegado de Programas Integrales de Desarrollo del Gobierno de México en San Luis Potosí, Gabino Morales Mendoza, y cuestionarse entre otras cosas el trato que está dando la Secretaría del Bienestar a las personas adultas mayores.
“Decidimos solicitarle al delegado de la Secretaría del Bienestar que esté presente con nosotros en la próxima sesión de la Comisión de Salud, porque queremos que nos explique puntualmente qué sucedió con la desaparición de la secretaría del INAPAM, esta era una delegación muy importante y ahora muchos de ellos se sienten vulnerables”, dijo.

Añadió que entonces se busca que Morales Mendoza explique a la representación popular las razones por las cuales se decidió la desaparición de esta área tan importante, porque a su vez los diputados tienen la responsabilidad de informar a sus representados sobre esta situación y sobre todo quienes los van a atender ahora.
Cepeda Echavarría dijo también que otro de los cuestionamientos que se harán al delegado federal tiene qué ver con el mal funcionamiento de los bancos del Bienestar, las razones por las cuales se siguen haciendo filas enormes y por otro lado porque en comunidades alejadas simplemente no funcionan.
“Incluso hay un testimonio de unos abuelitos a quienes asaltaron y les quitaron la vida en Aquismón saliendo de un Banco del Bienestar”, destacó Yolanda Josefina Cepeda.
","['external_regulation_and_reputation', 'political']",positive,external_regulation_and_reputation,0,0,0,0,0,0,0,0,0,0,0,0,1,1,¿Qué tipo de tono predomina en este texto?,positive,¿Qué tono tiene esta noticia?,positive
Noticia_11.txt,"Denuncian a antro Fabrik en SLP por supuesta discriminación contra joven con síndrome de Down

A través de su cuenta de Instagram, una joven identificada como Ingrid A, denunció que su hermano Luis, quien tiene síndrome de Down, fue discriminado por parte de personal del antro Fabrik, en la capital de San Luis Potosí, a quien no dejaron pasar supuestamente por su condición.
“En cuanto lo vieron decidieron no dejarlo pasar”, escribió la hermana en su publicación. Asimismo, denunció que esto pasó mientras veían que sí dejaban pasar a gente “bien”.
De esta manera, llamó a un alto a la discriminación, defendiendo que quienes tienen este síndrome también tienen derecho a divertirse. También aclaró que su hermano tiene más de 18 años, portaba con su INE y que no consume alcohol.
Tras la publicación, también denunció en historias de Instagram supuestas conversaciones de los trabajadores del antro, en las cuales referían que no se le negó el acceso a Luis, sino a las acompañantes, quienes presumiblemente iban mal vestidas o en pijama.
Además, en dichas conversaciones, un aparente trabajador de Fabrik le comentó a los demás que ya no publicaran nada y que, si les preguntan, digan que los denunciantes no traían INE; que mejor difundieran el próximo evento que tendrán en el antro, el cual será la clausura del campamento de verano de Juntos, una asociación que apoya a personas con discapacidad.
“Y bueno las burlas siguen y ahora cuando les pregunten ya no dirán lo de la pijama ahora dirán que no teníamos INE. Y próximamente anunciaran este evento para personas con discapacidad”, escribió Ingrid.
Por su parte, Pepe Sánchez, director general de la asociación Juntos, escribió en su muro de Facebook su experiencia con la cadena de antros, enfatizando en que los linchamientos desde el desconocimiento llevan al arrepentimiento.
“¿Queremos cerrar el lugar o que reciban a todas las personas, con o sin discapacidad?”, cuestionó.
De esta manera, aseguró que los mismos dueños de Fabrik por más de 20 años le han abierto las puertas para los eventos de la asociación en diferentes antros como Épocas House Pop y La Chula.
“SIEMPRE nos han dado la bienvenida a Juntos, una experiencia compartida A.C y los cientos de personas con #discapacidad que van con nosotrxs, ya sea en clausuras de Campamento de verano, fiestas del amor y la amistad o cualquier otra”.
Asimismo, dejó en claro en comentarios que el enfoque debería estar dirigido hacia capacitar y concientizar. También, aclaró que, desde el antro, se le pidió a la asociación una capacitación al staff para brindar la mejor atención posible.
“Quisiéramos todxs que la inclusión fuera algo de sentido común, sin embargo no lo es. Quienes le sabemos un poco tenemos la responsabilidad de enseñar, guiar y acompañar a quienes aún les falta para que cada vez seamos más enseñando y orientando. En lugar de cancelar busquemos concientizar”.
","['political', 'public_opinion']",neutral,political,0,0,0,0,0,0,0,0,0,0,0,1,1,0,¿Cuál es la intención emocional del autor?,neutral,¿Qué tono tiene esta noticia?,neutral
Noticia_12.txt,"En 2023 han sido rescatados casi 900 migrantes en la zona de Matehuala: SSPC

El titular de la Secretaría de Seguridad y Protección Ciudadana (SSPC) Gúzmar Ángel González Castillo informó que continúan los rescates de personas migrantes de origen extranjero que cruzan por San Luis Potosí en búsqueda de llegar a los Estados Unidos, el más reciente caso fue el pasado fin de semana cuando se logró ubicar un transporte con 14 migrantes, incluyendo 7 menores de edad, ya son casi 900 en lo que va del año.
El funcionario manifestó “ayer precisamente hubo un rescate de migrantes, inclusive la persona que los trasladaba intentó sobornar a los agentes que los detuvieron, les ofrecieron una cantidad, fue puesto a disposición, la Guardia Civil Estatal lleva ya casi 900 migrantes rescatados de diferentes nacionalidades”.
Lee: Rescatan a 13 migrantes que viajaban ocultos en una camioneta en SLP
Dijo también que sigue siendo la carretera 57 a su paso por la región de Matehuala en donde se han detectado mayormente el traslado de migrantes, derivado también de que después de los hechos suscitados en el mes de abril la Guardia Nacional estableció un puesto de rescate humanitario cercano a los límites entre San Luis Potosí y Nuevo León “y prácticamente todos los días hay resultados”.
González Castillo precisó que en este último caso fueron 13 personas las que se ubicaron mientras circulaban en una camioneta tipo Suburban por la carretera 57, en la cual viajaban 3 mujeres, 3 hombres y 7 niños, además del chofer quien es la persona mexicana a quien se puso a disposición por la responsabilidad que le resulte.
","['capacity_and_resources', 'policy_prescription_and_evaluation', 'cultural_identity', 'political', 'external_regulation_and_reputation', 'legality_constitutionality_and_jurisprudence', 'public_opinion']",negative,external_regulation_and_reputation,0,1,0,0,1,1,0,0,0,0,1,1,1,1,¿Qué percepción transmite el tono de la noticia?,negative,¿Qué tono tiene esta noticia?,negative
Noticia_23.txt,"Mediante programa Familias de Acogida, se procura a menores de SLP en situación vulnerable

En apoyo a la protección de los derechos de las niñas y los niños potosinos que se encuentran bajo resguardo de la Procuraduría de Protección de Niñas, Niños y Adolescentes (PPNNA), en tanto se resuelve la situación jurídica en la que se encuentran, el Sistema Estatal para el Desarrollo Integral de la Familia (DIF) inició la recepción de solicitudes para el programa Familias de Acogida.
La presidenta honoraria del DIF, Ruth González Silva, dijo que en cumplimiento a la política de bienestar que impulsa el gobernador de San Luis Potosí, Ricardo Gallardo Cardona, el objetivo de este programa es encontrar familias que puedan brindar protección y cuidado temporal a las y los menores, para que accedan a una infancia saludable, feliz y libre de violencia. 
Afirmó que este programa es una muestra más del apoyo que se brinda para el desarrollo integral de cada niña, niño y adolescente.
""Buscamos un entorno seguro y amoroso para la infancia potosina bajo tutela del Estado, que les brinde la oportunidad de crecer y desarrollarse en un ambiente familiar estable"", comentó.
La funcionaria invitó a la sociedad potosina a sumarse a este programa e iniciar su trámite para el cual se realizará una serie de estudios multidisciplinarios que determinan a las familias aptas para resguardar de manera temporal a un menor que por diversas circunstancias se le han vulnerado sus derechos. Para ello se ha habilitado el siguiente enlace: https://dif.slp.gob.mx/programa-familias-de-acogida/
","['health_and_safety', 'cultural_identity']",negative,health_and_safety,0,0,0,0,0,0,0,0,1,0,1,0,0,0,¿Qué emoción o tono se refleja en esta noticia?,negative,¿Qué tono tiene esta noticia?,negative
Noticia_24.txt,"Noroña se compara con Gallardo y asegura que como el potosino, él también dará la sorpresa

Este jueves la “corcholata presidencial” del Partido del Trabajo (PT), Gerardo Fernández Noroña, visitó San Luis Potosí desde donde se comparó con el gobernador Ricardo Gallardo Cardona al referir que así como Morena subestimó al hoy mandatario, así Morena lo está subestimando a él, pero dijo confiar en que dará la sorpresa y ganará la encuesta para convertirse en el coordinador de la defensa de la 4T que a la postre se convertirá en la candidatura a la Presidencia de la República.
Fernández Noroña comentó que “San Luis Potosí es el único estado en donde el PT gobierna en alianza con el Verde, claro está, pero aquí los compañeros de Morena se equivocaron en la candidatura, se logró el triunfo… yo reconozco que en el caso del compañero Gallardo, le pasó de lo que me quejo ahora, de que me subestiman y me andan malmodeando”.
Sostuvo que así como ocurrió a Gallardo, a él le señalan diciendo que no tiene ninguna opertunidad “pero ahí voy, voy muy bien”, no obstante comentó que a pesar de que no existe publicidad a su favor, no hay espectaculares, no hay calcomanías, etcétera, él se ha podido dar cuenta de que hay verdaderamente “actos de amor” de respaldo a su favor.
“Yo creo que voy a ser la gran sorpresa, vamos muy bien”, insistió. Asimismo recordó que en su momento acompañó en su lucha democrática al Doctor Salvador Nava Martínez y lo apoyo en sus eventos multitudinarios en la Plaza de los Fundadores, especialmente cuando le hicieron un “mega fraude” en los años noventas cuando ganó la gubernatura y no se la respetaron.
Finalmente reconoció que no tiene el apoyo ”cupular” que tienen otros, además de que no tiene espectaculares, ni grandes campañas, ni eventos multitudinarios, sin embargo aunque es algo que quedó prohibido por el pacto al que convocó el Presidente de la República a todos los aspirantes a sucederlo, son cuestiones que no tendrán una sanción como tal, por lo que externó “la gente se dará cuenta y no le gusta lo que están haciendo, así que mejor con su pan se lo coman”, concluyó.
","['economic', 'cultural_identity', 'public_opinion', 'health_and_safety']",positive,economic,1,0,0,0,0,0,0,0,1,0,1,1,0,0,¿Qué percepción transmite el tono de la noticia?,positive,¿Qué tono tiene esta noticia?,positive
Noticia_25.txt,"Percepción de inseguridad en SLP está influenciada por redes sociales: Miguel Gallegos

Al respecto del más reciente incremento de la percepción de inseguridad en la zona metropolitana de la capital potosina, al cierre del mes de junio reportado por el Inegi, el vocero de Seguridad estatal, Miguel Gallegos, sostuvo que el que haya incrementado la percepción no significa que haya incrementado la inseguridad como tal y atribuyó esta percepción ciudadana a que la gente mayoritariamente se deja influenciar por las redes sociales.
Mencionó que si bien este tipo de ejercicios es importante poderlos tomar como una referencia, pero no necesariamente la percepción de inseguridad va ligada con la comisión de actos delictivos, ya que, según refirió, en gran medida las personas que son encuestadas han manifestado que ellas no han sido sujetas de algún hecho delictivo.
“Hay que señalar que esta parte de la percepción no obedece a los hechos consumados, independientemente de ello bajó de diciembre a marzo un 3.6% y de marzo a junio fue este incremento de 0.5%, y son datos exclusivamente de la capital potosina que es donde ha insistido mucho el gobierno estatal en reforzar las acciones disuasivas y preventivas”.
Dijo también que en comparación con otras entidades vecinas, San Luis Potosí está en una situación muy diferente, por ejemplo, está el caso de la capital guanajuatense en donde de acuerdo a los mismos datos del Inegi la percepción de inseguridad incrementó hasta un 66.4% “no lo celebramos por supuesto, quisiéramos que en todo el país se mantuviera la paz social”.
Por último, exhortó a la ciudadanía informarse a través de las cuentas oficiales del gobierno del estado y de las corporaciones de seguridad, puesto que desafortunadamente casi un 90% de la gente, especialmente jóvenes de 18 a 25, se informan de manera prioritaria a través de redes sociales que no son las oficiales “y es lo que influye mucho en esa percepción errada de la inseguridad”.
","['economic', 'policy_prescription_and_evaluation']",neutral,policy_prescription_and_evaluation,1,0,0,0,0,1,0,0,0,0,0,0,0,0,¿Cómo describirías el tono de esta noticia?,neutral,¿Qué tono tiene esta noticia?,neutral
Noticia_26.txt,"Real de Catorce anuncia cierre de túnel Ogarrio, su única entrada al Pueblo Mágico

El túnel Ogarrio de Real de Catorce dejará de ser una vía de entrada y salida para el Pueblo Mágico, se proyecta que la nueva carretera alterna que se encuentra en planeación quede habilitada como ruta de egreso, informó Aurora Mancilla Castro, titular de la Secretaria de Turismo (Sectur).
La funcionaria estatal explicó que “se va a seguir respetando la única entrada que es el Túnel Ogarrio” y quedará funcionando como tal para ingresar a Real de Catorce.
Sin embargo, precisó que aún no hay fecha para que esto se aplique, pues aún se trabaja para que el pueblo cuente con una carretera alterna, de la cual insistió “no se piensa abrir para poder ingresar, sino que se busca generar una nueva salida” que contempla pasar por otros lugares que forman parte de Real de Catorce.
Por otro lado, en cuanto a las labores de la “Entrada Monumental”, explicó que el proyecto está enfocado a realizar un “mercado artesanal y gastronómico” donde incluso requerirá parte del área donde se encuentra el estacionamiento del pueblo. La idea es ordenar y mejorar el aspecto del comercio fijo y semijifo que hay en la zona principal. Para este proyecto se estima invertir entre 15 a 19 millones de pesos.
","['policy_prescription_and_evaluation', 'quality_of_life', 'public_opinion']",positive,policy_prescription_and_evaluation,0,0,0,0,0,1,0,0,0,1,0,1,0,0,¿Qué emoción o tono se refleja en esta noticia?,positive,¿Qué tono tiene esta noticia?,positive
Noticia_27.txt,"Gustavo Bolívar será el candidato del Pacto Histórico para la Alcaldía de Bogotá



                    

                             



Gustavo Bolívar será el candidato del Pacto Histórico para la Alcaldía de Bogotá. Así lo decidió la coalición conformada principalmente por sectores de izquierda y que le permitió a Gustavo Petro llegar a la Presidencia de la República tras realizar una encuesta entre varios aspirantes.



La decisión no ha sido oficializada ni por la coalición y ni por Bolívar, quien hasta el 31 de diciembre del 2022 fue senador, pero fuentes del Pacto Histórico se lo confirmaron a EL TIEMPO. La candidatura del escritor a la Alcaldía de Bogotá se oficializará en los próximos días.



Cuando Bolívar renunció al senado la tarde del 31 de diciembre, argumentó que lo hacía para asumir proyectos personales. Sin embargo, durante los últimos meses insistió en que no descartaba una eventual candidatura para reemplazar a Claudia López en la administración distrital. 



Hace un mes, en entrevista con Yamid Amat publicada en este diario, cuando se le preguntó si se lanzaría respondió que iba a ""seguir el consejo del Presidente"". 



Precisamente, el 17 de junio sostuvo una reunión con el presidente Petro, la cual duró más de tres horas y uno de los temas centrales de la conversación habría sido su eventual aspiración. 



""Mire: una candidatura mía se vuelve una especie de referendo para el presidente Petro. Con la fuerza del Pacto Histórico en Bogotá, no dudamos que podríamos pasar a segunda vuelta, pero ahí se complican las cosas con las alianzas"", complementó el exsenador en la entrevista con Yamid Amat.



Además, había advertido que si dicha encuesta no era favorable, desistía. ""No quiero que mi candidatura se convierta en un referendo aprobatorio o desaprobatorio de Gustavo Petro, para no someterlo a un desgaste y tampoco a mí. Pero si vemos que hay buenas posibilidades, nos metemos en la lucha. No por llegar al Palacio Liévano, sino la lucha por transformar para siempre a Bogotá"".",['political'],neutral,political,0,0,0,0,0,0,0,0,0,0,0,0,1,0,¿Cómo es el sentimiento general de esta noticia?,neutral,¿Qué tono tiene esta noticia?,neutral
Noticia_28.txt,"Reportan la cifra más alta por violencia de género en la capital de SLP

Enrique Galindo Ceballos, presidente municipal de San Luis Potosí, informó que el día de ayer Puerta Violeta, un programa de apoyo legal a mujeres víctimas de violencia de género, recibió 14 solicitudes por estos hechos.
El edil capitalino puntualizó que las 14 atenciones, se registraron durante las 24 horas del 24 de julio, lo que se traduce como la cifra más alta este 2023 en cuanto a solicitudes de apoyo al mecanismo de apoyo de mujeres que han sufrido violencia de género, que pertenece al Sistema DIF Municipal.
""Yo creo que no puede pasar, no lo quiero y vamos a hacer lo posible para que eso no suceda (la alta demanda de apoyo por violencia de género en la ciudad capital) y si sucede que haya mejor acompañamiento"", comentó el alcalde de San Luis Potosí.
Galindo Ceballos destacó el trabajo que se realiza dentro del programa que pertenece al DIF Municipal, pues agregó que las y los policías que trabajan como primeros respondientes para la canalización a Puerta Violeta cuentan con capacitaciones en materia de género para una buena actuación y acompañamiento a las víctimas.
Puerta Violeta es un programa de apoyo legal, psicológico y de albergue temporal a mujeres que han sido víctimas de algún tipo de violencia de género, con el objetivo de ayudarla a salir de los espacios y generar lugares seguros para su desarrollo, el cual opera en la capital potosina desde el 2018.
",['economic'],positive,economic,1,0,0,0,0,0,0,0,0,0,0,0,0,0,¿Qué emoción o tono se refleja en esta noticia?,positive,¿Qué tono tiene esta noticia?,positive
Noticia_29.txt,"Rescatan a 13 migrantes que viajaban ocultos en una camioneta en SLP

Trece personas en condición migratoria fueron ubicadas en territorio potosino mientras eran trasladadas de forma irregular a bordo de una camioneta tipo Suburban sobre el Libramiento Oriente, en la capital potosina.
En el grupo se identificaron a diez adultos y tres menores de edad de nacionalidades hondureña, salvadoreña y guatemalteca.
La Secretaría de Seguridad informó sobre este hecho en el que agentes de la Guardia Civil Estatal División Caminos, logró el rescate humanitario de 13 personas en situación de migración, a la par se logró la detención de un hombre señalado por el delito de tráfico de personas.
Lee: ¡Para los lomitos! Anuncian refugio animal y una veterinaria gratuita en SLP
Fue durante la madrugada de este lunes cuando los agentes fueron alertados por un automovilista sobre una camioneta Chevrolet Suburban color blanco que se desplazaba a velocidad inmoderada y se le había cerrado de manera peligrosa.
Tras dar alcance a la camioneta señalada en el  kilómetro 14 del Libramiento Oriente, los elementos cuestionaron al conductor quien cayó en diversas contradicciones y terminó por confesar que transportaba varias personas en situación migratoria para dejarlos en la frontera con los Estados Unidos, además ofreció diez mil pesos a cambio de que lo dejaran continuar con su camino.
Ante esto, se procedió a asegurar al hombre identificado como Arturo “N” de 43 años de edad, por los presuntos delitos de cohecho y tráfico de personas.
En la camioneta viajaban 10 personas de nacionalidad hondureña y tres menores de edad, dos de ellos originarios de El Salvador y uno de Guatemala, quienes fueron asistidos por los elementos estatales y apoyados ante cualquier situación que pudiera presentar un riesgo a su integridad.
Las personas en situación migratoria fueron trasladadas a la Comandancia Central de la Guardia Civil Estatal para su certificación médica y puestas a disposición del Instituto Nacional de Migración.
","['economic', 'health_and_safety', 'policy_prescription_and_evaluation']",positive,health_and_safety,1,0,0,0,0,1,0,0,1,0,0,0,0,0,¿Cómo es el sentimiento general de esta noticia?,positive,¿Qué tono tiene esta noticia?,positive
Noticia_32.txt,"Señala Ricardo Gallardo a 10 municipios potosinos con condiciones graves en la operación de sus policías

Tras la celebración de la Asamblea Nacional de Secretarios y Secretarias de Seguridad Pública que se realizó el día de ayer en la capital potosina, el gobernador Ricardo Gallardo Cardona comentó que la conclusión fue que el gran problema de seguridad en el estado está en los municipios, pues criticó que hay por los menos 10 a los que “les vale madre” la seguridad pública.
“A los municipios les falta más ponerse las pilas, les falta invertir en equipamiento, destinar más recursos a la seguridad pública y también vimos los temas de la vinculación a proceso. San Luis Potosí es de los estados que hace más vinculaciones y es ejemplo claro de que cuando hay armonía con el Poder Judicial las cosas se pueden hacer de forma diferente”, señaló.
El gobernador señaló como “indispensable” el seguir exigiendo a los presidentes municipales para que se pongan “las pilas” y colaboren en el combate a la delincuencia, pero insistió en que “hay muchos municipios que realmente les vale madre la seguridad. Ya son dos años y siguen sin hacer cambios, siguen con lo mismo”.
Recordó que con los operativos que ha hecho la Secretaría de Seguridad y Protección Ciudadana (SSPC) en donde se ha intervenido a varias policías municipales y se ha detenido o separado a quienes eran los directores de las corporaciones, pues muchos de estos municipios ni siquiera han nombrado a nuevos directores de sus policías.
“En el caso del estado y la federación, a final de cuentas con los municipios siempre es remar contra corriente… yo creo que fácil 10 municipios es a los que les urge apretar en la materia. Les hemos hecho observaciones, les hemos hecho revisiones, han salido muy mal, tienen agentes que ni siquiera cuentan con ninguna capacitación, eso no es combatir al crimen, eso es ponerse del lado del crimen”, apuntó.
","['legality_constitutionality_and_jurisprudence', 'policy_prescription_and_evaluation', 'political']",neutral,policy_prescription_and_evaluation,0,0,0,0,1,1,0,0,0,0,0,0,1,0,¿Qué tono tiene el autor al escribir esta noticia?,neutral,¿Qué tono tiene esta noticia?,neutral
Noticia_33.txt,"Tras asegurar pipas de hidrocarburos en SLP, Protección Civil lamenta que chóferes “no saben ni lo que transportan”

El coordinador estatal de protección civil, Mauricio Ordaz Flores lamentó que los chóferes de carros-tanque que transportan hidrocarburos “ni siquiera saben lo que transportan"", como ejemplo reveló que el pasado fin de semana se detuvo a cinco vehículos de este tipo, precisamente por diversas irregularidades como esta.
Detalló que es un tema que se realiza de forma coordinada con la Guardia Nacional División de Caminos y que lo que corresponde a nivel estatal es llevar a cabo un análisis de volumetría para revisar las condiciones en las que se encuentran estos tanques de hidrocarburos, aunque el aseguramiento y resguardo si queda en manos de la federación.
Los transportes de carga deben contar siempre con un dictamen de Protección Civil estatal para transitar en San Luis Potosí, y  los chóferes deben de presentar una certificación que se obtiene al realizar diversas capacitaciones, de lo contrario procede el aseguramiento de la pipa.
“Muchas veces no presentan su acreditación los chóferes, es algo que prácticamente sucede en la zona huasteca y zona metropolitana… tienen que tener una certificación y una licencia especial y aparte conocer el origen y destino de los hidrocarburos, muchas veces no conocen que es lo que transportan”, manifestó Ordaz Flores.
Finalmente destacó la importancia de que los operadores conozcan qué tipo de producto están transportando, ya que depende de ello la forma en que tiene que actuar en caso de algún incidente o hecho de tránsito.
","['legality_constitutionality_and_jurisprudence', 'policy_prescription_and_evaluation', 'public_opinion', 'political']",neutral,policy_prescription_and_evaluation,0,0,0,0,1,1,0,0,0,0,0,1,1,0,¿Cómo es el sentimiento general de esta noticia?,neutral,¿Qué tono tiene esta noticia?,neutral
Noticia_66.txt,"Acusan comerciantes hostigamiento y extorsión por parte de trabajadores del Ayuntamiento de SLP

Dirigentes de diversas rutas de tianguistas establecidos en el municipio de San Luis Potosí, denunciaron ante medios de comunicación actos de extorsión y hostigamiento en su contra por parte de trabajadores de la dirección de Comercio Municipal del Ayuntamiento.
Los afectados por las presuntas extorsiones y hostigamientos, son las y los integrantes de los tianguis de Villa de Pozos y las ruta 20 y la ruta 8 del municipio de San Luis Potosí, según refirieron los dirigentes: Eduardo Hernández, Lidia Verdugo y Armando Martínez.
Eduardo Hernández, dirigente de la ruta 20, especificó que Marcos Hernández y Mario Rodriguez, inspectores del departamento de Plazas y Mercados de la Dirección de Comercio Municipal, son quienes han cometido actos de extorsión y hostigamiento contra los integrantes de la ruta de tianguis 20, ya que han apoyado a una persona que intenta apoderarse, presuntamente, de la dirigencia de esta ruta de tianguis.
Lee: Columpios gigantes, el nuevo atractivo de Real de Catorce para estas vacaciones
“A principios de 2023, se hicieron acompañar de una persona que se quiere hacer líder de la ruta 20, para que apoyen al otro dirigente. Han estado otorgando 40 espacios pegados a mi ruta”, comentó Eduardo Hernández, quien destacó que también han amenazado a la gente con que en caso de no apoyar al nuevo dirigente, presuntamente, podrían perder sus permisos de venta en vía pública.
Por su parte Lidia Verdugo, dirigente de comerciantes libres de Villa de Pozos, refirió que las autoridades de comercio de la delegación de Villa de Pozos, no han puesto orden entre los conflictos que tienen con la dirigente de la ruta 9, TeresaRamírez, quien fue señalada de dar cerca de 140 “tolerados” o espacios a nuevos comerciantes para integrar su ruta, cuando presuntamente sus permisos se limitan a diez personas.
Asimismo señaló que el coordinador de Comercio Municipal de la delegación, Manuel Jonguitud, ha realizado actos de hostigamiento “semana con semana” a los integrantes del tianguis de Villa de Pozos.
“Hacemos responsables a Comercio San Luis de todo lo que  le suceda a todos nuestros compañeros dirigentes y a nuestra persona”, agregó Lidia.
Te interesa: Advierte Ricardo Gallardo más cambios en su gabinete estatal
Mientras que Armando Martínez, dirigente del mercado sobre ruedas ruta 8, precisó que pese a los hostigamientos y actos de corrupción que han mantenido los jefes de inspectores del área de Comercio, el edil de la capital potosina, Enrique Galindo Ceballos no les ha concedido una mesa de diálogo para poderle expresar las situaciones que han estado viviendo por parte de la Dirección de Comercio, pese a que sí lo han solicitado de manera expresa.
“Es lamentable tener este tipo de situaciones, empezamos desde la cabeza que es Enrique Galindo Ceballos, quien nos utilizó pidiéndonos apoyo a su campaña, pero logró su objetivo y se olvidó de nosotros”, comentó Armando.
Las y los dirigentes sentenciaron que en caso de que el director de Comercio Municipal, Jorge García o el Ayuntamiento de San Luis Potosí, no tome cartas en el asunto, podrían emprender acciones para que se solucionen los actos de corrupción y hostigamiento en su contra,  “haremos lo que sea necesario, pero que se le dé solución a nuestros problemas”.
","['capacity_and_resources', 'morality', 'health_and_safety', 'quality_of_life', 'public_opinion', 'security_and_defense']",neutral,health_and_safety,0,1,1,0,0,0,0,1,1,1,0,1,0,0,¿Cuál es la actitud del autor en esta noticia?,neutral,¿Qué tono tiene esta noticia?,neutral
Noticia_67.txt,"Atenderá Ayuntamiento de SLP problema de calera ante posible afectación a salud de potosinos

El Ayuntamiento de San Luis Potosí atenderá la solicitud de vecinos del Fraccionamiento La Florida por la inconformidad con la reactivación de producción de cal de la empresa Calidra que, aseguran, generaría afectaciones de salud a las y los habitantes de la zona ubicada en la capital.
El presidente municipal de San Luis Potosí, Enrique Galindo Ceballos, sostuvo una reunión con vecinos del fraccionamiento durante la mañana de este martes en la cual se acordó estudiar los mecanismos en los que puede intervenir el Ayuntamiento respecto al tema, ya que al tratarse de un problema ambiental implica también la actuación del gobierno federal y la Secretaría de Ecología y Gestión Ambiental del estado.
“Sabemos que las licencias de funcionamiento no se autorizaron bien, yo voy a revisar el caso, los vecinos quieren que se suspenda el funcionamiento de la producción”, comentó el edil de la capital.
Francisco Romero, vecino de La Florida, explicó que a través de las mesas de diálogo se va a establecer la ruta de acciones para evitar problemas a la salud de las y los habitantes de este perímetro, ya que desde hace unos días la calera inició operaciones y aunque no trabaja al 100% de su capacidad, sí les genera temor.
""Vemos impunidad y corrupción, vemos que está administración tiene la oportunidad de hacer las cosas bien”, puntualizó Francisco Romero.
La instalación de la empresa Calidra se realizó hace casi ocho años cerca del Fraccionamiento La Florida, en una zona no apta para sus operaciones, ya que el área está catalogada con un uso de suelo habitacional. La problemática de los permisos y autorizaciones para que Calidra opere iniciaron desde la administración municipal del expresidente municipal Mario García Valdez.
","['economic', 'capacity_and_resources', 'morality', 'health_and_safety', 'public_opinion']",positive,health_and_safety,1,1,1,0,0,0,0,0,1,0,0,1,0,0,¿Cuál es la intención emocional del autor?,positive,¿Qué tono tiene esta noticia?,positive
Noticia_71.txt,"Congreso realiza conversatorio sobre reforma contra la violencia política de género

En la sede principal del Congreso del Estado se llevó a cabo el conversatorio sobre la iniciativa aprobada contra la violencia política en razón de género, presentada por la diputada Aurora Sierra Rodríguez.
El objetivo fue informar y sensibilizar a la sociedad civil sobre las reformas y adiciones a la Ley para el Acceso de las Mujeres a una Vida Libre de Violencia del Estado de Puebla.
La iniciativa fue aprobada con el propósito de considerar violencia política contra las mujeres en razón de género el amenazar o intimidar con la pérdida de su vida o integridad, con demandarla o con divulgar hechos falsos, información privada o que se conoce con motivo de una relación de pareja, familiar o de amistad o con cualquier otro tipo de amenaza.
Además, menoscabar a una mujer precandidata, candidata o en ejercicio de sus funciones con motivo de su vínculo de pareja o ex pareja, con el objetivo de denostar su autonomía, negar su individualidad y personalidad propia o mostrar dependencia, inferioridad o subordinación.
Durante el conversatorio que se llevó a cabo en el Salón Miguel Hidalgo del Congreso local, la diputada Aurora Sierra Rodríguez señaló que la ampliación del concepto de violencia política en razón de género evitará que las mujeres en ejercicio de sus funciones sean invisibilizadas o violentadas por hechos o cuestiones que faltan a la verdad o menoscabándolas y minimizándolas por cuestiones de pareja.
“Para que ninguna mujer sea obstaculizada, limitada o deslegitimada en su participación y ejercicio de sus derechos políticos. Para que ninguna mujer en el estado tenga que padecer su apellido, su condición de vínculo social o le nieguen el acceso del ejercicio de sus funciones por este tipo de violencia”, comentó.


La legisladora Aurora Sierra puntualizó que con esta iniciativa se establece que la violencia política no solo se ejerce en el ámbito político-electoral, sino también en espacios que tienen que ver con el ejercicio de la función pública.
Por su parte, la diputada Nora Merino Escamilla señaló que la aprobación de esta iniciativa es el resultado de un proceso de lucha a favor de las mujeres, que seguramente representará el inicio de nuevas reformas a los ordenamientos legales para que nunca más una mujer en la política se tenga que esconder por divulgar hechos falsos.
En este evento participaron las diputadas Azucena Rosas Tapia y Nora Merino Escamilla, el diputado Rafael Micalco Méndez; la magistrada presidenta del Tribunal Electoral del Estado de Puebla, Idamis Pastor Betancourt; el presidente de la Comisión de Derechos Humanos del Estado de Puebla, José Félix Cerezo Vélez; y la secretaria para la Igualdad Sustantiva de Género del Ayuntamiento de Puebla, Karina Romero Alcalá.
",['public_opinion'],neutral,other,0,0,0,0,0,0,0,0,0,0,0,1,0,0,¿Cuál es la actitud del autor en esta noticia?,neutral,¿Qué tono tiene esta noticia?,neutral
Noticia_72.txt,"Remoción de párroco en templo de “El Saucito” ya estaba planeada, pero se adelantó para evitar agresiones: Iglesia de SLP

El vocero del arzobispado de San Luis Potosí, Tomás Cruz Perales, precisó que la remoción del párroco del Templo de Nuestro Señor de Burgos en “El Saucito” ya se tenía contemplada y fue por solicitud del propio religioso, aunque reconoció que la decisión tuvo que adelantarse como consecuencia de las manifestaciones de la semana pasada en la que la Iglesia y sus líderes se vieron envueltos en acusaciones infundadas.
El padre Jesús Omar Salazar Martínez, de acuerdo con el vocero, dijo sentirse agredido con las manifestaciones hechas por pobladores de esta localidad en contra de un puente a desnivel en la zona. Ante esto, el arzobispo consideró adecuado hacer el cambio para evitar alguna confrontación.
“Ya dentro de la Iglesia hay un proyecto de 12 cambios de sacerdotes y estaba contemplado el padre Omar, pero en este caso ciertamente el padre se adelantó y pidió su remoción a partir esta situación que se provocó por el bloqueo del templo y el señor Arzobispo aceptó para evitar algún conflicto o alguna agresión”, precisó.
Por el momento, se decidió nombrar al padre Marco Antonio Luna como administrador parroquial temporal. Cruz Perales indicó que la asignación no es definitiva, pero que ejercerá mientras se vuelve a encausar el trabajo pastoral en El Saucito.
Sobre el caso del padre Omar, el vocero abundó en que realmente no hubo ninguna agresión física ni algo más allá del bloqueo de los accesos a la Iglesia; celebró que afortunadamente hubo diálogo, diálogo con la iglesia y que actualmente ya también hay una mesa de diálogo entre inconformes y las autoridades.
Finalmente insistió en que la iglesia católica potosina siempre estará a favor del progreso y por supuesto si este proyecto de infraestructura cumplió con las normativas y las autorizaciones que garantizan que no se afectará el templo, ""pues no se puede tener objeción"".
Llamó a que siempre se debe priorizar el diálogo por lo que calificó como adecuada la decisión del alcalde Enrique Galindo Ceballos de no iniciar los trabajos en tanto no se llegue a algún acuerdo.
",['crime_and_punishment'],negative,crime_and_punishment,0,0,0,0,0,0,1,0,0,0,0,0,0,0,¿Cómo describirías el tono de esta noticia?,negative,¿Qué tono tiene esta noticia?,negative
Noticia_3.txt,"SLP, primer municipio en México en contar con una “Guía de actuación de violencia política digital en razón de género”

El municipio de San Luis Potosí se convirtió en el primer municipio a nivel nacional en contar con un mecanismo de actuación que explica paso a paso qué pueden hacer las mujeres en caso de ser víctimas de violencia política en razón de género a través de medios digitales.
Durante la mañana de martes, la Instancia de las Mujeres del Ayuntamiento de San Luis Potosí presentó la “Guía de actuación de violencia política digital en razón de género”, luego de meses de trabajo para poder dotar a la ciudadanía en funciones de política, y en especial en temporada electoral, de un mecanismo de actuación en estos casos.
Guadalupe Almaguer, directora de la Instancia de las Mujeres, expresó que el eje central de la guía es el poder proteger los derechos de las mujeres en espacios políticos y digitales, ya que enfatizó que “las mujeres en la toma de decisiones y que hacemos política no podemos hacerlo solas”.
La guía se creó a petición de la regidora de la administración capitalina, Alexandra Daniela Cid González, quien hace algunos años fue víctima de acoso y amenazas a través de redes sociales tras contender a un cargo público, en donde además se filtraron sus datos personales, lo que ocasionó que su integridad física y la de su familia corrieran peligro.
Por su parte el presidente municipal de San Luis Potosí, Enrique Galindo Ceballos, celebró la creación y presentación de la guía, misma que dijo se imprimirá para que pueda utilizarse durante el próximo ejercicio electoral en 2024.
","['crime_and_punishment', 'legality_constitutionality_and_jurisprudence', 'fairness_and_equality', 'economic', 'public_opinion', 'external_regulation_and_reputation']",negative,external_regulation_and_reputation,1,0,0,1,1,0,1,0,0,0,0,1,0,1,¿Qué sentimiento evoca esta noticia?,negative,¿Qué tono tiene esta noticia?,negative
Noticia_4.txt,"¡Adiós! Avión presidencial deja México; va rumbo a República de Tayikistán

En punto de las 16:18 horas despegó el que fuera el avión presidencial del Aeropuerto Internacional de la Ciudad de México (AICM) con un primer destino de Los Ángeles, California, y posteriormente llegará a Tayikistán, gobierno comprador de la aeronave.
El avión presidencial despegó de la pista 23 izquierda con destino a Estados Unidos para realizarle las adecuaciones y mantenimiento necesario, así como pintura.
Hoy el titular de Banobras, Jorge Mendoza, adelantó en la mañanera que esta tarde el Boeing 787, comprado por el gobierno de Felipe Calderón, saldría del país.
La venta del avión presidencial fue una promesa de campaña del presidente Andrés Manuel López Obrador.
Durante la mañanera de hoy del presidente Andrés Manuel López Obrador en Palacio Nacional, se detalló que el avión fue vendido por mil 658.7 millones de pesos, 92.1 millones de dólares, y que el precio no podía ser menor al valor comercial determinado por el Instituto de Administración y Avalúos de Bienes Nacionales.
Se explicó que existe un arrendamiento entre la Secretaría de Hacienda, la Secretaría de Defensa y Banobras, y se utilizarán mil 229.8 millones de pesos para pagar el arrendamiento a Banobras, pero se regresará en su totalidad al gobierno para construir dos hospitales, uno en Oaxaca y otro en Guerrero.
Además que 196.8 millones de pesos se utilizarán para el pago de IVA; 33.2 millones de pesos se destinarán para pagar una comisión al Instituto para Devolverle al Pueblo lo Robado y 198.9 millones de pesos serán enviados a la Tesorería de la Federación.
De 2019 a 2021, el Gobierno de México recibió 86 expresiones de interés en comprar el avión, que pidieron informes o visitaron el avión; en 2022, fueron sólo cuatro, y este año, otras cuatro, entre las que estaba la de Tayikistán.
El avión es para 80 pasajeros, fue fabricado en 2010 y tiene mil 959 horas de vuelo; fue adquirido en 2012 para ser usado por el expresidente Enrique Peña Nieto.
El avión presidencial tuvo una baja en su valor comercial, ya que en 2019 tenía un valor de 2 mil 397.6 millones de pesos y este año ya se había reducido a mil 657 millones de pesos.
","['political', 'legality_constitutionality_and_jurisprudence']",neutral,political,0,0,0,0,1,0,0,0,0,0,0,0,1,0,¿Qué tipo de tono predomina en este texto?,neutral,¿Qué tono tiene esta noticia?,neutral
Noticia_6.txt,"Petro se reúne con raizales en San Andrés: los retos que siguen tras fallo de La Haya



                           

                             



El presidente Gustavo Petro se encuentra en San Andrés y se tiene previsto que estará la primera parte de este 20 de julio en la isla. El plan inicial era viajar el pasado 13 de julio para recibir desde allá el fallo de la Corte Internacional de Justicia por la demanda que interpuso Nicaragua en 2013, pero al final la visita se canceló y se decidió reprogramarla para este jueves.



El jefe de Estado llegó a la isla este 19 de julio y en la tarde se reunió con el 'raizal team', un grupo de raizales que fue consultado constantemente desde hace 10 años por el equipo de defensa de Colombia en el pleito con Nicaragua. 



Su rol fue conocer y desarrollar las ideas de la comunidad raizal sobre los procesos, así como ""realzar su presencia histórica en las áreas del Archipiélago y la enorme importancia que ha tenido como hábitat y como fundamento de su esencia cultural, social y económica"", explica la Cancillería. 



El mandatario se reunió con parte de este grupo y otros raizales. Esta comunidad ha reclamado que tras el fallo, es importante concentrarse en las necesidades económicas y sociales que tiene la isla, así como también el desafío de la negociación diplomática que se avecina con el país centroamericano que perdió su demanda contra Colombia.  Si bien la disputa con Nicaragua quedó cerrada en su aspecto jurídico, sigue sin resolverse cómo se cumplirá el fallo del 2012, que aunque reafirmó la soberanía nacional sobre el archipiélago de San Andrés, sí afectó unos 70.000 kilómetros de mar territorial colombiano.



“Ahora se deben definir las fronteras con el Caribe, que quedaron desdibujadas con el fallo de 2012, y comenzar a retomar la normalidad en San Andrés (...) El tema del diferendo nos ha cortado relación y cercanía con el Caribe y eso es lo que queremos recuperar”, asegura Harold Bush, politólogo raizal.



Para varios analistas, la negociación diplomática de límites es el paso a seguir, pero en este proceso ya no intervendrá La Haya, que ya sentó una posición definitiva e inapelable.



“Lo único que habría, y puede darse en esta discusión, es que Nicaragua solicite alguno de los recursos, aunque recordemos que aquí no hay apelaciones. Estos son fallos en última y única instancia”, explicó Carlos Enrique Arévalo, decano de la Facultad de Derecho de la Sabana.



En ese sentido, Colombia ha mantenido su posición de que una modificación de su territorio por el solo fallo del 2012 no es posible, por prohibición constitucional. De esta forma, la única ruta sería la de negociar un nuevo tratado con Managua, acuerdo que en todo caso deberá ser ratificado por el Congreso y avalado por la Corte Constitucional.



Dicha negociación no sería sencilla, pues las relaciones entre Bogotá y Managua pasan por momentos de tensión luego de que en febrero pasado el gobierno de Gustavo Petro condenó el destierro de cientos de presos políticos por parte del régimen de Daniel Ortega.Pese a esto, los expertos coinciden en que es imperativo sentarse a dialogar, pues lo que está en juego es el futuro de los habitantes del archipiélago.



“Existen asuntos que requieren la cooperación entre los Estados para la garantía de los derechos de los raizales, especialmente en cuanto a los asuntos de pesca, la protección medioambiental y lucha contra la criminalidad transnacional”, recordó Carolina Olarte, coagente de Colombia en el caso.

","['security_and_defense', 'external_regulation_and_reputation', 'cultural_identity']",neutral,security_and_defense,0,0,0,0,0,0,0,1,0,0,1,0,0,1,¿Qué sentimiento evoca esta noticia?,neutral,¿Qué tono tiene esta noticia?,neutral
Noticia_13.txt,"Alicia Bárcena será la nueva secretaria de Relaciones Exteriores, en sustitución de Ebrard

El presidente Andrés Manuel López Obrador anunció que la embajadora de México en Chile, Alicia Bárcena, será la nueva secretaria de Relaciones Exteriores (SRE) en sustitución de Marcelo Ebrard, quien renunció al cargo para enfocarse en buscar la candidatura presidencial de Morena.
En conferencia de prensa, el jefe del Ejecutivo federal destacó que la próxima canciller es ampliamente conocida en América Latina y el Caribe y aseguró que “vamos a estar bien representados” pues destacó que la diplomática es una profesional, una mujer con convicciones y con principios.
Detalló que mientras toma el cargo, estará como encargada de despacho la subsecretaría de la SRE, Carmen Moreno Toscano.
""Como se sabe, (Marcelo Ebrard) pidió salir de la Secretaría para llevar a cabo labores partidistas. Bueno... mientras ocupa el cargo la nueva secretaria de Relaciones Exteriores, va a estar encargada de despacho, como lo establece el procedimiento, la diplomática Carmen Moreno Toscano, que actualmente se desempeña como subsecretaria de la Secretaría de Relaciones Exteriores.
El presidente López Obrador indicó que debido a que actualmente Alicia Bárcena se desempeña como embajadora de México en Chile tardará al menos 10 días en tomar el cargo.
“Ya he designado para ocupar ese cargo a la también diplomática Alicia Bárcena. Ella va a ser la próxima secretaria de Relaciones Exteriores. En 10 días porque esta de embajadora de México en Chile. Ella tiene una carrera amplísima en el campo de la diplomacia. Es una mujer muy inteligente, capaz.
“Ella va estar a cargo de la Secretaría de Relaciones Exteriores. Estoy muy contento, porque vamos a estar bien representados. Es una profesional, una diplomática, un mujer con convicciones, con principios y nos va a ayudar en este ultimo tramo del gobierno” dijo.
Informó que Alicia Bárcena inició en el servicio público como subsecretaria de Ecología del gobierno federal, y detalló que la nueva canciller es egresada de la Facultad de Biología de Ciencias de la UNAM y tiene una maestría en administración publica en la Universidad de Harvard.
En Palacio Nacional, el Mandatario federal destacó que Alicia Bárcena fungió como secretaria ejecutiva de la Comisión Económica para América Latina y el Caribe (CEPAL) de 2008 hasta marzo de 2022, además de que trabajó en múltiples puestos en la ONU en las administración de Kofi Annan y de Ban Ki-Moon.
“Es ampliamente conocida en toda América Latina y en el Caribe”, dijo.
Recordó que el 30 de septiembre del año pasado inició funciones como embajadora de México en Chile.
Indicó que una de sus tareas de Alicia Bárcena en Chile ha sido conmemorar la solidaridad de México a 50 años del Golpe de Estado y el destaco papel de Salvador Allende, además de apoyar la ceremonia de conmemoración de los 100 años de la travesía de Gabriela Mistral a México.
","['public_opinion', 'political', 'policy_prescription_and_evaluation']",neutral,political,0,0,0,0,0,1,0,0,0,0,0,1,1,0,¿Qué tono tiene el autor al escribir esta noticia?,neutral,¿Qué tono tiene esta noticia?,neutral
Noticia_14.txt,"AMLO confirma que “hay posibilidad” de vender el avión presidencial

Al señalar que no podía dar detalles, el presidente Andrés Manuel López Obrador confirmó que “hay la posibilidad” que se venda el avión presidencial TP01 resguardado por la Fuerza Aérea Mexicana.
“Estamos viendo todo este asunto, no sé cómo se enteraron ustedes, son Mirones profesionales. Hay un acuerdo, o sea se estaba viendo, pero todavía no sé si ya se firmó, pero vamos a esperarnos, pero sí hay esa posibilidad”, expresó.
Esta mañana, Bajo Reserva de EL UNIVERSAL adelantó la venta del avión presidencial TP-01.
Se conoció que este jueves Banobras firmó la venta del lujoso Boing B787 Dreamliner para uso ejecutivo, y se va hasta la República de Tayikistán.
Al cuestionar al Presidente en su conferencia mañanera respondió que no podía ahondar en detalles.
“No puedo decir más, solo que al obtenerse ese recurso se va a destinar para dos hospitales, uno en Tlapa la Montaña de Guerrero y otro en Tuxtepec, Oaxaca.
“No puedo hablar más, de todas formas, se venda o no se venda el avión, esos hospitales los vamos a hacer, pero si me gustaría que ese dinero se destine a esos dos hospitales del IMSS-Bienestar”, señaló.
","['morality', 'cultural_identity', 'political']",positive,morality,0,0,1,0,0,0,0,0,0,0,1,0,1,0,¿Qué tono tiene el autor al escribir esta noticia?,positive,¿Qué tono tiene esta noticia?,positive
Noticia_15.txt,"AMLO pone en pausa las relaciones comerciales y económicas con Perú

El presidente Andrés Manuel López Obrador puso “en pausa” la relación de México con el gobierno de Perú y advirtió que no entregará a la presidencia de la Alianza del Pacífico a Dina Boluarte mientras siga usurpando la presidencia del país andino.
“Pues yo se la puedo entregar a Chile sin ningún problema, a Gustavo Petro (presidente de Colombia) no porque también a él lo declararon no grato, entonces se la entrego a los chilenos…”, dijo.
“Pero no se lo voy a entregar a la señora que está usurpando la presidencia. Mientras no haya normalidad democrática en Perú no queremos relaciones económicas ni comerciales con ellos”.
En conferencia de prensa, el Jefe del Ejecutivo señaló que no se trata de romper relaciones con Perú, sino de una pausa.
El presidente López Obrador arremetió al señalar que ellos no son el pueblo y que Boluarte solo tiene el 23% de aprobación entre la población de Perú.
Sobre la entrega de la presidencia de la Alianza del Pacífico –que le corresponde a Perú, pero no fue entregada porque fue destituido el presidente Pedro Castillo- el presidente López Obrador dijo que le enviará una carta al presidente de Chile, Gabriel Boric, para que “ya no nos estén echando la culpa a nosotros los politiqueros en el Perú”.
La carta podría enviársela la próxima semana cuando concluya su gira por el proyecto Interoceánico del Istmo.
El pasado lunes, la Comisión de Relaciones Exteriores del Congreso de Perú aprobó una moción que rechaza las declaraciones del presidente López Obrador y lo declara “persona non grata”.
Tras ser declarado como persona non grata en Perú, el presidente Andrés Manuel López Obrador ironizó al señalar que no podrá conocer Machu Picchu.
“El pueblo de Perú es extraordinario, ahí están los incas, sino puedo ir a Perú lo único que lamentó es no poder ir a Machu Picchu, eso es lo único y desde luego a ese pueblo extraordinario, bueno, es mucho pueblo el de Perú para tan poco gobierno”.
El presidente Andrés Manuel López Obrador agradeció a los legisladores peruanos que votaron en contra de declararlo persona non grata.
“Gracias a los que no votaron que me consideraron no grato, hubo quienes votaron en contra de esa propuesta, pero los cepillaron”.
","['political', 'legality_constitutionality_and_jurisprudence']",neutral,political,0,0,0,0,1,0,0,0,0,0,0,0,1,0,¿Qué percepción transmite el tono de la noticia?,neutral,¿Qué tono tiene esta noticia?,neutral
Noticia_16.txt,"Del “charoleé” hasta “muerto que vos matáis”: las frases de AMLO en su reaparición tras su tercer Covid

El presidente Andrés Manuel López Obrador reapareció este miércoles luego de ausentarse unos tres días por el anuncio de un tercer Covid. Ante las especulaciones que surgieron sobre su estado de salud, el mandatario dio un mensaje en video para informar de lo sucedido.
Básicamente dijo que estaba bien, confirmó que sí sufrió un desmayo aunque transitorio, pero que por fortuna no fue nada de gravedad. ""Estamos bien y de buenas"", dijo. Aprovechó también para mandar un mensaje a sus adversarios, y entre frases, esto fue lo que dijo…
*“Se me complicó porque me fui a una gira muy intensa, en Veracruz, por el cambio de clima, fui después a Quintana Roo, estuve en Mérida y ahí me hizo crisis"".
* “Se me bajó de repente la presión y estando en una reunión con ingenieros militares, evaluando el Tren Maya (…) como que me quede dormido, fue una especie de vaguido”.
* “No perdí el conocimiento, sí tuve esa situación de desmayo transitorio y por la baja de presión querían llevarme en camilla y en ambulancia a un hospital”.
* “El señor secretario (de la Defensa) pidió que me atendieran, yo no acepté, los charoleé, les dije: él es el general secretario, pero yo soy el comandante supremo de las Fuerzas Armadas, entonces no me van a llevar a ningún lado, aquí en este sillón me van a atender”.
* “No hubo ninguna afectación en el corazón, el cerebro ni nada, decidí venir a la Ciudad de México, me trasladaron en una ambulancia área, pero no en camilla, venia yo consciente”.
*“Empezaron las especulaciones, porque mis adversarios tienen mucha imaginación, es como decirles ahora: muerto que vos matáis goza de cabal salud”.
* “Estoy trabajando, ya escribí borradores de dos discursos: para el día primero por el Dia del Trabajo y el 5 de mayo por la Batalla de Puebla”.
Antes del videomensaje de López Obrador, el secretario de Gobernación, Adán Augusto López Hernández, informaba que no hubo mensaje del presidente en el cónclave de gobernadores de Morena y aliados en Palacio Nacional.
“Ya aparecerá, tengan paciencia”, decía entonces López Hernández. Al término de la reunión que duró casi dos horas, el secretario de Gobernación dijo que los temas que se trataron fueron seguridad y el avance de los programas sociales.
“Fue una reunión que ya se tenía programada, la evaluación de la estrategia nacional de seguridad y de los programas del Bienestar”, indicó.
","['political', 'public_opinion', 'morality', 'crime_and_punishment']",neutral,political,0,0,1,0,0,0,1,0,0,0,0,1,1,0,¿Qué emoción o tono se refleja en esta noticia?,neutral,¿Qué tono tiene esta noticia?,neutral
Noticia_17.txt,"Ealy Lanz Duret, al frente de Grupo de Diarios América

Miami, Florida. – Juan Francisco Ealy Lanz Duret, Vicepresidente y Director General de EL UNIVERSAL, fue designado presidente del Grupo de Diarios América, para el periodo 2023-2025, y en su mensaje de toma de posesión aseguró que juntos, los principales periódicos de América Latina sortearán con éxito los desafíos que presentan los nuevos tiempos en el negocio de la comunicación y el periodismo.
Grupo de Diarios América (GDA) es un consorcio que agrupa a los doce periódicos independientes con más influencia en Latinoamérica: La Nación, de Argentina; O Globo, de Brasil; El Mercurio de Chile; El Tiempo, de Colombia; La Nación, de Costa Rica; El Comercio, de Perú; El Nuevo Día, de Puerto Rico; El País, de Uruguay; El Nacional, de Venezuela; La Prensa Gráfica, de El Salvador, y a El Gran Diario de México. Además, a partir de este año se sumó Listín Diario, de República Dominicana.
“Asumo esta presidencia con una actualizada Visión, Misión y Propósito del GDA y con un claro Marco Estratégico, en cuyas vertientes trabajaré para hacer que todos los logros alcanzados a lo largo de los años se concreten y se traduzcan en la generación de ingresos para nuestras casas editoriales”, añadió.
Lanz Duret dijo que durante su gestión apoyará decididamente los procesos de innovación, los cambios tecnológicos y las nuevas ventanas de negocios.
Y añadió que también buscará un mayor trabajo conjunto en materia editorial. “Otra de mis prioridades será la de potenciar los esfuerzos cotidianos para generar una mayor colaboración editorial entre las empresas que integran el GDA, con la elaboración de contenidos de alta calidad que demuestren el profesionalismo y el importante alcance de nuestras compañías en las audiencias de la región, ávidas de información y noticias plenamente verificadas”.
El nuevo presidente del GDA hizo un reconocimiento al presidente saliente.
“Honor a quien honor merece y creo que es muy justo destacar la muy exitosa y productiva presidencia de Guillermo Scheck (CEO de El País, de Uruguay), durante la cual se creó y aprobó la Política de Admisión y Participación de Socios e Invitados al GDA, que hoy nos permite sumar a nuestros colegas dominicanos para fortalecer nuestra muy consolidada sociedad editorial y de negocios”.
Finalmente, Ealy Lanz Duret propuso que la próxima reunión del GDA se realice en otoño en territorio mexicano, en Mérida, Yucatán.
“Como mexicano, quiero decirles que estoy orgulloso de mi país, que al igual que el resto de las naciones de América tiene retos por vencer, pero que siempre ha sido un actor fundamental en los ámbitos del periodismo, la defensa de la libertad de expresión y la democracia. Es por eso que, con gran convicción, les propongo que nuestra próxima reunión semestral se lleve a cabo en la ciudad de Mérida, en el próspero y bello estado de Yucatán. En esta entidad del sureste mexicano ustedes podrán apreciar el esplendor de la cultura Maya y darse un tiempo para trasladarse a legendaria ciudad de Chichén Itzá, centro cultural y político de la antigua civilización, actual Patrimonio de la Humanidad y una de las Maravillas del Mundo, además de que recibirán la calidez y atención de los yucatecos”, finalizó el nuevo presidente del GDA.
",['political'],neutral,political,0,0,0,0,0,0,0,0,0,0,0,0,1,0,¿Qué emoción o tono se refleja en esta noticia?,neutral,¿Qué tono tiene esta noticia?,neutral
Noticia_18.txt,"Gobierno de AMLO es ya el más violento: impone récord histórico de 156 mil 136 asesinatos

La administración del presidente Andrés Manuel López Obrador impuso récord de 156 mil 136 asesinatos registrados en el periodo de diciembre de 2018 al 24 de mayo de 2023, por lo que es ya el sexenio más violento de la historia reciente de México.
Según cifras del Instituto Nacional de Estadística y Geografía (Inegi), del Secretariado Ejecutivo del Sistema Nacional de Seguridad Pública (Sesnsp) y del Reporte Diario de la Secretaría de Seguridad y Protección Ciudadana (SSPC), la llamada Cuarta Transformación, creadora de la estrategia “Abrazos, no Balazos”, superó las 156 mil 066 víctimas de homicidio doloso contabilizadas en el sexenio del priista de Enrique Peña Nieto, que tenía la marca como el más sangriento.
El año pasado, el gobierno de López Obrador rebasó los 120 mil 463 asesinatos del sexenio de Felipe Calderón Hinojosa, y antes los 60 mil 280 alcanzados en la gestión del panista Vicente Fox Quesada.
De ahora en adelante, cada día que transcurra se impondrá nuevo récord de violencia homicida en el acumulado de muertes intencionales durante el primer gobierno de izquierda.
A año y medio de concluir, la administración del presidente López Obrador cuenta con varios récords en materia de homicidios dolosos, en números absolutos.
Según cifras del Inegi, en 2020 se registraron en el país 36 mil 773 asesinatos, lo que es considerado el año más violento de que se tenga registro. Le siguen 2019, con 36 mil 661; 2021, 35 mil 700; 2022, 31 mil 944.
De enero a mayo, suman 11 mil 967 asesinatos, según datos estadísticos del Sesnsp y del Reporte Diario de la SSPC.
Además, acumula el mayor número de meses con más de 3 mil asesinatos: octubre de 2020, 3 mil 347; diciembre de 2019, 3 mil 309; diciembre de 2020, 3 mil 207; octubre 2919, 3 mil 198; marzo 2021, 3 mil 186.
El gobierno de López Obrador también registra los días más violentos de que se tenga registro: 1 de diciembre de 2019, 127 asesinatos; 24 de mayo de 2022, 118; 7 de junio de 2020, 117; 4 de julio de 2021, 115.
También se han registrado diversas masacres en su periodo de gobierno; por ejemplo, en abril de 2019 al menos 14 personas fueron asesinadas cuando se encontraban en una fiesta en Minatitlán, Veracruz, lo que aceleró el despliegue de la naciente Guardia Nacional.
En agosto de 2019, un ataque de la delincuencia organizada en el bar “El Caballo Blanco”, en Coatzacoalcos, Veracruz, dejó como saldo 29 muertos; meses después, 9 integrantes, entre ellos 6 niños, de las familias LeBarón y Langford en Bavispe, Sonora, fueron asesinados.
En el municipio de Irapuato, un grupo armado asesinó a 24 jóvenes al interior de un centro de rehabilitación sin registro oficial en julio de 2020, en lo que es considerado el mayor ataque homicida en Guanajuato, el estado más violento del país en números absolutos.
En junio de 2022, 18 personas murieron en un enfrentamiento en la sierra de Valparaíso, Zacatecas, entidad azotada por la disputa territorial entre los cárteles de Sinaloa y Jalisco Nueva Generación.
En abril de 2022, presuntos integrantes de la Familia Michoacana masacraron a 20 personas en un palenque en Michoacán.
","['security_and_defense', 'fairness_and_equality', 'cultural_identity']",positive,security_and_defense,0,0,0,1,0,0,0,1,0,0,1,0,0,0,¿Cómo describirías el tono de esta noticia?,positive,¿Qué tono tiene esta noticia?,positive
Noticia_19.txt,"Lanzan México y EU plan global contra el fentanilo

El embajador de Estados Unidos en México, Ken Salazar, dijo que como parte de los acuerdos de autoridades de los dos países en materia de seguridad se concretó lanzar un plan de acción global contra el fentanilo que a abarca a Europa y Centro América.
En rueda de prensa en la residencia oficial del embajador en la Ciudad de México, informó de las 9 acciones que acordaron ambos gobiernos para frenar también el tráfico de armas a México y desarticular las células de los cárteles que distribuyen fentanilo en 47 estados de esa nación.
“La manera que lo vemos en esta lucha global, es que se tiene que unir el mundo, esto no es nada más de Estados Unidos y México. El presidente López Obrador mandó una carta al presidente de China, los gobiernos de Europa están viendo lo que está pasando ahí con el fentanilo. Por eso es secretario Blinken, con el apoyo del canciller Marcelo Ebrard, lo están viendo como manera global, que tenemos que tener ese tipo de respuesta, lo mismo que lo tuvimos contra el Covid”, apuntó.
Indicó que en las investigaciones de su gobierno para combatir el tráfico de fentanilo se trabajó con varios países y reiteró que los precursores vienen desde China, pero se trafican a Estados Unidos vía México.





","['political', 'legality_constitutionality_and_jurisprudence']",neutral,legality_constitutionality_and_jurisprudence,0,0,0,0,1,0,0,0,0,0,0,0,1,0,¿Qué emoción o tono se refleja en esta noticia?,neutral,¿Qué tono tiene esta noticia?,neutral
Noticia_20.txt,"México y EU sostienen reunión por fentanilo en la Casa Blanca

Los gobiernos de México y Estados Unidos tuvieron una reunión bilateral en la Casa Blanca, en Washington, donde abordan temas de seguridad, entre los que destacan el tráfico de fentanilo.
En el encuentro privado, el canciller Marcelo Ebrard señaló que la instrucción que tienen es identificar cuáles son las acciones adicionales que pueden tomar para que el Entendimiento Bicentenario tenga mejores resultados en dos indicadores: reducción y muertes por fentanilo y reducción de violencia en México por armas de fuego.
""Ese es el objetivo de la presencia aquí y venimos en esa disposición"", añadió.
Además, agradeció especialmente la presencia de Alejandro Gertz Manero, fiscal general de la República.
Por parte de México, también participan los secretarios Seguridad Pública, Rosa Icela Rodríguez; Defensa, Luis Cresencio Sandoval; Marina, José Rafael Ojeda; Salud, Jorge Alcocer; el general de División, Audomaro Martínez Zapata; el titular de la Comisión Federal para la Protección contra Riesgos Sanitarios, Alejandro Ernesto Svarch; el embajador Esteban Moctezuma y del jefe de la Unidad para América del Norte de la SRE, Roberto Velasco, entre otros altos funcionarios.
","['legality_constitutionality_and_jurisprudence', 'political', 'capacity_and_resources', 'public_opinion']",positive,political,0,1,0,0,1,0,0,0,0,0,0,1,1,0,¿Cuál es la actitud del autor en esta noticia?,positive,¿Qué tono tiene esta noticia?,positive
Noticia_21.txt,"No hay nada que ocultar, AMLO se está recuperando, dice Adán Augusto López

El secretario de Gobernación, Adán Augusto López Hernández, aseguró que quienes señalan que el presidente Andrés Manuel López Obrador tuvo un desvanecimiento o infarto son voces que nutren la desinformación, “como dice el libro más leído en la historia de la humanidad: esos son los que tienen podrida el alma”.
En la conferencia mañanera, en ausencia de López Obrador porque se recupera de Covid-19, Adán Augusto López afirmó que ""no hay nada que ocultar"" en torno a la salud del presidente de México.
“No hay nada que ocultar, hemos dicho desde el primer momento cuál es la situación y que el Presidente se está recuperando”, mencionó.
López Hernández rechazó que el presidente López Obrador fuera atendido en un hospital militar.
“Durante la mañana del domingo, cuando llegaba a la primera actividad de la gira que tenía, iba ya con síntomas de resfriado, por prevención y protocolo se hacen las pruebas de Covid e Influenza. Ante ello, iniciaron las reuniones y en el procedimiento del análisis se sugirió acortar la duración de la última reunión y se decidió trasladarlo a la Ciudad de México en prevención para evitar contagios con quienes estuviesen con él”, describió el secretario de Gobernación.
","['policy_prescription_and_evaluation', 'health_and_safety', 'public_opinion']",negative,policy_prescription_and_evaluation,0,0,0,0,0,1,0,0,1,0,0,1,0,0,¿Qué emoción o tono se refleja en esta noticia?,negative,¿Qué tono tiene esta noticia?,negative
Noticia_22.txt,"Semar niega que México sea productor de fentanilo; acusa manipulación de medios en reportajes

Al acusar manipulación de un reportaje de medios ingleses sobre supuesta producción de fentanilo en México y que fue presentado en el noticiero de Ciro Gómez Leyva, el almirante José Rafael Ojeda Durán, secretario de Marina (Semar), rechazó “rotundamente” que México sea productor de fentanilo.
En conferencia de prensa del presidente López Obrador, el almirante secretario aseguró que el reportaje de presunta producción de fentanilo en Sinaloa “totalmente sacado de contexto”.
El titular de Marina reconoció que se han decomisado pastillas de fentanilo, pues señaló que el Ejército “ha decomisado muchas”, pero en las ciudades “no en los montes”.
“El día 2 de este mes, en el programa de Ciro Gómez Leyva sacó un video donde un reportaje de dos periodistas inglés de Fourth News y del Sky News. Vamos a presentarles a ustedes el video y la conclusión que nosotros sacamos, en donde rotundamente decimos, que no es un laboratorio de producción fentanilo.
En el video proyectado en el salón Tesorería, se escucha a Ciro Gómez Leyva recordar que el gobierno de Estados Unidos ha afirmado que el fentanilo se produce en México.
“Una y otra vez, en la semana reciente el gobierno de Estados Unidos ha afirmado que el fentanilo se produce en México con precursores químicos traídos de China, el gobierno mexicano lo niega parcialmente”, se escucha decir al periodista.
En réplica, el titular de Marina afirmó: “No lo vamos a negar parcialmente, lo vamos a negar totalmente”.
“No negamos que se haya decomisado pastillas de fentanilo, el Ejército ha decomisado muchas, pero en las ciudades, no en los montes. Saquen ustedes sus propias conclusiones”.
Al comentar el reportaje, el secretario aseguró que durante la proyección del video no se expone alguna prueba o análisis científico que dictamine que las sustancias son positivas a fentanilo, y si la intensión del video era demostrar que es fentanilo debieron justificarlo.
“Este se supone que es el periodista, está ante, según él, unos kilos de fentanilo, no trae guantes. Si fuera fentanilo, pues él lógicamente se tiene que cubrir porque es altamente tóxico, altamente dañino y lo pueden matar.
“Este proceso no es para sacar o secar la pasta del fentanilo, este proceso es para secar la pasta de la metanfetamina o del cristal.
“¿Ustedes creen que esta persona que está manipulando fentanilo no está cubierto? Esta triturando fentanilo en lugar abierto, las particulas vuelan. ¿Ustedes creen que si él sabe que es fentanilo va estar así (sin protección)? ¡Por favor!”, expresó.
","['policy_prescription_and_evaluation', 'economic', 'health_and_safety']",positive,policy_prescription_and_evaluation,1,0,0,0,0,1,0,0,1,0,0,0,0,0,¿Cuál es la intención emocional del autor?,positive,¿Qué tono tiene esta noticia?,positive
Noticia_30.txt,"Por las 'reformas sociales' del presidente Petro, vuelve la batalla en el Congreso



             

                             



Este jueves 20 de julio arranca una nueva legislatura en la que serán protagonistas las ‘reformas sociales’ -salud, pensional y laboral- que el presidente Gustavo Petro prometió impulsar desde la campaña electoral para lo que él llama cambios estructurales en el país. A pesar de su trascendencia, en el ambiente gravita la sensación de que al Gobierno le cogió la noche y aún no tiene un plan de acción que le asegure éxitos.



A diferencia del año pasado, en vísperas del periodo legislativo Petro y sus ministros se mostraban fuertes y con una estrategia sólida. Recién pasó su triunfo en las urnas, Petro se movió y logró un “Acuerdo Nacional”. Armó una coalición a la que sumó incluso hasta a partidos tradicionales: La U, Liberal y Conservador.



Con ellos aglutinó a su favor a 75 de 106 senadores y 125 de 186 representantes. En el gabinete, los ministros José Antonio Ocampo, Cecilia López, Alejandro Gaviria y Alfonso Prada se movían como peces en el agua en el Congreso, en donde el senador Roy Barreras era un operador político eficaz. Ninguno de ellos está hoy.



Para el presidente, estas tres reformas sociales más la tributaria son las patas de la mesa de la obra que quiere dejar. La de las finanzas, con la que va a recaudar $19,7 billones en este 2023 y $20 billones en cada uno de los tres años restantes de su cuatrienio, pasó sin dificultades. Casi todos los sectores aplaudieron esta decisión porque era necesaria para “atender la deuda social histórica que tiene el Estado con los más vulnerables”, como justificó el Presidente.



Hoy son otros tiempos. A horas del inicio de la Legislatura sigue la puja para las mesas directivas de Senado y Cámara –y suena con fuerza la posibilidad de que sean las plenarias las que decidan-. Es incierta la estrategia para mover los proyectos en el Congreso, el Gobierno dilapidó las mayorías parlamentarias y en el horizonte están las elecciones territoriales que seguro cobran la atención política.



Por reglas del juego, además, en esta nueva etapa las presidencias de Senado y Cámara ya no serán para el Pacto Histórico. Tanto Alexander López como David Racero, quienes tenían línea directa con el presidente, se despiden esta semana.



El reloj corre y el Gobierno no tiene resuelta esta situación. “El primer reto del gobierno debería ser lograr que las presidencias de comisiones estén en cabeza de congresistas que, así no sean del pacto, les sean afines”, dice el analista Gabriel Cifuentes. Se trata de un asunto que hasta ahora era de pura mecánica, pero con lo visto en la pasada legislatura en donde parlamentarios debutantes del Pacto Histórico mostraron su incapacidad es una deficiencia que en Palacio sabe debe subsanar.



En el otro frente, la oposición avanza con un actor que en las últimas semanas ha intensificado su actividad. Se trata del exvicepresidente, Germán Vargas Lleras, quien propone que se arme un bloque parlamentario que a “partir de este 20 de julio nos garantice que no se tramitarán las reformas laboral, ni pensional ni de la salud"". Para el jefe de Cambio Radical, además las elecciones regionales deben convertirse en un ""mini referendo contra el Gobierno del Cambio"".



Aunque su iniciativa tuvo un gran eco mediático, hay que esperar la evolución de estos acuerdos. Él, por su parte, se muestra confiado y dice que “el país puede tener la tranquilidad de que en los próximos 3 años evitaremos la catástrofe”.



El primer mandatario, por su parte, anunció que en esta Legislatura se sacarán además de las anunciadas nuevas iniciativas. Son la reforma de la Educación, Ley 30 y de los servicios públicos. “Vamos por la reforma de la Ley 30 de educación superior para que la juventud pueda acceder al derecho de educarse”, aseguró cuando salió a la carrera séptima en el centro de Bogotá a defender sus proyectos.



Sobre “la reforma de los servicios públicos”, Petro sentenció que será “para que el eje del servicio público no sea el empresario que se gana el billete a manos llenas, sino que sea el usuario del servicio público en Colombia”.



Con las batallas anunciadas que se librarán tanto en la calle como en el Legislativo, ¿Cuál es la hora de ruta del Gobierno Nacional? Gonzalo Araujo, licenciado en Ciencias Políticas y Máster en Economía y Política, cree que el ministro del Interior, Luis Fernando Velasco, intensificó su trabajo en las últimas semanas para tratar de “recomponer la coalición, en especial, buscando apoyos individualmente en el liberalismo, que fuera su partido durante muchos años, y en paralelo, han venido buscando los votos en el Consejo Nacional Electoral, CNE, para presionarlo con sanciones”.



¿Le resultará? En otro momento el margen de maniobra podría ser mayor. En elecciones y cuando los directores de los partidos deciden qué avales entregar y a que candidatos apoyar en campaña, esta posibilidad se reduce. De hecho, el expresidente César Gaviria Trujillo había sacado bandera blanca con una carta en la que le invitaba a Petro a buscar consensos para aprobar las reformas. Y también en estos días ha mantenido varias reuniones hasta con parlamentarios del Centro Democrático en él se ha mostrado dispuesto a “aprobar las reformas sociales en armonía con todos los sectores, incluyendo los económicos, para la estabilidad del país”.



A sus encuentros y a la misiva no solo no le han dado respuesta. “Al doctor Velasco, y eso se sabe por todas las declaraciones que ha dado, lo pusieron en ese Ministerio del Interior para enredarme, para armar una división, para bregar a tumbarme”, dice César Gaviria Trujillo. En este contexto, ¿tendrá éxito el ministro de la política cuando de entrada tiene así sus relaciones con un jefe de un partido que entre representantes y senadores suma 46 parlamentarios?



Por el lado de los conservadores, tampoco es un lecho de rosas. El Gobierno ha dado muestras de no lograr el apoyo de sus 42 parlamentarios con las directivas sino también a través del menudeo y esto lo ha frenado la colectividad con órdenes de bancada. La orden de retirarlos de codiciados puestos de la burocracia se ha interpretado así.



“Con la salida de Roger Carrillo de Coljuegos, cuota del conservatismo, se da por entendido que los azules tampoco participarán de la coalición de gobierno”, dice el analista Araujo quien explica: “El gobierno, está quedando reducido a una minoría parlamentaria en la que están los congresistas del Pacto, Comunes, algunos verdes y las 16 curules de las Circunscripciones Transitorias Especiales de Paz, CITREP, que en conjuntos nos les permitirá tramitar sus reformas sociales”.



En este escenario, de las tres reformas sociales, la única que tiene amplia acogida es la pensional. Todos los partidos políticos coinciden en la necesidad de reformar el sistema y mejorar las condiciones, más o menos en los términos en los que fue presentada una situación que no pasa ni con la laboral, próxima a presentarse ni con la reforma a la salud.



A la compleja situación política se suman las condiciones de seguridad en las regiones y los territorios que muy seguro incidirá en el trabajo parlamentario. ¿Por qué? El deterioro del orden público está alejando cada vez más a varios congresistas del gobierno que no sienten que sus reclamos sean atendidos. Este divorcio se ha visto, por ejemplo, con los gobernadores del Valle, Clara Luz Roldán, y de Antioquia, Aníbal Gaviria, quienes cada vez se muestran más críticos por los azotes de violencia que sufren sus departamentos. En época electoral a un parlamentario de esas regiones le puede salir caro salir a mostrarse aliado del Gobierno.



Para mover el Congreso con semejantes desafíos que tiene por delante, ¿el Ejecutivo si ha hecho la tarea? “Hasta este momento el gobierno no ha mostrado siquiera que esté avanzando con armar una nueva estrategia para rehacer la coalición de gobierno, y creo que frente a la entrega de avales por parte de los partidos para las elecciones de octubre se ve más el poder de los jefes de partido como el liberal, entonces son muy pocos los chances que tiene el gobierno de poder sumar los votos para sus reformas”, dice Daniela Garzón, de la maestría de Estudios Políticos en la Universidad Nacional.



El analista Cifuentes, entre tanto, cree que el Gobierno va a tener que priorizar los proyectos que quiera sacar adelante, “porque no todo le va a pasar”. En ese sentido, dice, la reforma que más ha generado desgaste y que menos apoyo tiene es la de la salud. La laboral está en la cuerda floja. “Muy seguramente van a tratar de acelerar la pensional para poder capitalizar políticamente una victoria antes de las elecciones regionales”.



Un auténtico dilema porque si bien estas reformas son las que la gente siente más cercanas, en la agenda hay otras vitales como la ley de sometimiento porque de ella depende el proyecto de la Paz total, una de las obsesiones de Petro.



Todo justamente con el calendario marcado por las elecciones del 29 de octubre que serán, sin duda, una talanquera para las iniciativas legislativas pues los partidos van a estar pensando en sus propias candidaturas y por eso es previsible que los acuerdos legislativos van a ser menos probables.



“Es claro, dice Cifuentes, que el Gobierno lo tiene cuesta arriba para recomponer sus mayorías. Al día de hoy, ahí no cabe el partido conservador, parte del partido liberal y de la U. Será muy difícil reconstruir la coalición si no se negocian y concretan los principales proyectos. Será una legislatura muy complicada y apretada para el gobierno”, pronostica.



El gobierno debe moverse muy rápido y pisar en terreno seguro, dice Patricia Muñoz, de la facultad de Ciencia Política y Relaciones Internacionales de la Pontificia Universidad Javeriana. “Tendría que intentar recomponer una coalición que le permita sacar adelante las grandes propuestas. O si ha elegido la opción de conseguir los votos individualmente, esforzarse para sumar los congresistas que matemáticamente les den las mayorías necesarias que le permitan votar de manera afirmativa a las propuestas”.



En este proceso, dice ella, tratar de recomponer esa gran coalición de gobierno con la que inició la anterior legislatura. Un reto difícil tomando en cuenta los abismos que se han construido entre Palacio y fuerzas vitales de la opinión pública, sectores gremiales y partidos.



“El Gobierno va a tener que ser muy creativo, hábil políticamente. Debe buscar mayor capacidad de negociación política para intentar sacar estas grandes reformas que no pudo hacer en un primer semestre cuando las condiciones eran menos adversas”, concluye ella. Ahora, todo será cuesta arriba.","['economic', 'legality_constitutionality_and_jurisprudence']",neutral,economic,1,0,0,0,1,0,0,0,0,0,0,0,0,0,¿Qué emoción o tono se refleja en esta noticia?,neutral,¿Qué tono tiene esta noticia?,neutral
Noticia_31.txt,"""Ya se está atendiendo y esperamos rescatarlos"", dice AMLO sobre secuestro de migrantes en SLP 

El presidente Andrés Manuel López Obrador aseguró que las autoridades ya atienden el caso de los 50 migrantes y dos choferes secuestrados mientras se trasladaban por la carretera 57 en el municipio Matehuala, en San Luis Potosí.
""Ya se está atendiendo, se tiene identificado el sitio y hay despliegue de la Guardia Nacional... esperemos rescatarlos"", destacó el Presidente en su conferencia mañanera desde Palacio Nacional.
El secuestro de los migrantes fue denunciado este martes por José Luis López Hernández, vicepresidente de la zona II de la Confederación Nacional de Transportistas Mexicanos (Conatram), quien detalló que desde las 2:00 de la mañana del lunes se perdió contacto con la unidad que salió desde Tapachula, Chiapas, con destino a Monterrey, Nuevo León.
Tras el reporte hecho por la empresa de transporte a la Guardia Nacional, con ayuda del GPS de la unidad, se logró ubicar el autobús que fue recuperado en los límites de San Luis Potosí y Nuevo León, en la comunidad de Los Medina; sin embargo, de los pasajeros aún no hay rastro.
Ante el peligro que corren los migrantes, principalmente centroamericanos durante su traslado por México para llegar a Estados Unidos, López Obrador hizo un llamado a que ""no se dejen engallar por traficantes y polleros"".
""Lamentablemente, se presenta que hay bandas que secuestran, por eso también el llamamiento a los hermanos migrantes a que no se dejen engañar por traficantes y polleros"", que les dicen que los llevarán a Estados Unidos; corren muchos riesgos"", sentenció.
El Presidente recordó que ahora hay mecanismos legales para llegar a Estados Unidos ""que no había antes"", pues ya se puede desde el país origen hacer un trámite que lleva tiempo ""y estamos buscando que se acorte y no sea tan burocrático"".
López Obrador dio a conocer que en México se están destinando 100 millones de dólares en programas de bienestar y que el presidente de Estados Unidos, Joe Biden, autorizó que se amplien los recursos para programas destinados a migrantes, a fin de que éstos no tomen el camino ""sin buscar la forma legal de hacerlo.
","['economic', 'legality_constitutionality_and_jurisprudence', 'political']",neutral,economic,1,0,0,0,1,0,0,0,0,0,0,0,1,0,¿Cómo es el sentimiento general de esta noticia?,neutral,¿Qué tono tiene esta noticia?,neutral
Noticia_34.txt,"Alcalde de Matehuala se someterá a prueba de voz para descartar nexos con el crimen organizado

El Fiscal General del Estado, José Luis Ruíz Contreras informó que un juez autorizó que se lleve a cabo la grabación de un texto por parte del alcalde de Matehuala, Iván Estrada Guzmán de tal forma que sirva de comparativo para cotejarlo con un material que se obtuvo en donde presuntamente el funcionario dialoga con algún miembro de un grupo delictivo.
Comentó “el pasado viernes se llevó a cabo una audiencia de control judicial en donde el juez autorizó que se lleve a cabo la entrevista para llevar a cabo el comparativo a través de la recopilación de la lectura de un documento, grabarlo en una cabina especial con la finalidad de posteriormente hacer la comparación”.
Ruíz Contreras refirió que el edil matehualense se negó de nueva cuenta a hacer la grabación el viernes pasado pero ahora sí fundando una justificación, se programó para que esto se pueda llevar a cabo ahora el próximo miércoles 19 de julio.
Por otro lado, respecto al caso del reo que se fugó del penal de Tamazunchale, Ruíz Contreras explicó que están avanzadas las investigaciones y hay la confianza de que se pueda dar la recaptura de esta persona, confirmó que hay funcionarios públicos bajo investigación por este caso, pues se presume que hubo colaboración en la evasión del interno.
Puntualizó “ya tenemos indicios respecto de cómo se desarrolló la fuga, quienes participaron y posiblemente el lugar donde se encuentra la persona… hay funcionarios involucrados, evidentemente sí, hay una investigación porque participaron posiblemente en contubernio”.

","['political', 'quality_of_life', 'public_opinion']",neutral,political,0,0,0,0,0,0,0,0,0,1,0,1,1,0,¿Cuál es la intención emocional del autor?,neutral,¿Qué tono tiene esta noticia?,neutral
Noticia_35.txt,"En 2023, se han registrado más de mil casos por delitos sexuales en San Luis Potosí

En lo que va del año, se han cometido mil 36 delitos contra la libertad y la seguridad sexual en San Luis Potosí, así lo compartió el informe de Incidencia Delictiva del Fuero Común, con corte al mes de junio.
Dentro de los delitos contemplados en el informe, se registraron: abuso sexual con 382 casos, acoso sexual con 129 casos, hostigamiento sexual con 19 casos, violación simple con 359 casos, violación equiparada con 0 casos, e incesto con 0 casos, así como otros delitos que atentan contra la libertad y la seguridad sexual con 147 casos.
El abuso sexual, como se señala en el artículo 178 del Código Penal de San Luis Potosí, lo comete: “quien, sin el consentimiento de una persona ejecuta en ella, o la hace ejecutar un acto erótico sexual, sin el propósito directo de llegar a la cópula” y es un delito que se sanciona con dos a cinco años de prisión.
En enero, se registraron 44 casos; en febrero, 63; en marzo, 88; en abril, 60; en mayo, 59 y, en junio, 68 casos.
En cuanto al hostigamiento y acoso sexual,  el Código Penal establece que “comete el delito de hostigamiento sexual, quien con fines lascivos asedie, acose o solicite favores de naturaleza sexual a una persona de cualquier sexo, para sí o para un tercero, con la amenaza de causar a la víctima un perjuicio relacionado con las expectativas que pueda tener en el ámbito laboral, docente, doméstico o de cualquier otra índole, o negarle un beneficio al que tenga derecho; ya sea entre superior o inferior jerárquico, entre iguales o en cualquier circunstancia que implique subordinación.”
Este delito, se sanciona con una pena de uno a tres años de prisión. Dentro del acoso sexual, en enero se registraron 18 casos; en febrero, 9; en marzo, 36; en abril, 23; en mayo, 32 y, en junio, 21. Dentro del hostigamiento sexual, en enero se contabilizaron 4 casos; en febrero, 2; en marzo, 5; en abril, 3; en mayo, 3 y, por último, en junio 2.
Ahora bien, en el delito de violación se califica por el Código Penal a quien “comete el delito de violación quien, por medio de la violencia física o moral, realice cópula con una persona de cualquier sexo.” Además, se especifica que este hecho se sanciona con una pena de 8 a 16 años de cárcel.
En este año, dentro del parámetro de la violación simple, se han registrado 54 casos en enero; 37 en febrero; 80 en marzo; 52 en abril; 80 en mayo y 56 en junio.
Cabe destacar que, dentro de las categorías de violación equiparada e incesto no se han registrado casos en este año. Sin embargo, en “otros delitos que atentan contra la libertad y la seguridad sexual” se han contado 18 en enero; 10 en febrero; 24 en marzo; 18 en abril; 9 en mayo y 68 en junio.
","['economic', 'political', 'public_opinion', 'capacity_and_resources', 'morality', 'policy_prescription_and_evaluation', 'quality_of_life']",negative,political,1,1,1,0,0,1,0,0,0,1,0,1,1,0,¿Cómo es el sentimiento general de esta noticia?,negative,¿Qué tono tiene esta noticia?,negative
Noticia_36.txt,"Encuentran sin vida y con signos de violencia al director del Servicio Nacional de Empleo en Tamuín, SLP

Oscar Eduardo Sánchez González de 31 años de edad y quien se desempeñaba como director del Servicio Nacional de Empleo en Tamuín, fue reportado como desaparecido el pasado 23 de julio; se informó que fue visto por última vez en la zona centro del municipio de Ciudad Valles.
Extraoficialmente, se indicó que el joven desapareció junto a varios amigos después de viajar a Ciudad Valles desde Tamuín.
Un día más tarde, el lunes 24 de julio por la tarde, se reportó el hallazgo de una camioneta abandonada sobre la carretera libre Valles-Tampico con rumbo al ejido Santa Elena. Al lugar, acudieron peritos de la Vicefiscalía Científica de la Delegación Cuarta, así como personal del Servicio Médico Legal (Semele), quienes confirmaron el hallazgo de un cuerpo masculino, el cual presentaba diversas lesiones y golpes.
Más tarde se confirmó que la víctima era Oscar Eduardo Sánchez.
Las autoridades realizaron el levantamiento del cuerpo para poder practicarle la necropsia de ley, además de que, elementos de la Policía de Investigación comenzaron las entrevistas correspondientes para formar el caso. Asimismo, desde Fiscalía se mantienen en curso las indagatorias pertinentes.
Por último, aclararon que no existen más personas no localizadas, como se ha señalado.
Tras la muerte del joven, el gobierno municipal de Tamuín compartió un mensaje donde externó sus condolencias a la familia del joven.
“Rogamos en oración por su descanso; y para sus hijos familia y amigos, la fortaleza y el consuelo necesario en este difícil momento”, se escribió en el mensaje póstumo.
","['crime_and_punishment', 'security_and_defense']",negative,security_and_defense,0,0,0,0,0,0,1,1,0,0,0,0,0,0,¿Qué tono tiene el autor al escribir esta noticia?,negative,¿Qué tono tiene esta noticia?,negative
Noticia_64.txt,"Periodistas de SLP se suman a protesta nacional por asesinato del comunicador Luis Sánchez en Nayarit

Periodistas de la capital de San Luis Potosí se reunieron la mañana de este martes frente a Palacio de Gobierno para hacer un posicionamiento sobre el caso del asesinato del comunicador Luis Martín Sánchez en Nayarit, quien, tras haber sido reportado como desaparecido, fue hallado su cuerpo en una bolsa negra.
El periodista José Delgado Alemán, en representación del gremio, expresó el rechazó al brutal asesinato del que fue víctima su compañero y se unen a la pena que embarga a la familia.
“A los dueños de los medios de comunicación también que volteen a ver a los jornaleros (periodistas) (...), que volteen a verlos y ver las condiciones en las que estamos trabajando”, señaló.
Además, se aprovechó la ocasión para visibilizar sobre la situación que acontece en San Luis Potosí para los periodistas que apuntó como preocupante, pues recalcó que existen muchos casos de agravios, asesinatos e intimidaciones que siguen siendo parte de la impunidad.
“Las compañeras que forman parte del gremio periodista, los compañeros que forman parte de los protocolos, de los mecanismos y los reporteros gráficos y de a pie, como los que están aquí presentes, elevamos la voz, elevamos la voz desde esta tierra potosina para que también desde aquí se escuche el repudio”, expresó.
A voz del gremio, Delgado Alemán exigió a los tres niveles de gobierno que se brinden garantías para quienes ejercen el periodismo, y criticó que el poder está cada vez más irascible, con la piel más delgada hacia la crítica, por lo que los periodistas trabajan con miedo.

“Arriesgamos todos los días el pellejo. Entonces, reitero, es un llamado al presidente (Andrés Manuel) López Obrador, al gobernador (Ricardo) Gallardo, al alcalde (Enrique) Galindo y a todas las autoridades de seguridad para que sigan abonando, sigan luchando, y sigamos juntos buscando que este trabajo tan digno siga siendo más seguro”, finalizó.
","['external_regulation_and_reputation', 'quality_of_life', 'cultural_identity', 'public_opinion']",negative,cultural_identity,0,0,0,0,0,0,0,0,0,1,1,1,0,1,¿Qué emoción o tono se refleja en esta noticia?,negative,¿Qué tono tiene esta noticia?,negative
Noticia_65.txt,"Solo 7 estados del país concentraron más de la mitad de los homicidios en 2022

Durante 2022 se registraron de forma preliminar 32 mil 223 homicidios, de los cuales 55% se concentraron en siete entidades del país conforme al lugar de ocurrencia, de acuerdo con los datos publicados por el Instituto Nacional de Estadística y Geografía (Inegi).
Entre dichos estados, destaca Guanajuato con 4 mil 83 asesinatos; le sigue en orden de importancia Estado de México con 3 mil 213 casos; Baja California, 2 mil 558; Michoacán, 2 mil 261; Chihuahua, mil 998; Jalisco, mil 821; y Sonora, mil 687 muertes.
Por el contrario, entre las entidades que reportaron menores crímenes destacan Yucatán, con 46 homicidios el año pasado; Baja California Sur, 79 decesos; Aguascalientes, 83; Campeche, 89; y Durango, 119 casos.
En 2022, se obtuvo de manera preliminar una razón de 25 homicidios por cada 100 mil habitantes a nivel nacional. La tasa es menor a la registrada para el mismo periodo de 2020, que fue de 28.
En el caso de los hombres, la razón fue de 44.4 homicidios por cada 100 mil personas del sexo masculino el año pasado, tasa inferior a los 50.2 casos promedio registrados un año antes, mientras que en las mujeres la tasa de homicidios por cada 100 mil personas pasó de 6.1 en 2021, a 5.8 en 2022.
Según la causa de la defunción, la mayor parte corresponde a agresión con disparo de armas de fuego, y las no especificadas con 21 mil 547 homicidios; agresión con objeto cortante, 3 mil 131; así como agresión por ahorcamiento, estrangulamiento y sofocación, 2 mil 238 homicidios.
Las presentes cifras se derivan de las Estadísticas de Defunciones Registradas (EDR) y provienen de los registros administrativos de defunciones accidentales y violentas que generan las entidades federativas y que el Inegi recopila mensualmente.
Como fuentes informantes se consideran 378 Oficialías del Registro Civil, 106 Servicios Médicos Forenses y 227 Agencias del Ministerio Público que tuvieron, al menos, un registro de homicidio.
Desde 2015, el Inegi recopila información de presuntos homicidios directamente de los Servicios Médicos Forenses por medio de los certificados de defunción que emiten para las muertes accidentales y violentas.
Además, obtiene datos en las Oficialías del Registro Civil a través de actas y certificados de defunción. Esta información se complementa con la que proporcionan las Agencias del Ministerio Público mediante los cuadernos estadísticos de defunción.
","['cultural_identity', 'public_opinion', 'quality_of_life', 'economic', 'capacity_and_resources']",negative,quality_of_life,1,1,0,0,0,0,0,0,0,1,1,1,0,0,¿Cuál es la actitud del autor en esta noticia?,negative,¿Qué tono tiene esta noticia?,negative
Noticia_68.txt,"Violencia en Tamuín: reportan tres muertos en dos ataques armados

Un nuevo episodio de violencia causó terror en el municipio Tamuín, ubicado en la Huasteca potosina, ya que se reportaron tres personas asesinadas y una más herida en dos hechos distintos a manos personas armadas.
De acuerdo con los reportes, el primer hecho tuvo lugar en una gasolinera de la cabecera municipal, donde dos despachadores fueron atacados a tiros y en el lugar perdieron la vida; al momento se desconoce si se trató de un ataque directo o quedaron en medio de las balas.

Los mismos habitantes de la demarcación alertaron en redes sociales por el hecho violento en el que los trabajadores de la gasolinera perdieron la vida.
En otro hecho aparte, pobladores de la comunidad Las Brisas reportaron un nuevo ataque armado donde fue atacada una camioneta PickUp en color arena, quedando en el lugar un hombre más sin vida, un lesionado y una persona presuntamente privada de su libertad.
Al momento estas son versiones que se manejan por los habitantes en el lugar, quienes a través de redes han expuesto la violencia que azota al municipio; hasta la tarde de este sábado ninguna autoridad ha dado versión oficial de los hechos.
","['economic', 'crime_and_punishment', 'public_opinion']",negative,crime_and_punishment,1,0,0,0,0,0,1,0,0,0,0,1,0,0,¿Qué sentimiento evoca esta noticia?,negative,¿Qué tono tiene esta noticia?,negative
Noticia_69.txt,"Burocracia del gobierno estadounidense retrasa recuperación de la Categoría 1: Volaris

La burocracia del gobierno estadounidense es la que está retrasando la recuperación de la Categoría 1 en seguridad aérea para la Agencia Federal de Aviación Civil (AFAC), dijo Enrique Beltranena, presidente y CEO de Volaris en conferencia con analistas de mercado.
Beltranena comentó que las autoridades estadounidenses han reconocido el progreso de la AFAC para aprobar la auditoría de la Administración Federal de Aviación (FAA, por sus siglas en inglés).
Sin embargo, hay que “poner atención en el proceso burocrático” de Estados Unidos, el cual tiene sus tiempos y procesos, indicó.
Por lo tanto, Volaris estima que México recuperará la Categoría 1 en seguridad aérea en el cuarto trimestre del año.
Beltranena explicó que el equipo de la aerolínea se ha enfocado en la preparación para el futuro, en anticipación a la inminente recuperación de la Categoría 1, por lo que han sido muy proactivos implementando cambios en la red en México y Centroamérica para estar listos ante el crecimiento de la demanda en el mercado transfronterizo con Estados Unidos.
Una de las estrategias consistió en no devolver 6 aviones a los arrendadores, lo que les permitirá tener mayor flexibilidad durante la temporada decembrina.
Asimismo, Beltranena comentó que la capacidad de la aerolínea medida en millas por asiento disponibles aumentó 18% en el segundo trimestre del año y podría aumentar otro 5% en cuanto México recupere la Categoría.
""Los resultados del segundo trimestre de la compañía están en línea con nuestras expectativas para todo el año, impulsados por los menores costos de combustible y un peso mexicano más fuerte.
“Esperamos con gran expectativa el regreso del estatus de Categoría 1 para México, anticipamos oportunidades de crecimiento que se alineen con nuestros cambios estratégicos en la red y esfuerzos de optimización de capacidad, fortaleciendo en la rentabilidad y reforzando nuestra posición en el mercado”, dijo Beltranena.
""Para la segunda mitad del año, el semestre estacionalmente más fuerte, esperamos varias condiciones favorables para nuestros ingresos, incluyendo reservaciones sólidas, tarifas internacionales estables, el regreso de la Categoría 1, un fuerte crecimiento en Centroamérica, una red nacional más sólida y el aumento de los ingresos por servicios adicionales"", agregó.
En el segundo trimestre del año, Volaris reportó ingresos operativos totales por 782 millones de dólares, un aumento de 13% en comparación con el segundo trimestre de 2022.
Mientras que los gastos operativos sumaron 731 millones, representando 93% de los ingresos operativos totales, una disminución de 9.3 puntos porcentuales.
La utilidad neta de la aerolínea se ubicó en 6 millones de dólares.
En el segundo trimestre, los pasajeros reservados fueron 8.4 millones, un incremento de 12%. Los pasajeros nacionales e internacionales aumentaron 7.2% y 34%, respectivamente.
Los pasajeros internacionales crecieron principalmente en Centroamérica con destino hacia Estados Unidos, por lo que la aerolínea aumentará su oferta en destinos como California, Texas y Chicago.

","['external_regulation_and_reputation', 'cultural_identity', 'public_opinion', 'economic', 'security_and_defense']",negative,external_regulation_and_reputation,1,0,0,0,0,0,0,1,0,0,1,1,0,1,¿Cuál es la actitud del autor en esta noticia?,negative,¿Qué tono tiene esta noticia?,negative
Noticia_70.txt,"Turismo y comercio, afectados por robos en autopista Siglo XXI: Concanaco; urge intervención de autoridades

El sector comercial del país pidió una intervención inmediata de la autoridad ante el incremento de robos en el tramo carretero, lo que afecta a turistas y comerciantes que pasan por Michoacán a través de la autopista Siglo XXI.
En este tramo carretero, que va de Feliciano a Las Cañas, se reportan robos de alimentos, acero, automóviles de lujo, pertenencias de turistas, entre muchos otros casos, dijo el presidente de la Confederación de Cámaras Nacionales de Comercio, Servicios y Turismo (Concanaco), Héctor Tejada Shaar.
El líder del comercio organizado dijo: “Las autoridades deben proteger a los ciudadanos y defender las vías y negocios que dan sustento y futuro a las familias de Michoacán, pero también del país en general, pues la autopista Siglo XXI es vital para el traslado de mercancías y para el Turismo, una de las principales actividades económicas de México”.
Diariamente circulan seis mil vehículos por esa carretera, “entre los que se cuentan tráileres tanto de contenedores como de rollo de lámina y acero, afectando al sector de contenerizados. Por esta vía también transita mercancía de la industria agrícola, también afectada ya, como fertilizantes y productos alimenticios tales como mango, limón, aguacate y frutos catalogados como berries”.
Además de que durante las vacaciones de verano transitan turistas nacionales y extranjeros, a quienes se les tiene que garantizar la seguridad, porque “la inseguridad nos cuesta, y mucho, a todos, pues vulnera al comercio, los servicios y el turismo con impacto a nivel nacional”.
El empresario dijo que “de acuerdo con Cámara Nacional de Comercio, Servicios y Turismo de Lázaro Cárdenas, el tramo de la autopista Siglo XXI Feliciano-Las Cañas, reporta constantes robos de carga contenerizada, robos a vehículos con carga menor, robo de pertenencias a turistas, robo de vehículos de lujo tipo todo terreno, actos que son, además, realizados con violencia”.
Por lo anterior, pidió a los gobiernos “implementar acciones contundentes que resuelvan de manera oportuna y cuando antes el grave problema. El organismo cúpula hace un llamado al Gobernador Constitucional de la entidad, licenciado Alfredo Ramírez Bedolla, para que interceda con las autoridades correspondientes y se logre, de forma coordinada, disminuir la inseguridad en esta vía”.
Suscríbete aquí para recibir directo en tu correo nuestras newsletters sobre noticias del día, opinión y muchas opciones más.
","['public_opinion', 'health_and_safety']",neutral,health_and_safety,0,0,0,0,0,0,0,0,1,0,0,1,0,0,¿Qué emoción o tono se refleja en esta noticia?,neutral,¿Qué tono tiene esta noticia?,neutral
Noticia_56.txt,"AMLO no respeta reformas electorales que impulsó, opinan politólogos

El presidente Andrés Manuel López Obrador acusó que el Instituto Nacional Electoral (INE) y el Tribunal Electoral (TEPJF) están convertidos en los “grandes censores” y quisieran silenciarlo por completo.
Ayer en su conferencia mañanera, en la nueva sección “No lo digo yo”, la cual busca evadir las medidas cautelares ordenadas por el INE para que no se exprese sobre el proceso electoral de 2024, el Mandatario aseguró que ya no puede hablar de “muchas cosas”.
“Ya ven que hay la sección de ‘No lo digo yo’..., no lo digo yo porque ya tengo que andar con cuidado, tengo que estar muy atento. Ya ahora estoy hablando hasta más despacio que de costumbre, no me vaya yo a camucar, y están así INE, Tribunal Electoral, ya quisieran silenciarnos por completo. Están convertidos en los grandes censores, ya no puedo hablar de muchas cosas”.
Especialistas y politólogos criticaron que el presidente López Obrador haga estas declaraciones, pues recordaron que cuando estuvo en la oposición el ahora Jefe del Ejecutivo federal exigía que los presidentes de la República en turno se mantuvieran al margen de los procesos electorales para garantizar la equidad de los mismos.
Alberto Aziz Nassif, investigador en el Centro de Investigaciones y Estudios Superiores en Antropología Social (Ciesas), recordó que López Obrador fue un impulsor de las reformas electorales que buscaban garantizar equidad en las contiendas, pero ahora, ya que está gobernando, quiere desconocerlas.
“En buena medida, López Obrador fue un impulsor de estas reformas, que estaban ahí como una demanda de la sucesión presidencial tanto de 2006 como de 2012, y ahora lo que está sucedido es que es el escenario contrario, y como ahora que están gobernando quieren desconocerlas y de alguna forma ganar posiciones a través de este desconocimiento. Es algo muy lamenta-ble”, aseguró.
Édgar Ortiz Arellano, académico de la Universidad Nacional Autónoma de México (UNAM), señaló que ahora el presidente López Obrador repite actos que él mismo padeció y se erige como “el gran elector” y “el gran calificador” de quienes son aptos para gobernar.
“El Presidente no puede decidir por los mexicanos ni tampoco decidir quiénes son los buenos y los malos, es decir, en una posición eminentemente de maniqueo. En todo caso quien tendría que decidir eso son los mexicanos.
“Efectivamente, de lo mismo que él durante muchos años acusó y quizás algún momento pudo haber padecido ahora él repite esta historia argumentando una posición que no es democrática, sino una posición de erigirse el como el gran elector y como el gran calificador de quiénes son los aptos para gobernar”.
EL UNIVERSAL solicitó una postura del INE y del Tribunal Electoral, sin embargo, no se obtuvo.
Critica propuesta de senadora panista de que trabajadores paguen seguro
En Palacio Nacional, sin decir su nombre y sólo mencionando que es “una persona del bloque conservador”, el presidente López Obrador criticó la propuesta de Xóchitl Gálvez Ruiz de que los trabajadores paguen un seguro de gastos médicos, pues acusó que con estas propuestas se busca que ya no haya seguridad social, que desaparezcan el ISSSTE y el IMSS.
En días pasados, la senadora del PAN y aspirante a la candidatura presidencial de oposición planteó que los trabajadores puedan pagar un seguro, como el que ella paga al mes por 130 mil pesos, pero llegando a un acuerdo con las aseguradoras para que este monto pueda bajar a 70 mil pesos al mes.
Sin embargo, el Mandatario recordó que los casi 22 millones de trabajadores inscritos al Seguro Social tienen un promedio de ingresos mensuales de 16 mil pesos, por lo que cuestionó: “¿De dónde van a sacar 70 mil?”.
“Acaba de darse a conocer que hubo una persona que está proponiendo, fíjense lo que propone, lo que propone esta persona del grupo del bloque conservador, que todos los trabajadores, dice, tengan un seguro, o sea, que ya no haya seguridad pública, seguridad social, o sea, que no haya ISSSTE, que no haya Seguro Social y mucho menos el IMSS-Bienestar. Desaparece todo eso y ella dice que los trabajadores paguen un seguro, que paguen un seguro.
“Se equivocó, o sea, yo creo que no hizo bien las cuentas, porque habló de que esa persona paga 130 mil mensual, mensual, por su seguro, dice ella, él, la persona, 130, pero que podía conseguirse en un acuerdo, posiblemente, con las aseguradoras, 70 mil pesos mensuales (…) ¿de dónde van a sacar 70? A lo mejor estaba pensando en el año, ¿no? De todas maneras, al año no deja de ser una cantidad considerable”.
Acusó que, más allá de los montos, es una mentalidad privatizadora que busca desparecer lo público y la seguridad social.
“Pero olvídense de las cuentas y del costo del seguro, piensen en esta mentalidad privatizadora, desaparece lo público, desaparece lo social y tenemos aseguradoras”, aseguró el Ejecutivo.
","['public_opinion', 'security_and_defense', 'political', 'crime_and_punishment']",negative,crime_and_punishment,0,0,0,0,0,0,1,1,0,0,0,1,1,0,¿Cuál es la intención emocional del autor?,negative,¿Qué tono tiene esta noticia?,negative
Noticia_58.txt,"Gobierno lamentó fallecimiento de dirigentes del Centro Democrático en accidente aéreo



                  

                             



Tras el fallecimiento de seis personas -entre ellos varios dirigentes del Centro Democrático- en la tarde de este miércoles en un accidente aéreo, la Presidencia de la República les envió un mensaje de condolencias a los familiares de las víctimas.



En la cuenta de Twitter de la Presidencia lamentaron la muerte de la exsenadora Nohora Tovar y su esposo Guillermo Pérez, del diputado Dimas Barrero, del concejal Óscar Rodríguez y del precandidato a la Gobernación del Meta, Felipe Carreño.



El Gobierno también lamentó la muerte del capitán de la aeronave, Eliodoro Álvarez.



""El Gobierno Nacional expresa sus condolencias y solidaridad a las familias y amigos de las personas que fallecieron en el accidente aéreo en zona de San Luis de Gaceno, Boyacá"", indicaron en un trino.



La aeronave Cessna T210N, matrícula HK5138, salió desde Villavicencio a las 7:40 a. m. con destino al Aeropuerto de Guaymaral, pero se precipitó en el sector San Luis de Gaceno, en Boyacá.



""Terrible noticia sobre el accidente fatal de nuestros compañeros del Meta, Nora Tovar y su esposo Guillermo. Pendiente de más información sobre esta tragedia"", señaló el expresidente Álvaro Uribe.



Los últimos mensajes

En su perfil de Instagram, Nohora Tovar había resaltado que fue embajadora de Colombia ante República Dominicana y Haití.



Su última publicación sería de un evento realizado este martes 18 de julio con varias mujeres ""valientes y emprendedoras"". ""Gracias por siempre estar en todos mis importantes momentos de la vida"", se lee en uno de sus últimos mensajes.



En los comentarios, el Representante a la Cámara Miguel Polo Polo lamentó la muerte de la congresista, diciendo que era una mujer con ""don de servicio"" y con ""amor por su país y sus militares"".



","['fairness_and_equality', 'crime_and_punishment', 'security_and_defense', 'quality_of_life', 'public_opinion', 'external_regulation_and_reputation', 'political', 'legality_constitutionality_and_jurisprudence', 'capacity_and_resources']",negative,security_and_defense,0,1,0,1,1,0,1,1,0,1,0,1,1,1,¿Qué percepción transmite el tono de la noticia?,negative,¿Qué tono tiene esta noticia?,negative
Noticia_5.txt,"Matan a Zayma Zoraya Zamora, ex candidata a Poza Rica, Veracruz

La ex candidata a la presidencia municipal de Poza Rica por el partido Unidad Ciudadana, Zayma Zoraya Zamora, fue asesinada a tiros en el norte de Veracruz.
Un grupo de sujetos armados ingresó a Talleres Rascón, negocio de la víctima, a quien atacaron a tiros ante el asombro de clientes.
En el lugar murió la empresaria conocida popularmente como Lady Pestañas y resultó herida su hija, quien se encontraba en el lugar.
Elementos de distintas corporaciones acudieron a la zona para acordar el lugar del crimen e iniciar un operativo de búsqueda de los atacantes.
Aunque en medios de comunicación locales la mencionaron como coordinadora del equipo del aspirante presidencial Adán Augusto, su equipo cercano aclaró que no pertenecía a la estructura del Movimiento.
Sin embargo, era simpatizante del ex secretario de Gobernación y estuvo en la “coordinación"" de la recepción del aspirante en su reciente visita al municipio de Poza Rica.
Consultado al respecto, el equipo de Adán Augusto dijo no tener conocimiento del hecho.
La fiscalía General del Estado informó que ha iniciado una carpeta de investigación por los lamentables hechos ocurridos en el boulevard Lázaro Cárdenas, en donde Zayma Zoraya Zamora, fue asesinada a tiros.
En un breve comunicado, la fiscalía local indicó que fiscales, policías ministeriales y peritos realizan trabajos de investigación para conocer la identidad y paradero del responsable de este homicidio.

","['crime_and_punishment', 'security_and_defense', 'external_regulation_and_reputation', 'quality_of_life', 'public_opinion']",positive,external_regulation_and_reputation,0,0,0,0,0,0,1,1,0,1,0,1,0,1,¿Cuál es la intención emocional del autor?,positive,¿Qué tono tiene esta noticia?,positive
Noticia_57.txt,"Atacan a tiros a la periodista María Luisa Estrada en Guadalajara; ha acudido a mañaneras en Palacio Nacional

El pasado 15 de julio la periodista María Luisa Estrada y una menor que la acompañaba, fueron atacadas a tiros en Guadalajara por un sujeto desconocido; por fortuna ambas resultaron ilesas pero hasta ahora no han recibido protección por parte de ninguna autoridad municipal, estatal o federal.
Estrada –quien publica su trabajo en el medio digital Grillotina Política, que se difunde a través de varias plataformas y redes sociales– denunció que tras el atentado un policía tapatío le advirtió que debía “bajarle” a su trabajo; además señaló que en la delegación de la FGR y el Mecanismo de protección para personas defensoras de derechos humanos y periodista no le brindaron atención adecuada a pesar del riesgo que corre.
Relató que el sábado 15 de julio por la mañana viajaba en su vehículo en compañía de una familiar suya que es menor de edad y al intentar incorporarse a la avenida Javier Mina un sujeto en una camioneta se le cerró y se escucharon dos detonaciones, sin embargo, en ese momento no se dio cuenta de lo que ocurría porque el agresor siguió de largo.
Metros más adelante el sujeto volvió a emparejársele, le gritó que la iba a matar y disparó tres veces más impactando la unidad de la periodista, que logró escapar gracias a que otros conductores se percataron de lo que ocurría y le cedieron el paso obstaculizando el tránsito del agresor.
Logró llegar al centro tapatío y bajó a la menor en la Escuela de Música de la Universidad de Guadalajara para que ahí se resguardara mientras ella buscaba ayuda; condujo hasta la Rotonda de Jaliscienses Ilustres, donde vio a varios policías turísticos y se acercó con ellos para pedir ayuda.
Los agentes la resguardaron y pidieron apoyo para revisar su estado de salud, por lo que llegó una ambulancia y los paramédicos corroboraron que no estuviera herida.
“Pero al bajar de la ambulancia se me acercó un elemento de la policía de Guadalajara para darme un mensaje directo y puntual, me dijo que pertenecía al área de violencia contra la mujer y dijo: ‘si te hubieran querido matar te hubieran matado, pero esto fue un mensaje para que le bajes, ya bájale mija’”.
Hernández solicitó apoyo para resguardar a su familiar y ambas fueron trasladadas a las instalaciones de la FGR en Guadalajara para que interpusiera su denuncia por ser periodista, sin embargo, ahí se negaron a recibirla e incluso la sacaron de las instalaciones.
Pidió apoyo al Mecanismo de protección a periodistas del gobierno federal y más tarde una persona de la FGR salió a buscarla y le dijo que se había tratado de una confusión; finalmente le tomaron declaración, ratificó la denuncia y la mandaron a su casa sin protección, a pesar de que el atentado ocurrió a una cuadra de su vivienda.
Hernández señaló que tuvo que buscar refugio en otro lado y cuando la gente del Mecanismo de protección la atendió primero le ofrecieron reubicarla y ella aceptó esa medida, sin embargo, al día siguiente le dijeron que solo le entregarían un botón de pánico y que la Guardia Nacional haría rondines por su domicilio.
“Me cambiaron la jugada totalmente y resulta que el Mecanismo de protección a periodistas me quería mandar a RCU Sistemas (empresa ligada a Genaro García Luna y a la que ella ha denunciado públicamente en su trabajo periodístico)”, recordó.
Por ese motivo no aceptó esa protección e insistió en que ella no está dentro del Mecanismo de protección; además reprochó la falta de atención a casos como el suyo, que prácticamente son ignorados por autoridades y medios de comunicación hasta que no ocurre la tragedia, “porque somos los pinches periodistas de provincia”.
Finalmente, denunció que la delegación de la FGR se ha negado a darle una copia de la carpeta de investigación.
En diciembre de 2021, la periodista, María Luisa Estrada en Palacio Nacional, denunció públicamente que el mecanismo de protección se encuentra corrompido por las empresas de seguridad de Genaro García Luna y su hermana, Esperanza García Luna y asegura recibió amenazas que jamás fueron atendidas, Estrada pide le den respuesta y reivindiquen su nombre.
Además en 2022, María Luisa Estrada aseguró a López Obrador que Jalisco después de ser uno de los estados más bonitos es uno de los más peligrosos de la República Mexicana, el que tiene más desaparecidos ahora con el gobernador Enrique Alfaro; aseguró que desde que ""llegó ese sujeto al gobierno se destapó la cloaca"".

","['public_opinion', 'economic']",positive,public_opinion,1,0,0,0,0,0,0,0,0,0,0,1,0,0,¿Cómo describirías el tono de esta noticia?,positive,¿Qué tono tiene esta noticia?,positive
Noticia_59.txt,"Aumenta a 31 cifra de muertos tras masacre en cárcel de Ecuador

Guayaquil.- La cifra de reclusos muertos en la penitenciaría de Guayaquil, en el suroeste de Ecuador, subió de 18 a 31, informó este martes la Fiscalía, tras cuatro días de sangrientos enfrentamientos.
""Se eleva a 31 el número de fallecidos y a 14 el de heridos tras los enfrentamientos registrados desde el sábado al interior de la Penitenciaria del Litoral, en Guayaquil"", señaló la Fiscalía en la red social Twitter, ahora X.
Desde febrero de 2021, las prisiones ecuatorianas son escenarios recurrentes de matanzas que hasta ahora dejan más de 420 reclusos asesinados y una estela de terror con cuerpos decapitados e incinerados.
","['economic', 'capacity_and_resources', 'cultural_identity', 'public_opinion', 'fairness_and_equality']",neutral,economic,1,1,0,1,0,0,0,0,0,0,1,1,0,0,¿Qué sentimiento evoca esta noticia?,neutral,¿Qué tono tiene esta noticia?,neutral
Noticia_60.txt,"Cataluña, clave para definir quién será el presidente del gobierno en España

El desenlace de las elecciones generales del domingo en España dejó una sorprendente paradoja.
Los partidos que perdieron frente a su rival directo u obtuvieron menos votos que hace cuatro años fueron los que más celebraron los resultados.
El conservador PP de Alberto Núñez Feijóo ganó las elecciones con 136 diputados frente a 122 del segundo partido más votado, el progresista PSOE del presidente Pedro Sánchez.
Sánchez festejó por todo lo alto que el bloque de las derechas no alcanzará el número necesario de diputados para gobernar, lo que le abre una puerta a seguir gobernando pese a quedar en segundo lugar.
Pero para reeditar el actual ejecutivo de coalición, Sánchez dependerá de los partidos independentistas de Cataluña, cuya máxima aspiración es que esta región nororiental de más de 7.5 millones de habitantes se separe de España y conforme un Estado independiente.
Junts Per Catalunya y ERC, que en conjunto perdieron casi la mitad de sus escaños y más de un tercio de votos respecto a las elecciones de 2019, también festejaron los resultados porque pueden poner sobre la mesa un alto precio a cambio de su apoyo a Sánchez.
Ambos -y especialmente uno de los dos- pueden tener la llave del próximo gobierno. Te contamos por qué.
Las elecciones generales de este domingo han dejado claro, una vez más, que formar gobierno en España no es una tarea fácil.
Los electores no escogen directamente al presidente sino a los 350 diputados que conforman el Parlamento, según el sistema electoral del país.
Estos diputados tienen la misión, tras las elecciones, de designar al próximo jefe del gobierno entre cada uno de los candidatos que se postulen, siendo habitual que el primero sea el ganador y, si este no logra los apoyos suficientes, le llega el turno al principal aspirante opositor.
Para investir al presidente, puede haber dos votaciones: la primera requiere mayoría absoluta, con el apoyo de 176 de los parlamentarios del total de 350, y, si esta no sale adelante, basta con que en la segunda haya más votos a favor que en contra.
Lo que parece sencillo se torna un dolor de cabeza porque los españoles escogieron un Parlamento muy fragmentado con partidos de izquierda, derecha, regionalistas e independentistas que en muchos casos persiguen objetivos incompatibles y se imponen vetos entre ellos.
Así, cuando Núñez Feijóo se postule como candidato, al necesitar el apoyo del partido ultraderechista Vox (entre los dos solo suman 169 escaños) lo más probable sea que casi todos los partidos restantes lo veten, tal y como han adelantado, y no pueda formar gobierno.
Entonces llegaría el turno de Sánchez, que tampoco lo tendría nada fácil.
Los socialistas necesitarían reeditar el pacto que les dio el gobierno en los últimos cuatro años y que les permite cogobernar con Podemos, el partido de extrema izquierda integrada con otras fuerzas afines en la plataforma ahora llamada Sumar y con la cual acumula en conjunto 153 diputados.
Para sacar adelante el gobierno tendrían que volver a asegurarse los apoyos de independentistas vascos de izquierda (Bildu), regionalistas vascos de derecha (PNV), nacionalistas gallegos (BNG) y los independentistas catalanes de izquierda de ERC.
Y deberán lograr también el voto favorable de los independentistas de derecha catalanes Junts, que se han mostrado más radicales en sus aspiraciones secesionistas y no lo apoyaron en la investidura de 2019.
Antes de las elecciones del domingo este partido se negaba rotundamente a pactar con cualquiera de las dos grandes coaliciones de derechas o de izquierdas en Madrid.
Sin embargo, tras saber que sus 7 diputados pueden ser decisivos, puso en la mesa las dos condiciones que exige para permitir formar gobierno: amnistía y autodeterminación.
El líder de Junts, Carles Puigdemont, lleva casi seis años prófugo en Bélgica para evadir a la justicia española.
Está acusado de rebeldía y malversación por haber organizado en 2017 un referendo ilegal y haber participado en la declaración unilateral de independencia de Cataluña del 1 de octubre del 2017.
El lunes, un día después de las elecciones, la Fiscalía española solicitó al juez responsable del caso reemitir la orden de busca y captura que pesa contra él.
“Un día eres decisivo a la hora de formar el gobierno español y al siguiente España ordena tu arresto”, tuiteó Puigdemont con sarcasmo el lunes.
La causa que pesa contra Puigdemont -y que podría llevarlo a la cárcel si finalmente lo extraditan a España- se plantea como el principal obstáculo para que Junts permita a Sánchez gobernar con sus socios cuatro años más.
“Ellos van a dar su apoyo a Pedro Sánchez pero van a poner un precio, y este sin duda va a ser que Puigdemont venga a España y quede libre”, le indicó a BBC Mundo el reconocido periodista Mariano Guindal, cronista del diario español La Vanguardia.
Esto, obviamente, plantea un problema: en España el poder judicial es independiente y está por ver hasta qué punto la presión que un partido o un gobierno ejerza sobre los jueces y fiscales podría doblegarlo en un caso tan grave como este.
“Es difícil, pero la política es el arte de hacer posible lo imposible. Un gobierno puede hacerlo todo: hay fórmulas, hay resquicios, hay cambios de leyes… pero cuando un gobierno quiere hacer una cosa, termina haciéndola”.
En cuanto a la autodeterminación, Junts podría exigir que el gobierno español le permita celebrar un referéndum de independencia, es decir, una votación vinculante en la que los catalanes decidan si separarse o no de España y formar su propio Estado.
Esta condición -contando con que el partido la mantenga hasta el final- sería prácticamente imposible de cumplir por dos motivos: la Constitución española lo prohíbe expresamente y el costo político de facilitar la independencia de una de las regiones más importantes de España sería, para el PSOE, de proporciones incalculables.
No obstante, si Junts muestra cierta flexibilidad puede haber términos medios.
“Traer a Puigdemont y dejarlo en libertad sería hasta cierto punto un sapo tragable, pero el referéndum no. En su lugar se podrían impulsar reformas o algún tipo de consulta popular que no sea vinculante. Los políticos tienen asesores muy imaginativos”, afirma Guindal.
Además, ERC, el partido independentista catalán que sí apoyó hasta ahora al gobierno de Sánchez, ha adelantado que renovar su compromiso tampoco saldrá gratis, si bien ha exigido recompensas más factibles: acabar con el déficit fiscal catalán, traspasar al gobierno autonómico la red de trenes de cercanías y seguir negociando para lograr el referéndum, según dijo su candidato Gabriel Rufián.
Así, el complejo entramado de alianzas e intereses del sistema parlamentario español hace difícil la creación de un nuevo gobierno tras los resultados del 23 de julio. De no lograrlo, se repetirán las elecciones en octubre.
No es la primera ocasión en que la investidura de un presidente para formar gobierno en España depende de partidos nacionalistas.
Esto sucedió por primera vez en 1996 con el Pacto del Majestic, llamado así por el hotel de Barcelona que albergó las negociaciones entre el PP y Convergència i Unió (CiU) que permitieron llevar al poder al conservador José María Aznar.
Aznar ganó las elecciones de ese año sin mayoría absoluta- y CiU le brindó, junto a otros partidos regionalistas, el apoyo que necesitaba para formar gobierno a cambio de concesiones políticas.
CiU, predecesor de Junts, era entonces el principal partido nacionalista de Cataluña, no se consideraba independentista y aspiraba a conseguir una mayor autonomía para la región
Más reciente es el ejemplo ya mencionado del actual gobierno de Pedro Sánchez, quien asumió la presidencia en 2018 gracias a una moción de censura que contó con el apoyo de los independentistas catalanes, así como de los nacionalistas vascos del PNV.
Luego llegaron las elecciones de 2019, que se repitieron tras no alcanzarse un acuerdo entre partidos para elegir presidente. En el segundo intento Sánchez fue investido gracias a la abstención de ERC y el apoyo de otros partidos minoritarios.
Los partidos regionalistas han sido actores cruciales en la formación de gobiernos en España, y lo son cada vez más en un entorno marcado por la división de los bloques de izquierdas y derechas que hace prácticamente imposible una mayoría absoluta.
Así, partidos como Junts, con 7 diputados y el objetivo principal de escindir una parte del país, son hoy cruciales para formar gobierno y evitar un bucle interminable de repetición de elecciones. Toda una paradoja de la democracia española.

","['quality_of_life', 'economic', 'policy_prescription_and_evaluation', 'capacity_and_resources', 'public_opinion']",neutral,economic,1,1,0,0,0,1,0,0,0,1,0,1,0,0,¿Cuál es la actitud del autor en esta noticia?,neutral,¿Qué tono tiene esta noticia?,neutral
Noticia_61.txt,"Culto a Bukele, parte de ""marginados populistas"", dice Los Ángeles Times; ""¿por qué nos temen?"", responde el presidente

San Salvador.- El presidente de El Salvador, Nayib Bukele, reaccionó este martes a una publicación del periódico estadounidense Los Ángeles Times y preguntó: ""¿Por qué los principales medios de comunicación nos tienen tanto miedo?"".
En la publicación, 'Dentro del creciente culto a Nayib Bukele de El Salvador, la estrella política de América Latina', se señala que ""Latinoamérica tiene un nuevo héroe a la derecha: el presidente de El Salvador, Nayib Bukele"".
""El impetuoso joven autócrata ha ganado legiones de admiradores en toda la región por su amplia campaña contra las pandillas que ha reducido drásticamente los delitos violentos"", apunta el escrito.
Además se señala que ""el culto a Bukele es parte de una oleada reciente de marginados populistas en todo el mundo y refleja el grado en que el crimen se ha convertido en una gran preocupación en América Latina"".
""¿Culto?"", escribió el mandatario salvadoreño en un mensaje en inglés en Twitter.
""¿Por qué los principales medios de comunicación nos tienen tanto miedo? (...) ¿No os habéis dado cuenta de que los que actúan cada vez más como una secta sois vosotros?"", agregó.
La llamada 'guerra contra las pandillas' en El Salvador tiene a su base un régimen de excepción solicitado por Bukele y avalado por la Asamblea Legislativa, de amplia mayoría oficialista.
La polémica medida de seguridad -implementada para combatir a las pandillas en el país centroamericano- ha sido fuertemente criticada por entes nacionales y extranjeros, quienes han señalado violaciones a derechos humanos en el marco de dicha medida.
No obstante, la estrategia de Bukele contra las pandillas parece que ha sido retomada por mandatarios de otras naciones.
Suscríbete aquí para recibir directo en tu correo nuestras newsletters sobre noticias del día, opinión y muchas opciones más.
","['health_and_safety', 'public_opinion']",neutral,health_and_safety,0,0,0,0,0,0,0,0,1,0,0,1,0,0,¿Qué emoción o tono se refleja en esta noticia?,neutral,¿Qué tono tiene esta noticia?,neutral
Noticia_62.txt,"Investigan favoritismo en Harvard con familiares de exalumnos

Boston.- El Departamento de Educación de Estados Unidos ha abierto una investigación sobre la política de la Universidad de Harvard de dar preferencia a candidatos que tengan parentesco con exalumnos.
La tendencia de las universidades prestigiosas de dar trato preferencial “por legado”, es decir, a candidatos que son familia de graduados, ha despertado controversia desde que la Corte Suprema anuló el mes pasado el uso de la acción afirmativa como herramienta para diversificar los cuerpos estudiantiles.
El departamento notificó el lunes a Lawyers for Civil Rights, un grupo sin fines de lucro basado en Boston, que está investigando la denuncia del grupo de que Harvard “discrimina sobre la base de la raza al usar criterios como donantes o lazos familiares en su proceso de aceptar alumnos de pregrado”.
Un portavoz del Departamento de Educación confirmó que su Oficina para Derechos Civiles ha abierto una investigación sobre Harvard, pero declinó dar más detalles.
La denuncia fue presentada el 3 de julio a nombre de grupos comunitarios negros e hispanos en Nueva Inglaterra. El grupo argumentó que los estudiantes con lazos familiares tienen siete veces más probabilidad de ser admitidos en Harvard, pueden llegar formar un tercio de cada promoción y que un 70% de ellos son blancos. En la promoción de 2019, por ejemplo, un 28% tenía un progenitor u otro familiar que había ido a Harvard.
“Candidatos de color, igual de cualificados y meritorios, se ven perjudicados como resultado de esta política, ya que la abrumadora mayoría de las admisiones son otorgadas a candidatos blancos que se benefician de las preferencias dadas por lazos familiares o donaciones”, declaró la agrupación en un comunicado. “Y lo que es peor, este trato preferencial no tiene nada que ver con los méritos del candidato. Por el contrario, es un beneficio injusto e inmerecido que es otorgado únicamente por la familia dentro de la cual el candidato nació”.

","['security_and_defense', 'public_opinion']",positive,security_and_defense,0,0,0,0,0,0,0,1,0,0,0,1,0,0,¿Cuál es la intención emocional del autor?,positive,¿Qué tono tiene esta noticia?,positive
Noticia_40.txt,"Juez de EU bloquea restricciones de la nueva política de asilo de Biden

Los Ángeles.- Un juez federal en California bloqueó este martes las restricciones de asilo del gobierno del presidente de Estados Unidos, Joe Biden, implementadas en mayo pasado tras el fin del Título 42 y que redujeron sustancialmente en junio pasado los cruces en la frontera.
El magistrado Jon S. Tigar del Distrito Norte de California falló a favor de una demanda de grupos civiles que rechaza la medida al considerar que viola las leyes de asilo de Estados Unidos y pone en grave peligro a los solicitantes.
La demanda fue presentada por la Unión Estadounidense de Libertades Civiles (ACLU), el Centro Nacional de Justicia para el Inmigrante y el Centro Hastings para Estudios de Género y Refugiados.
""El fallo es una victoria, pero cada día que la administración de Biden prolonga la lucha por su prohibición ilegal, muchas personas que huyen de la persecución y buscan refugio para sus familias quedan en grave peligro"", aseguró a EFE Katrina Eiland, directiva de ACLU.
El juez Tigar dio 14 días al gobierno Biden para responder al fallo.
""Estamos dispuestos y listos para pelear en contra de una decisión adversa y de llegar a la Corte Suprema si fuese necesario"", adelantó Blas Nuñez-Neto, subsecretario de Política Fronteriza e Inmigración del Departamento de Seguridad Nacional (DHS).
El juez es conocido por haber bloqueado la medida del gobierno de Donald Trump (2017-2021) que restringía la posibilidad de pedir asilo a los migrantes que hubieran pasado antes por otros países, donde debían dirigir sus solicitudes antes de proseguir su camino hacia EU.
La nueva regla de la Administración Biden se asimila a la de Trump. ACLU y los otros grupos han recordado que durante la campaña electoral Biden prometió restaurar el sistema de asilo; sin embargo, consideran que ""ha duplicado las crueles restricciones de su predecesor"".
Según los demandantes estas reglas ""operan tal como lo hicieron las vedas de asilo del gobierno anterior"".
Al respecto Katrina Eiland, abogada del Proyecto de Derechos de los Inmigrantes de ACLU, dijo en un comunicado que ""hemos recorrido este camino antes con Trump, las prohibiciones de asilo eran crueles e ilegales entonces, y nada ha cambiado ahora"".
La demanda busca ""un retorno por parte del gobierno al proceso legal, lo cual significa que, cuando una persona llega a un puerto de ingreso o cruza (la frontera) entre esos puertos, tiene el derecho de pedir asilo y que de que se escuche su caso"", explicó Eiland.
Las medidas impuestas por el Gobierno Biden y la aplicación de las leyes migratorias tras el fin del Título 42 en mayo pasado, que permitía la expulsión inmediata de migrantes por razones sanitarias, ha logrado una disminución en las detenciones en la frontera suroeste del país.
En junio pasado, el primer mes completo desde que se implementaron las medidas, el número de detenciones cayó a los niveles de febrero de 2021 con 99 mil 545 migrantes detenidos, según la Oficina de Aduanas y Protección Fronteriza (CBP, en inglés).
Sin ambargo, Nuñez-Neto defendió la decisión de su gobierno de imponer las restricciones. ""Tenemos un compromiso para lidiar contra el reto que hay en la frontera dentro de nuestras autoridades legales"", subrayó el funcionario.

","['cultural_identity', 'public_opinion', 'political']",negative,public_opinion,0,0,0,0,0,0,0,0,0,0,1,1,1,0,¿Qué percepción transmite el tono de la noticia?,negative,¿Qué tono tiene esta noticia?,negative
Noticia_41.txt,"Juez desestima demanda de Trump contra el New York Times y le ordena pagar costos legales

Washington. La demanda del expresidente Donald Trump (2017-2021) contra el periódico The New York Times por sus investigaciones sobre las declaraciones de impuestos del exmandatario fue desestimada por el juez encargado del caso.
Trump presentó la demanda en 2021, en la que acusaba al periódico de conspirar con su sobrina para obtener sus declaraciones de impuestos de forma irregular para una serie de artículos publicados en 2018.
En su decisión de este miércoles, el juez del Tribunal Supremo del estado Robert Reed consideró que las investigaciones del periódico estaban claramente protegidas por la Primera Enmienda de la Constitución, según The New York Times.
El juez ordenó también al expresidente pagar los costes legales de los demandados.
Además de al propio periódico, Trump demandó a los periodistas responsables de las investigaciones sobre sus declaraciones de impuestos.
El exmandatario se enfrenta a varios problemas legales en Nueva York, pero como demandado.
Por un lado, está el caso de los pagos a la actriz porno Stormy Daniels, que llevaron a un gran jurado a imputarlo por presunta financiación ilegal.
Además, el expresidente se enfrenta en los tribunales a una demanda por violación y difamación de la escritora E. Jean Carroll.
Suscríbete aquí para recibir directo en tu correo nuestras newsletters sobre noticias del día, opinión y muchas opciones más.
","['morality', 'health_and_safety', 'public_opinion']",negative,health_and_safety,0,0,1,0,0,0,0,0,1,0,0,1,0,0,¿Qué tipo de tono predomina en este texto?,negative,¿Qué tono tiene esta noticia?,negative
Noticia_42.txt,"Justicia belga declara culpables a acusados por atentados de Bruselas en 2016

Bruselas. Un tribunal de Bruselas declaró este martes culpables de ""asesinatos en un contexto terrorista"" al francés Salah Abdeslam y al belga-marroquí Mohamed Abrini por los atentados yihadistas perpetrados en la capital belga en 2016, que dejaron 32 muertos, tras siete meses de juicio.
Abdeslam y Abrini ya habían sido condenados a cadena perpetua por los atentados de París del 13 de noviembre de 2015. La corte belga declaró culpables por los mismos cargos a otros cuatro sospechosos.
Los ataques suicidas del 22 de marzo de 2016 tomaron como blanco el aeropuerto de Zaventem, cerca de Bruselas, y el metro de la capital belga. Fueron reivindicados por el grupo yihadista Estado Islámico.
Cientos de personas resultaron heridas en las explosiones, y siete años después de los hechos, numerosas víctimas, familiares y rescatistas siguen traumatizados.
A tenor del veredicto, Abrini y Abdeslam se exponen a una nueva cadena perpetua, esta vez en Bélgica. La pena se conocerá en septiembre, tras el receso veraniego. Entre tanto habrá una nueva fase de pedidos de la fiscalía y alegaciones de la defensa.
Abdeslam, de 33 años, fue el único superviviente de la célula que atentó en París en noviembre de 2015, y que causó 130 muertos, la mayoría de ellos en la sala de conciertos Bataclan.
Tras la masacre huyó a Bruselas, donde permaneció escondido durante cuatro meses en un apartamento, donde se alojaban miembros de la célula local.
Finalmente fue detenido en el barrio bruselense de Molenbeek, cuatro días antes de los atentados en la capital belga.
El jurado popular, que pasó dos semanas deliberando, rechazó su afirmación de que no estuvo implicado en la preparación de estos ataques.
Por su lado, Abrini fue hallado culpable de ser uno de los integrantes del equipo de suicidas que atacaron el aeropuerto y el metro de Bruselas.
En el juicio, explicó que decidió en el último minuto no hacerse estallar en el aeropuerto, al igual que otro de los acusados en este proceso, Osama Krayem, un sueco de origen sirio que fue también hallado culpable de asesinato.
Otros dos sospechosos, el tunecino Sofien Ayari y el ruandés Hervé Bayingana Muhirwa, fueron absueltos de asesinato pero hallados culpables de participación en organización terrorista.

","['political', 'policy_prescription_and_evaluation', 'public_opinion']",neutral,political,0,0,0,0,0,1,0,0,0,0,0,1,1,0,¿Cómo describirías el tono de esta noticia?,neutral,¿Qué tono tiene esta noticia?,neutral
Noticia_43.txt,"Migrantes mexicanos caen del muro fronterizo en Arizona; uno de ellos murió

Los Ángeles.- La Oficina de Aduanas y Protección Fronteriza de Estados Unidos (CBP) investiga la caída de dos migrantes mexicanos del muro fronterizo en Arizona que culminó en la muerte de uno de ellos, informó este martes la agencia federal.
El incidente ocurrió la noche del 22 de junio en la valla secundaria cerca de San Luis, Arizona.
Las cámaras de CBP observaron a un grupo de cuatro hombres y registraron la caída de uno de ellos.
Agentes de la Patrulla Fronteriza llegaron al lugar, donde encontraron a un migrante mexicano inconsciente “tendido boca abajo, sangrando por la cabeza”, detalló la CBP en un comunicado.
Mientras se prestaba ayuda al migrante, un segundo hombre adulto cayó de la valla, sufriendo heridas en la espada y el abdomen. La CBP dijo que el segundo migrante también era de nacionalidad mexicana.
Los dos hombres fueron atendidos por el Departamento de Bomberos de San Luis y fueron trasladados a un hospital, donde el migrante que fue encontrado inconsciente fue declarado muerto.
El forense del Departamento del Alguacil del condado de Yuma informó que no se realizará una autopsia.
El incidente es investigado por la Oficina de Responsabilidad Profesional de Aduanas y Protección Fronteriza. También se notificó a la Oficina del Inspector General del Departamento de Seguridad Nacional.
Con la llegada del verano los agentes de la Patrulla Fronteriza han intensificado su labor de rescate, elevando el número total de migrantes rescatados en el año fiscal 2023 de 24 mil 56 a finales de mayo a 25 mil 735 a finales de junio.

","['public_opinion', 'political']",neutral,public_opinion,0,0,0,0,0,0,0,0,0,0,0,1,1,0,¿Cuál es la intención emocional del autor?,neutral,¿Qué tono tiene esta noticia?,neutral
Noticia_44.txt,"¿Por qué se cayó la ministra Irene Vélez? Análisis



             

                             



Finalmente y tras casi un año de polémicas por su desconocimiento del estratégico sector que tenía a su cargo, la ahora exministra Irene Vélez ya no va más en el Gobierno.



Era insostenible que la ministra continuará en su cargo. Casi en simultánea, le explotaron dos casos de posible abuso de poder y de aparente tráfico de influencias: un contrato para su esposo y la salida de dos menores de edad sin la documentación requerida, la pusieren no solo en una situación incómoda sino con apertura de procesos por parte de los organismos de investigación.



En efecto, tanto la Procuraduría General de la Nación como la Fiscal le abrieron investigaciones disciplinaria y penal. En el caso de Migración Colombia los indicios son tan contundentes que seguro tendrán efectos por su actuación.



Al margen de estas coyunturas, Vélez fue durante su paso por esta cartera un motivo de perturbación. De hecho, el ministro José Antonio Ocampo tuvo que salir en varias ocasiones y de manera pública a rectificarla y “calmar a los mercados”, según decía el mismo.



Aunque fue una de la ministras polémicas, contó siempre con el apoyo del presidente Gustavo Petro, que la ratificó en varias ocasiones mientras que distintos sectores la criticaban y pedían su salida. 



Las primeras críticas en contra de Vélez se dieron al mes de haber asumido el cargo, en septiembre.  “Necesitamos exigirles también en el marco de esta geopolítica global a los otros países que comiencen a decrecer en sus modelos económicos"", fueron las palabras que esta usó en el Congreso Nacional de Minería del año pasado. Las declaraciones no fueron bien recibidas por sectores que veían esta posición como poco posible frente a la realidad de la geopolítica mundial. A esto se le sumó al pedido casi escolar de la ministra para que el auditorio guardara silencio. 



Esa semana no fue la mejor de Vélez. Al día siguiente iba a dar una rueda de prensa y, ante las preguntas de los periodistas y el desorden, decidió parar de forma abrupta su diálogo con los medios. ""Entonces esto se acaba aquí. Muchas gracias a los que alcanzaron a escuchar"", dijo la ministra ante la algarabía de los varios periodistas que le querían preguntar por su propuesta de decrecimiento. 



En enero de este año, en el Foro Económico Mundial, celebrado en Davos, también hubo polémica por las declaraciones de Vélez. Esta se mantuvo en la posición de que Colombia no celebraría más contratos de exploración de hidrocarburos y hasta dijo que las reservas eran suficientes para sortear la transición energética sin contratiempos. 



Esta posición y los informes que la sustentaban fueron cuestionados por la entonces viceministra de Energía, Belizza Ruiz. Esta, que salió de la cartera por pedido de la hasta hoy ministra, expresó sus dudas a la metodología de los informes que presentaba el Ministerio y hasta señaló imprecisiones que habría en estos. 



Las polémicas que rodearon a Vélez por sus pronunciamientos y posiciones hicieron que el Congreso la citara en dos ocasiones a debates de moción de censura. Sin embargo, en ambas ocasiones la ministra contó con el apoyo de la bancada de Gobierno, que para ese momento no había sido terminada por el presidente Gustavo Petro. 



Irene Vélez sorteó el rechazo a sus posiciones y a las polémicas que estas generaban, siempre con el apoyo del primer mandatario. Sin embargo, no pudo superar los escándalos por los contratos de su esposo con el Estado y la salida del país  presuntamente irregular de su hijo. ","['legality_constitutionality_and_jurisprudence', 'policy_prescription_and_evaluation', 'external_regulation_and_reputation', 'political']",negative,policy_prescription_and_evaluation,0,0,0,0,1,1,0,0,0,0,0,0,1,1,¿Qué percepción transmite el tono de la noticia?,negative,¿Qué tono tiene esta noticia?,negative
Noticia_45.txt,"En debate en el Congreso, reparten culpas por López-Gatell; oposición lo llama ""Doctor Muerte""

La política nacional farmacéutica, el desabasto de medicamentos y los casi 700 mil fallecidos por la pandemia del Covid-19, derivaron en un ríspido debate donde el oficialismo salió en defensa del subsecretario de Salud, Hugo López-Gatell, ante los calificativos de la oposición de “doctor muerte” por el mal manejo de la emergencia sanitaria.
En la Comisión Permanente del Congreso de la Unión y en el marco del debate y aprobación de un exhorto al Consejo de Salubridad General a informar sobre los objetivos y avances en la creación de la Política Nacional Farmacéutica, la gestión del llamado zar anticovid se llevó a tribuna.
La vicecoordinadora del PAN, Kenia López, recordó las cifras de muertes, de contagios, la estrategia de no recomendar el uso de cubrebocas, de no vacunar a los menores de seis años, que derivaron en altas cifras de la letalidad del virus.
“Es por culpa del doctor Gatell que hoy hay un desabasto de medicinas y cuando le reclaman al subsecretario demuestra lo insensible e inhumano que es”, dijo ante el reclamo de morenistas y petistas.
“Porque inhumanamente deciden matar a los mexicanos, en lugar de dar medicinas, salud y vida. ¿Saben por qué?, porque su ambición de poder y de dinero es tan grande, que no se ponen en los zapatos del pueblo de México”, apuntó.
“Para pensar en ese acarreo brutal de dinero para publicitar a sus corcholatas, que por cierto no más no suben. Hoy López-Gatell es el rostro de la muerte, como lo es Morena y este gobierno de López Obrador”, indicó.
La defensa a ultranza fue del diputado del Partido del Trabajo, Reginaldo Sandoval, quien pidió no denostar a López-Gatell y acusó a los panistas de decir mentiras porque su labor en la pandemia fue casi heroica.
“Miren el sistema de salud no los dejaron destrozado totalmente, 300 hospitales en cascarón, el equipo que compraron para esos hospitales se fue a hospitales privados”.
“Y Kenia viene a decir aquí que López-Gatell es el responsable de la estrategia para el tema del combate al asunto de la pandemia de Covid-19, lo señala el ‘doctor muerte’, no el ‘doctor muerte’ es Calderón porque se instruyó que fueran a matar, ese sí declaró la guerra contra el narcotráfico y tenía su cómplice que era Genaro García Luna”, argumentó.
","['legality_constitutionality_and_jurisprudence', 'policy_prescription_and_evaluation', 'crime_and_punishment']",negative,crime_and_punishment,0,0,0,0,1,1,1,0,0,0,0,0,0,0,¿Cómo describirías el tono de esta noticia?,negative,¿Qué tono tiene esta noticia?,negative
Noticia_46.txt,"Gobernador de Oaxaca censura a la prensa; fue él quien pidió excluir a reporteros de reunión en el INE

El gobernador de Oaxaca y presidente de la Conferencia Nacional de Gobernadores (Conago), Salomón Jara (Morena), pidió a la consejera presidenta del INE, Guadalupe Taddei que la reunión de los mandatarios estatales con los integrantes del máximo órgano electoral del país fuera privado y no hubiera representantes de los medios de comunicación.
De acuerdo con fuentes del Instituto, el gobernador habría solicitado que el encuentro con las 11 consejeras y consejeros se llevara a cabo de manera privada.
El acceso principal a la sala de prensa fue cerrado durante la primera parte del evento, por lo que sólo fue posible el acceso por la parte de atrás del edificio, mediante la escalera de emergencia, por lo que los reporteros ingresaron por allí.
Posteriormente, quisieron bajar al Lobby, lugar donde se desarrolló el encuentro, sin embargo, la puerta estaba cerrada con llave.
Lo anterior, a fin de evitar que los medios tuvieran acceso a la reunión entre las consejeras y consejeros y la Conago, que se desarrolló en el piso de abajo.
Incluso, algunas consejerías externaron su extrañamiento a que el evento se hubiera llevado a cabo sin acceso a prensa.
Hacia el término del evento, se abrió este acceso para poder bajar a la explanada del INE.
Tras la denuncia de reporteros que evidenciaron que quedaron encerrados al acudir a la Conferencia Nacional de Gobernadores, la Sala de Prensa del INE aclaró que dicho acceso siempre estuvo abierto para la libre entrada y salida de los periodistas.
""Nunca estuvieron encerrados. El lugar cuenta con dos accesos, y uno de ellos estuvo abierto sin ningún tipo de restricciones"", detalló el organismo en su cuenta oficial de Twitter.
Ante consejeros y consejeras del INE, el gobernador de Sonora y presidente del Consejo Nacional de Morena, Alfonso Durazo abogó porque el presidente Andrés Manuel López Obrador tenga libertad de expresión durante sus conferencias matutinas, así como para los aspirantes de Morena en su proceso interno.
Las 11 consejerías del INE se reunieron con la Conferencia Nacional de Gobernadores (Conago), a la que sólo asistieron siete Morena y aliados, mientras que el resto envió a un representante.
El encuentro tuvo como objetivo abordar la organización de procesos electorales concurrentes; la situación presupuestal de los OPLEs en el contexto del Proceso Electoral Federal y procesos electorales de 2024; seguridad en la contienda y utilización de propaganda y programas sociales durante el periodo electoral.
*El equipo del gobernador negó tener algo que ver con la atención de medios de esta tarde en el INE.
Suscríbete aquí para recibir directo en tu correo nuestras newsletters sobre noticias del día, opinión y muchas opciones más.

","['political', 'policy_prescription_and_evaluation', 'economic', 'legality_constitutionality_and_jurisprudence', 'crime_and_punishment']",negative,political,1,0,0,0,1,1,1,0,0,0,0,0,1,0,¿Qué tipo de tono predomina en este texto?,negative,¿Qué tono tiene esta noticia?,negative
Noticia_47.txt,"López-Gatell justifica desaparición de 35 Normas Oficiales relacionadas con cáncer de mama y salud porque “no se necesitan”

El subsecretario de Prevención y Promoción de la Salud, Hugo López-Gatell, quien preside el Comité Consultivo Nacional de Normalización de Salud Pública, aseguró que se decidió la eliminación de 35 Normas Oficiales Mexicanas (NOM) porque “no se necesitan”.
Entre las NOM eliminadas se encuentran las que definen los criterios y procedimientos para prevenir, detectar, diagnosticar y tratar enfermedades que son catalogadas como problemas de salud pública, como en el caso del cáncer de mama o el cérvico uterino; y cabe resaltar que en México, el cáncer de mama es la primera causa de muerte en mujeres mayores de 25 años.
También normas que establecen la estrategia para tratar la diabetes mellitus, considerada como una epidemia por la Organización de Salud Mundial (OMS); o las infecciones de transmisión sexual, que son consideradas por el gobierno federal como “un grave problema de salud pública”.
“No se necesitan tener normas oficiales para regular la prescripción, la terapéutica, diagnostico de cada una de las enfermedades. Desde siempre, y continua siendo el caso, se brinda atención médica para cubrir estas 35 o más enfermedades, y atender en forma integral a las personas”, señaló Lopez-Gatell.
Dijo que en el país hay garantía de atención médica integral para las más de 35 mil enfermedades definidas, “independientemente de que existan Normas Oficiales Mexicanas, por lo cual no son una condición o requisito”.
Lo anterior, con relación a la publicación en el Diario Oficial de la Federación (DOF), este 1º de junio, del suplemento del Programa Nacional de Infraestructura de la Calidad 2023, para todas las autoridades normalizadoras de la Administración Pública Federal (APF).
López-Gatell dijo que no se trata de una cancelación inmediata de las normas y es “muy probable que quienes hoy difunden estas mentiras tengan algún interés comercial directo en este tipo de empresas, y valdría la pena que se hiciera una investigación sobre cuál fue la vinculación de este tipo de protagonistas sociales en la fabricación de las normas o las intenciones de perpetuar este esquema de dedicación a los intereses privados en vez de proteger, defender y promover el interés público”.
Lo anterior, porque ayer el diputado panista Éctor Jaime Ramírez Barba, secretario de la Comisión de Salud de la Cámara de Diputados, denunció en redes sociales la gravedad de que se eliminaran las NOM.
""La cancelación deja a millones de mexicanas en la incertidumbre respecto a diagnósticos y tratamientos de #CáncerDeMama, tanto en sector público como en el privado"", señaló.
Ramírez Barba refirió que es inadmisible su desaparición porque dichas NOM permitían a miles de mujeres tener acceso a los mejores tratamientos disponibles en México, y mejor esperanza de vida durante y después del cáncer.
""¿Qué pasará con ellas y sus familias que enfrentan esta terrible enfermedad? ¿Qué sucederá con el trabajo que realizaron los más de 300 expertos médicos para lograr que más personas sobrevivan al #CáncerDeMama?"" cuestionó.
Suscríbete aquí para recibir directo en tu correo nuestras newsletters sobre noticias del día, opinión y muchas opciones más.
",['crime_and_punishment'],negative,crime_and_punishment,0,0,0,0,0,0,1,0,0,0,0,0,0,0,¿Qué emoción o tono se refleja en esta noticia?,negative,¿Qué tono tiene esta noticia?,negative
Noticia_48.txt,"Por eliminación de NOM, ministro en retiro Cossío Díaz prevé aumento de litigios contra médicos y hospitales

El sector salud se debilita ""enormemente"" con la cancelación de las 35 Normas Oficiales Mexicanas que plantea el subsecretario Hugo López-Gatell, como presidente del Comité Consultivo Nacional de Normalización de Salud Pública, señaló el ministro en retiro José Ramón Cossío Díaz.
Además, podría provocar un aumento de litigios interpuestos por pacientes inconformes con la atención médica que reciban, si consideran que la extinción de las NOM derivaron en un tratamiento inadecuado.
""Creo que va a haber una posición incremental de litigios contra médicos, hospitales, aseguradoras, servicios de emergencia, residentes, responsabilidades en un mundo que todavía no está nada bien definido"", apuntó.
En el foro: “Las NOMs y la ruta de la regulación en el sector salud”, organizado por la Academia Nacional de Medicina en colaboración con EL UNIVERSAL-Su Médico, refirió que el gobierno del presidente López Obrador se contradice, porque propuso y aprobó la Ley de Infraestructura de la Calidad para garantizar la aplicación de las normas, y contrario a ello, la eliminación es parte de un proceso ""muy neoliberal, de pérdidas de capacidades regulatorias del Estado mexicano"".
""Las normas oficiales mexicanas no son disponibles, no son juguetitos, no son adornitos que estén en el orden jurídico mexicano, están establecidas en una ley recientemente aprobada, derivada de un tratado internacional, y que esas normas oficiales han sido aceptadas e incluidas en el orden jurídico mexicano"", expuso.
Dijo que el subsecretario Lopez-Gatell también está incurriendo en una falta grave al no explicar por qué propone la desaparición de las NOM, ya que el artículo 16 de la Constitución establece que todo acto de autoridad tiene que estar fundado, motivado y ser emitido por autoridad competente.
""Viendo lo mal que va el sector salud en el país, uno podría suponer que esas decisiones están tomando para restringir las posibilidades de participación, o las competencias, o las actividades de la autoridad en el propio sector salud, es decir, la autoridad quita normas y en consecuencia se quita obligaciones, se quita compromisos y, consecuentemente, cuando se le exijan estos compromisos y estas obligaciones, dirá que no los tiene porque no existen las normas"", señaló .
Por su parte, German Fajardo Dolci, presidente de la Academia Nacional de Medicina, dijo que se debe discutir y analizar si es pertinente desaparecer las NOM, o deben actualizarse, porque son instrumentos importantes del Estado mexicano.
""La norma oficial, aunque no esté actualizada, es un piso, digamos, para decir: yo tengo derecho, a mí me deben tratar de esta manera; en ese sentido, esa sería la preocupación. Estamos conscientes de que hay guías de práctica clínica y una serie de recomendaciones para el tratamiento de los pacientes, pero esto no es exigible, una guía no lo hace exigible ante nadie, en caso contrario al de las normas"", explicó en entrevista con EL UNIVERSAL.
Indicó que las normas oficiales están hechas para asegurar seguridad y calidad a los pacientes.
""Yo haría un llamado a través de los mecanismos que ya existen, los comités normativos nacionales, de normalización, cómo se denominan, poder analizarlo, platicarlo y proponer si hay que modificarlo, por supuesto, si hay que actualizarlo, hacer las modificaciones pertinentes, pero siempre la invitación es al diálogo y a la participación"", comentó.
También señaló que fueron invitados representantes de la Secretaría de Salud (SSa) para participar en el foro, pero no asistieron por tener agendados otros compromisos.
Suscríbete aquí para recibir directo en tu correo nuestras newsletters sobre noticias del día, opinión y muchas opciones más.

","['legality_constitutionality_and_jurisprudence', 'crime_and_punishment']",negative,legality_constitutionality_and_jurisprudence,0,0,0,0,1,0,1,0,0,0,0,0,0,0,¿Qué sentimiento evoca esta noticia?,negative,¿Qué tono tiene esta noticia?,negative
Noticia_50.txt,"Desabasto y desaparición de las NOMs

Irene Tello Arista
Cuando decidimos en Impunidad Cero y Justicia Justa investigar a profundidad qué estaba pasando con el desabasto generalizado de medicamentos en 2020, me puse a hablar con varios doctores y expertos en el tema de salud, para entender un poco más cómo funcionaba el tratamiento del cáncer. Como en ese entonces de lo que más se hablaba era de la falta medicamentos para ese padecimiento, quería entender a cabalidad un proceso complejo que no lograba entender. Por ejemplo, entender por qué se suspendían los tratamientos de los pacientes con el desabasto de algunas medicinas. Ahí fue cuando varios doctores nos mencionaron las Normas Oficiales Mexicanas relativas a la atención de distintas padecimientos y áreas terapéuticas. Ante mi completo desconocimiento del tema les preguntaba por qué no podían modificar los tratamientos oncológicos y por qué tenían que suspenderse las quimioterapias al faltar algunos medicamentos, la respuesta eran las NOMs, y es que los doctores tenían que seguir lo que estas normas establecían para garantizar la calidad de los tratamientos. Por lo que me explicaban, las NOMs habían sido creadas por un grupo grande de expertos de diversas instituciones y organizaciones, siguiendo estándares internacionales sobre atención médica respecto a diversos temas terapéuticos y establecían el protocolo a seguir para temas de prevención, diagnóstico y atención de enfermedades.
Menciono todo esto para hablar de dos temas importantes que es importante tomar en cuenta y relacionar: el desabasto de medicamentos que persiste en el país y el tema de la propuesta de la eliminación de las 35 NOMs oficiales, varias de ellas relativas al tratamiento de enfermedades para las cuales persiste el desabasto, como el cáncer de mama y diabetes. Respecto al tema de desabasto de medicamentos y por más anuncios falsos por parte del gobierno de que el problema ya se resolvió, conviene resaltar la cifra del informe del colectivo Cero Desabasto que informa que, en 2022, más de 15 millones de recetas no se surtieron efectivamente en las principales instituciones de salud. El desabasto de medicamentos persiste en el país debido a los problemas de compra y distribución de medicamentos que no ha logrado resolver el gobierno federal. Ante esto, además, como bien menciona el informe “Radiografía del desabasto en México 2021”, han aumentado los reportes ante la Cofepris sobre el robo y la falsificación de medicamentos. A todo esto, se suma el problema de la desaparición del Insabi y del uso indebido que se hizo del Fondo de Protección contra Gastos Catastróficos.
Viendo el desastre que tenemos en temas de salud ocasionados por malas decisiones de políticas públicas de la actual administración, conviene preguntarse por qué el interés en este momento de eliminar algunas normas oficiales respecto a la atención a la salud. Nuevamente parece ser un tema de querer ahorrar recursos en temas prioritarios en los que no habría que ahorrar, así como de quitar los estándares de calidad que garantizaban la prevención, diagnóstico y tratamiento de ciertos padecimientos. Si se llegan a eliminar estas Normas Oficiales los más afectados serán los pacientes, sobre todo los de escasos recursos. Lo preocupante es que nuevamente se menciona la narrativa oficial de que estas normas existen para proteger los intereses corruptos de farmacéuticas, todo ello sin que una sola investigación o sanción se haya hecho para demostrar estos cargos y realmente hacer algo contra estas redes de intereses. Pero por más que se insista en esta falsa narrativa algo queda claro, con el tema del desabasto de medicamentos y el desastre en el sistema de salud, la desaparición de las NOMs también les viene como anillo al dedo.
","['crime_and_punishment', 'security_and_defense', 'quality_of_life', 'public_opinion', 'political']",neutral,security_and_defense,0,0,0,0,0,0,1,1,0,1,0,1,1,0,¿Qué emoción o tono se refleja en esta noticia?,neutral,¿Qué tono tiene esta noticia?,neutral
Noticia_51.txt,"El mensaje de despedida de Armando Benedetti, quien ya no es más embajador en Venezuela



                           

                             



Ahora sí es definitivo: Armando Benedetti no es más embajador de Colombia en Venezuela. El exdiplomático salió del Gobierno Nacional este 19 de julio tras ser uno de los protagonistas del escándalo en el caso de la exjefa de Gabinete Laura Sarabia. 



Sus actuaciones y su afirmación de que ayudó a conseguir 15.000 millones para la campaña del presidente Gustavo Petro desencadenaron en cuestionamientos frente al Gobierno Nacional y a la forma como se consiguieron los recursos en las elecciones del año pasado.



Por esta controversia, Benedetti ha sido llamado a la Procuraduría, Consejo Nacional Electoral y la Fiscalía. Además, perdió su cargo como jefe de misión en la segunda embajada más importante para Colombia. 



Aunque inicialmente su renuncia fue aceptada desde el pasado 23 de junio, tras una solicitud que hizo él para terminar de entregar su cargo, la aceptación se alargó hasta este 19 de julio. 



Este miércoles, Benedetti compartió un mensaje en sus redes sociales. ""En mi último día como embajador de Colombia en Venezuela, quiero reiterar mi cariño a los ciudadanos venezolanos y los esfuerzos que adelanté, con diferentes autoridades, para mostrar la inclemencia de las sanciones económicas que no han servido en ninguna parte del mundo"". 



Por otro lado, destacó algunas acciones que adelantó mientras fue el jefe de la misión: ""1. Se restablecieron la relaciones con Venezuela. 2. Se firmó un convenio de aranceles.

3. Se abrieron los cielos y se reactivó el transporte terrestre. 4. Incrementó en un 200% las exportaciones a Venezuela"". 



""5. Disminución en el precio de la tonelada de urea, de gran beneficio para el agro colombiano. 6. Cooperación judicial para adelantar los trámites de connacionales que requieren asistencia jurídica. 7. Operaciones conjuntas entre Ministerios de Defensa contra el narcotráfico"", continuó. 



Benedetti, hace unos meses en entrevista con EL TIEMPO, aseguró que prácticamente había hecho ""todo"" lo que se le había asignado y añadió que no era ""tan fácil"" ganarse la confianza del chavismo, pues la disciplina partidista y militante del partido de gobierno impedía que cualquier extraño tomara un espacio en el entorno.



“Sin caer en la vanidad, creo que lo que hemos hecho desde el día cero es bastante. Aquí no empezamos de cero, empezamos de menos 10 para llegar a 10. Pero nos faltan los consulados”, le dijo a este diario el 1 de marzo. También afirmó que él fue puente para que Petro y Maduro tuvieron una conversación permanente. “Los puse a hablar tanto que ahora me entero de lo que hablan es por Twitter”, dijo bromeando.



Varias fuentes le dijeron a este medio que el exembajador estableció conexiones con Nicolás Maduro Guerra, hijo del presidente Maduro. Ese contacto pareció funcionar bien al principio, pero no tanto en los últimos meses. Fuentes en Caracas aseguran que Miraflores, que está empeñado en cambiar su imagen entre los venezolanos, empezó a incomodarse con el relajado estilo de Benedetti e incluso celebraron la salida del ahora exembajador. 



Ahora bien, su salida también se dio en medio de fuertes tensiones con el canciller Álvaro Leyva. En el interior del Ministerio de Relaciones Exteriores varios señalan que Benedetti fue una rueda suelta ""ingobernable"". 



Esto quedó en evidencia en los múltiples viajes que realizó el exdiplomático sin pedir el permiso del canciller. Incluso, por esta razón, le descontaron 15 días de sueldo ya que se ausentó de Caracas sin la debida justificación. 

","['legality_constitutionality_and_jurisprudence', 'political', 'crime_and_punishment']",neutral,legality_constitutionality_and_jurisprudence,0,0,0,0,1,0,1,0,0,0,0,0,1,0,¿Cuál es la actitud del autor en esta noticia?,neutral,¿Qué tono tiene esta noticia?,neutral
Noticia_52.txt,"Angélica Lozano ganó votación en Alianza Verde; sigue puja por presidencia del Senado



                    

                             



Con ocho votos de 13, Angélica Lozano ganó la votación interna en la Alianza Verde para presentar su candidatura única a la presidencia del Senado, dignidad que le corresponde esta legislatura a su partido.



Sin embargo, en la colectividad no han logrado llegar a consensos y probablemente otros miembros de su partido presenten sus nombres a la plenaria este jueves 20 de julio, cuando se inicie el nuevo periodo legislativo.  



Iván Name, Inti Asprilla y Fabián Díaz –quien no ha manifestado su intención de aspirar– no participaron de la votación. Y Ariel Ávila, quien tiene interés en ocupar el cargo, se abstuvo de participar.



Así las cosas, el reemplazo de Alexander López como presidente del Congreso solo se definiría hasta este jueves, cuando la plenaria se incline por uno de los nombres pertenecientes a la Alianza Verde que se postule a la dignidad.



","['political', 'crime_and_punishment']",neutral,political,0,0,0,0,0,0,1,0,0,0,0,0,1,0,¿Cómo describirías el tono de esta noticia?,neutral,¿Qué tono tiene esta noticia?,neutral
Noticia_53.txt,"20 de julio: ¿por qué un florero fue el detonante de la Independencia de Colombia?



                          

                             



Este jueves Colombia celebra 213 años de independencia. El 20 de julio de 1810 un levantamiento popular en la Plaza Mayor de Bogotá que tuvo a un florero como detonante terminó con el histórico ""Grito de la Independencia"" e inició así el proceso de emancipación de la Nueva Granada del dominio español.



¿Por qué un florero fue determinante en la Independencia de Colombia?



El comerciante español José González Llorente era el dueño de una tienda situada en lo que hoy es la esquina de carrera séptima con con calle once. Allí acudió el criollo Luis de Rubio para pedir prestado un florero con el propósito de decorar una mesa para una comida en homenaje al comisario Real, Antonio Villavicencio.



Llorente se negó de manera despectiva y esto provocó toda una revuelta en la Plaza Mayor de Bogotá. Ahora bien, la excusa del florero estaba calculada con anterioridad por Rubio y otro criollos como José Miguel Pey, Camilo Torres, José Acevedo Gómez, Joaquín Camacho, Jorge Tadeo Lozano y Antonio Morales, quienes usarían ese acto como el motor de la trifulca.



Pero en realidad, los criollos venían hablando de la necesidad de cambios por parte de la corona española, que no se daban. Buscaban un mecanismo que les permitieran hacer parte de la toma en firme de decisiones para mejorar su calidad de vida, así como de la oportunidad de ocupar cargos importantes.



Por eso, la negativa permitió la intervención de Francisco José de Caldas y Antonio Morales, que inmediatamente alertaron al pueblo de la afrenta al pueblo americano.



También José María Carbonell tuvo un papel fundamental como agitador de la revolución. Este incitó a los criollos a congregarse en la Plaza Mayor de Bogotá, armados con palos y fuego, como una muestra de protesta y resistencia ante las decisiones del Virrey de España.



Carbonell aprovechó sus relaciones con diversos sectores de la sociedad, como mercaderes y yerbateros, para impulsar y mantener la lucha por la independencia.



""Indios, blancos, patricios, plebeyos, ricos y pobres empezaron a romper a pedradas las vidrieras y a forzar las puertas. El virrey, las autoridades militares y los españoles, contemplaron atónitos ese súbito y violento despertar de un pueblo al que se habían acostumbrado a menospreciar"", se lee en algunos documentos.



Ahora bien, el portal Colombia.co relata que, aun cuando Llorente negó lo acontecido y no hubo por su parte mayor ofensa, el pueblo heterogéneo que concurría la plaza mayor arremetió contra el virreinato, provocando una revolución que desembocó en la inminente firma del Acta de Independencia de Santafé, dirigida por decisión de la Junta de Gobierno.



""Aunque no fue la única revolución ni la más certera, es considerada como la fecha oficial de la independencia porque abrió el sendero de intensas luchas libertarias contra la corona española"".



La lucha por la independencia continuó durante varios años, y finalmente, el 7 de agosto de 1819, se logró la victoria definitiva en la Batalla de Boyacá, que condujo a la creación de la Gran Colombia, una entidad que incluía a Colombia, Venezuela, Ecuador y Panamá, bajo el liderazgo de Simón Bolívar y Francisco de Paula Santander.","['legality_constitutionality_and_jurisprudence', 'policy_prescription_and_evaluation', 'public_opinion', 'political', 'capacity_and_resources']",neutral,political,0,1,0,0,1,1,0,0,0,0,0,1,1,0,¿Cómo describirías el tono de esta noticia?,neutral,¿Qué tono tiene esta noticia?,neutral
Noticia_54.txt,"'Acatamos, pero vamos a apelar': la reacción del Partido Liberal a sanción del CNE



                  

                             



Luego de que este miércoles se conoció la sanción del Consejo Nacional Electoral (CNE) al Partido Liberal por no celebrar sus convenciones al menos cada dos años, como exige la ley, desde la colectividad hicieron un breve pronunciamiento.



""Acatamos la decisión, vamos a apelar, seguimos en nuestra campaña regional y la vamos a ganar con nuestros avales y candidatos liberales"", señalaron desde el Partido Liberal.



La última convención fue realizada en mayo de 2020 y debía realizarse a más tardar en mayo de 2022, pero esto no fue así por cuenta del proceso electoral del año pasado.



Para el CNE, hubo ""la omisión en la celebración por lo menos durante cada dos (2) años de convenciones que posibiliten a sus miembros influir en la toma de las decisiones más importantes de la organización política, con transgresión de lo dispuesto en el inciso 2º del artículo 108 de la Constitución Política y el artículo 16 de los estatutos internos de este partido"".



Ante la falta, de acuerdo con lo determinado por la magistrada Fabiola Márquez, se le ordenó a la colectividad que en un periodo no mayor a cuatro meses, desde que quede ejecutoriada la determinación administrativa, el Partido Liberal debe celebrar una nueva convención, en la que se elijan sus directivas.



Asimismo, como lo reveló la Unidad Investigativa de EL TIEMPO, se estableció una sanción de privación estatal de los recursos que en la ponencia está por un monto alrededor de los 25 millones de pesos.



Hay que resaltar que la determinación del CNE deja ilesos los avales del Partido Liberal. Como se obliga a que la convención se celebre en un periodo de cuatro meses desde que sea ejecutoriada la decisión, esto significa que podrá celebrarse después de las elecciones regionales, fechadas para el 29 de octubre.","['legality_constitutionality_and_jurisprudence', 'political']",negative,political,0,0,0,0,1,0,0,0,0,0,0,0,1,0,¿Cómo es el sentimiento general de esta noticia?,negative,¿Qué tono tiene esta noticia?,negative
Noticia_55.txt,"Presidente Petro catalogó de 'invasión imperialista' guerra en Ucrania



                            

                             



El presidente Gustavo Petro intervino en el segundo día de la Cumbre CELAC-UE. En sus cinco minutos de discurso, el mandatario reiteró sus posiciones sobre el medio ambiente e hizo duros señalamientos en contra de las potencias y su acción militar.



El primer mandatario se pronunció de forma categórica sobre la invasión de Rusia a Ucrania, pero al mismo tiempo llamó la atención frente a acciones militares llevadas a cabo por Estados Unidos y distintos países que hacen parte de la Unión Europea.



“Existe una invasión imperialista en Ucrania, pero cómo se llama la que hubo en Irak, Libia o Siria. Por qué esta tuvo esta redacción y las otras no. ¿No sería mejor trabajar en un concepto general que criminalice las invasiones?”, dijo el primer mandatario, que propuso “un concepto general que criminalice la invasión de un país sobre otro”.



En otros puntos habló de la realización de la cumbre CELAC-UE en Colombia en 2025. Este aseguró que desde ya se están articulando los puntos de la agenda, que tendría un claro enfoque medio ambiental.



En este punto expuso uno de los puntos de divergencia entre el bloque de la Unión Europea y la CELAC. “Tenemos una diferencia en que se ha presentado en el lado europeo un comercio de productos que no tengan detrás deforestación. Toda agricultura ha deforestado. La de ustedes y de nosotros. El criterio de comercio debe ser la huella carbón”, dijo el mandatario colombiano.



En este sentido señaló que la Unión Europea tiene una huella tres veces mayor que la de América Latina y que para equilibrar la balanza es necesaria una descentralización de la producción, para que esta también tenga como base el continente latinoamericano.



“Entre más producción descarbonizada se genere, debe haber más prosperidad social”, dijo Gustavo Petro que pidió un cambio de conceptos frente a lo que propone el capitalismo actual: “Podemos ser ricos si hay más cultura y conocimiento y otra cultura alrededor de la economía descarbonizada”.



En la última parte de su discurso volvió a criticar la forma en que se ha abordado la inmigración. Para el mandatario, el freno a esta no debe ser “campos de concentración y las barreras”, sino “llevar el bienestar al lugar geográfico del inmigrante”.



Además, reiteró su propuesta de un “plan Marshall climático” y la tesis de cambiar deuda por acción climática. En este sentido señaló que no se trata de condonación sino de mayor emisión para cubrir la deuda.","['legality_constitutionality_and_jurisprudence', 'crime_and_punishment', 'public_opinion']",neutral,legality_constitutionality_and_jurisprudence,0,0,0,0,1,0,1,0,0,0,0,1,0,0,¿Cuál es la intención emocional del autor?,neutral,¿Qué tono tiene esta noticia?,neutral
Noticia_37.txt,"El contrapunteo entre Gustavo Petro e Iván Duque por el fallo de La Haya sobre el mar



                           

                             



La semana pasada se dio la que es considerada la mayor victoria internacional y diplomático de Colombia en las últimas décadas. La Corte Internacional de Justicia falló a favor del país y le negó a Nicaragua su pretensión de extender su plataforma continental más allá de las 200 millas afectando los derechos que tiene Colombia sobre su mar. 



Si bien son varias los analistas que señalan que este favorable resultado en la CIJ es el resultado de un trabajo que se mantuvo desde el 2013 y una política de Estado que les dio prelación a los argumentos y la estrategia por encima de los cambios de Gobierno.



Pese a esto y a que fueron varios los que coincidieron en que esta victoria fue para el país, el presidente Gustavo Petro y el expresidente Iván Duque han sostenido una discusión este miércoles en redes sociales por los méritos de la victoria.  



Muy temprano en la mañana, Duque publicó en sus redes sociales un trino en el cual aseguró: ""El triunfo de Colombia en La Haya es de la institucionalidad colombiana y los héroes son los agentes Manuel José Cepeda y Carlos Gustavo Arrieta. También hay que agradecer a la Armada Nacional y la Cancillería"". 



Hay que recordar que el exprocurador Arrieta fue el agente del caso por 9 años y Cepeda, expresidente de la Corte Constitucional, coagente. Ambos fueron escogidos para estos roles en el 2013, cuando Juan Manuel Santos tenía la Presidencia. En ese año Colombia fue demandada dos veces por Nicaragua. 



Dentro de ese equipo inicial también estuvo el exsecretario de la CIJ Eduardo Valencia-Ospina, quien desde octubre del año pasado fue designado como el agente principal. 



Duque, por otro lado, agregó que Cepeda y Arrieta lideraron la respuesta a las demandas de la plataforma y presuntas violaciones a los derechos de Nicaragua; la réplica a las dos demandas; la dúplica a las dos demandas y la audiencia oral en la demanda de las presuntas violaciones a los derechos de Nicaragua.



“Esto es un hijo de 10 años de trabajo y esfuerzo. En medio de un ambiente político complicado y un gran cuestionamiento, porque decían que no éramos internacionalistas, logramos sacar (el proceso) adelante y demostramos que los argumentos eran sólidos y plenamente ajustados al derecho internacional”, dijo en diálogo con EL TIEMPO Arrieta.



El expresidente, igualmente, señaló que los dos agentes fueron nombrados en el gobierno Santos y ratificados en su gobierno. Y ahí lanzó la pulla: ""El actual gobierno los cambió y sólo llevó los agentes a la última audiencia oral. El triunfo es de Colombia y sus agentes, así que no vengan a cobrar victorias sin méritos"". 



Esto generó una reacción por parte del presidente Petro, quien dijo: ""Ellos pierden el mar y nosotros lo defendemos pero les quedamos debiendo. El triunfo es de un equipo de juristas, entre ellos raizales, que cambiaron la estrategia equivocada de sus gobiernos. El triunfo es del pueblo raizal, sin él no tendríamos a San Andrés y su mar"".



Luego cuestionó: ""¿Qué tal que nuestro equipo hubiera perdido el fallo como si lo perdieron los equipos jurídicos tradicionales de los anteriores gobiernos? ¿Qué estarían diciendo? Aquí hay un gobierno patriótico que esta dispuesto a la lucha por defender nuestro territorio y nuestro pueblo"". 



Y es que en octubre de 2022 parte del equipo de defensa se cambió. Valencia-Ospina fue nombrado como agente; la embajadora en Países bajos Carolina Olarte como coagente y ese mismo rol también se le designó a la actual viceministra de Asuntos Multilaterales Elizabeth Taylor, quien además es raizal. También se nombró como asesor al abogado Gabriel Cifuentes.



Entre los que se mantuvieron del equipo anterior están el coordinador especial Andrés Villegas y los cinco abogados internacionales Michael Reisman, Rodman Bundy, Jean-Marc Thouvenin, Laurence Boisson y sir Michael Wood (Reino Unido).



El decano de la Facultad de Ciencias Políticas de la Universidad de La Sabana, Carlos Arévalo, le aseguró a este diario que pese a los cambios,  “todos los agentes de Colombia han sido personas que han representado con dignidad los argumentos a favor y en todos los fallos hubo elementos para ganar como ganamos. Este fallo, además, reivindica los logros que tuvo cada equipo de defensa”.



Resalta, igualmente, la diversidad y composición de la defensa y califica como un acierto el nombramiento de Valencia-Ospina y de Olarte. “Es la primera vez que teníamos a dos figuras tan potentes en el derecho internacional, que realmente han dedicado su vida al estudio de la práctica del derecho internacional. Son personas que pueden hablar de aspectos técnicos con la Corte y eso nos dio una ventaja”, agrega el decano. 



También destaca el nombramiento de la viceministra Elizabeth Taylor, quien fue además la primera mujer en representar a la comunidad raizal. Esta población también tuvo participación en el equipo desde un inicio, así como también lo tuvo la Armada Nacional.



Arrieta, por su parte, mencionó que ellos dejaron listas las ""intervenciones para las audiencias del 5 de diciembre que fueron, con algunos menores ajustes, las que se desarrollaron de conformidad con los documentos que habíamos presentado"". 



También reflexionó: ""Esto no es un triunfo de un equipo ni del anterior, es de un equipo de todos los colombianos. Cuando persistimos sin intervenciones políticas logramos sacar adelante las cosas"". 



Ahora bien, la crítica de Duque también causó reacción al interior del equipo de defensa. Cifuentes, quien fue asesor, le respondió al exmandatario y lo invitó a debatir: ""Línea de defensa lo precede y aún saca pecho. Desconoce ordenanza 4 oct e importancia audiencias diciembre 22. No asume condena a Colombia en abril 22 cuando ud era presidente. Pide reconocimiento pero reniega al actual equipo. Lo invito a debate, lo han informado pobremente (sic)"".



Por último, el canciller Álvaro Leyva igualmente se pronunció al respecto. ""No se niegue lo innegable. El nuevo agente en La Haya, la embajadora coagente y la Vicecanciller coagente raizal, marcaron la diferencia. La intervención del agente Valencia trazó la ruta. @petrogustavo siempre guiando. Será la victoria de todos los ribereños de las Antillas"". ","['morality', 'health_and_safety', 'public_opinion']",neutral,health_and_safety,0,0,1,0,0,0,0,0,1,0,0,1,0,0,¿Qué tipo de tono predomina en este texto?,neutral,¿Qué tono tiene esta noticia?,neutral
Noticia_38.txt,"Tributaria: habrá impuesto a bebidas azucaradas y alimentos ultraprocesados







El ministro de Hacienda designado, José Antonio Ocampo, confirmó este jueves que la reforma tributaria, que se presentará al Congreso de la República, incluirá el impuesto a las bebidas azucaradas y alimentos ultraprocesados.



“El de bebidas sí y el de alimentos ultraprocesados”, dijo Ocampo a medios de comunicación. 



El Colectivo José Alvear Restrepo (Cajar) le solicitó este martes al gobierno del presidente electo, Gustavo Petro, y la vicepresidenta electa, Francia Márquez, incluir el impuesto a las bebidas endulzadas. Argumentan que este impuesto ""busca desestimular el consumo de este dulce veneno que hace mucho daño a los niños, niñas y adolescentes, quienes son los que más toman gaseosas, jugos endulzados y aguas saborizadas en los colegios públicos y privados"".



El Cajar ha denunciado que el consumo de productos comestibles o bebibles ultra-procesados, comúnmente conocidos como 'comida chatarra', tiene incidencia en el padecimiento de enfermedades crónicas no transmisibles como la diabetes, la hipertensión, problemas cardiovasculares y algunos tipos de cáncer, cuyo tratamiento, aseguran, le cuesta a las finanzas públicas un gasto anual de cerca de 25 billones de pesos.



Sin embargo, Luis Carlos Reyes, el director designado de la Dian, dijo hace unos días que no se propondría la implementación de impuestos a las bebidas azucaradas y los planes de celulares, como lo habían mencionado las ministras designadas de Salud y de Cultura, respectivamente.



Reyes explicó que no se tocarán ""las finanzas del colombiano de a pie"" y que, por el contrario, se discutirán ""todas las posibilidades que estén sobre la mesa, siempre teniendo en cuenta que a la persona de clase trabajadora no debería cobrársele un peso más en impuestos"". Y en ese orden de ideas, aseguró que si el impuesto a las bebidas azucaradas ""toca el bolsillo del colombiano de a pie"" no se propondría.



El director designado afirmó que lo que se busca con la nueva reforma tributaria es proteger las finanzas de la clase media y la clase baja.","['political', 'fairness_and_equality', 'capacity_and_resources', 'public_opinion', 'crime_and_punishment', 'health_and_safety']",negative,health_and_safety,0,1,0,1,0,0,1,0,1,0,0,1,1,0,¿Cómo es el sentimiento general de esta noticia?,negative,¿Qué tono tiene esta noticia?,negative
Noticia_39.txt,"Impuesto a bebidas azucaradas no ha muerto, según Minsalud designada







El director designado de la Dian, Luis Carlos Reyes, aseguró durante el pasado lunes que no se propondría la implementación de impuestos a las bebidas azucaradas, contradiciendo lo que anteriormente había mencionado la ministra de Salud designada, Carolina Corcho.



Aún así, Corcho dijo este lunes en su cuenta de Twitter que este proyecto sigue sobre la mesa: ""Estamos en planeación y empalme del Gobierno entrante, aún está en definición contenidos precisos de reforma tributaria. Los impuestos a las bebidas azucaradas están sobre la mesa del análisis como una medida de salud pública para prevención de enfermedades crónicas. ¡Paciencia!"".



Reyes había declarado que si esta medida ""toca el bolsillo del colombiano de a pie"", no se propondría.","['health_and_safety', 'public_opinion', 'political']",negative,public_opinion,0,0,0,0,0,0,0,0,1,0,0,1,1,0,¿Qué tono tiene el autor al escribir esta noticia?,negative,¿Qué tono tiene esta noticia?,negative
Noticia_63.txt,"Coca-Cola clásica vs. la Zero: ¿la segunda en realidad tiene menos azúcar?





En una farmacia de Atlanta, Georgia (Estados Unidos), llamada Jacobs se creó la que sería una de las bebida más consumida en el país estadounidense y una representación de la cultura norteamericana en todo el mundo.



Desde su nacimiento, en 1886, la Coca-Cola ha sido tan exitosa como controversial, principalmente por su alto contenido de azúcar, que es calificado por los expertos como peligroso si se consume en exceso. 



“Cuando bebes algo dulce, sea con azúcar o no, tu cuerpo detecta ese dulce. Entonces segrega insulina. La insulina es lo que recoge el el azúcar de la sangre y lo lleva a los órganos. Cuando tomas azúcar, segregas insulina. Por lo que si te tomas una Coca-Cola normal a mitad de la tarde te da un pico de azúcar brutal y eso no es bueno”, explicó Cribeo Laura Martínez, especialista en nutrición y genética, y directora de Greenology al diario español 'La Vanguardia'.



Por esta razón, años atrás, la marca decidió lanzar una Coca-Cola Zero, comercializada como una bebida que hacía menos daño a la salud que la tradicional. Pero, ¿esta de verdad es mejor y contiene menos azúcar?



De acuerdo con el medio mencionado, el cambio entre una y otra con respecto a su sabor no es muy grande a pesar de que dice tener cero azúcar. Esto se logra por medio de dos edulcorantes: el aspartamo y el acesulfamo potásico. 



El problema viene con estos dos productos, que pueden tener efectos negativos, diferentes a los que tiene el azúcar en exceso, en nuestro cuerpo, según aseguró la experta: ""Lo que sucede con la Coca-Cola Zero es que no lleva azúcar, pero como el cuerpo detecta el sabor dulce, segregas insulina igualmente, y esta se lleva el poco azúcar que tienes en sangre induciendo una fuerte bajada de glucosa"".



Ahora bien, las dos principales consecuencias de esta reacción biológica a los edulcorantes son el aumento del apetito, debido a la bajada de glucosa, y el estrés del pancreas, que debe producir insulina de manera innecesaria.","['security_and_defense', 'public_opinion', 'economic', 'external_regulation_and_reputation']",positive,security_and_defense,1,0,0,0,0,0,0,1,0,0,0,1,0,1,¿Qué percepción transmite el tono de la noticia?,positive,¿Qué tono tiene esta noticia?,positive
Noticia_49.txt,"¿Alcohol en gaseosas? El giro que están haciendo grandes compañías







JOHNSON CITY, Tennessee — En la esquina de una calle tranquila, un letrero marca el lugar de nacimiento de un gigante de las bebidas: aquí, en 1954, la Tri-City Beverage Corporation embotelló su primera caja de Mountain Dew.



Sus inventores lo utilizaron como mezclador con bourbon. “Mountain dew” es un apodo del alcohol hecho con alambique. Las etiquetas de las primeras botellas del gaseosa prometían que estaba “especialmente mezclado al estilo tradicional de los montañeses”.



PepsiCo compró la compañía en 1964 y terminó construyendo una marca global orientada a la juventud, promocionada por atletas de deportes extremos, dejando atrás las raíces de los Apalaches de la bebida. En cierta forma, Mountain Dew cerró el círculo el año pasado cuando PepsiCo cambió la marca hacia una nueva bebida alcohólica: Hard Mtn Dew.



Su contenido alcohólico es “exactamente de lo que se trata Mountain Dew”, dijo Charles Gordon Jr., propietario de Tri-City Beverage.



Hard Mtn Dew refleja un cambio importante en la industria del alcohol, que durante el último siglo produjo principalmente bebidas categorizadas como cerveza, vino o licores. Ha surgido una cuarta categoría de bebidas listas para beber —hard seltzers, o agua carbonatada con alcohol, y otras bebidas de malta con sabor y cocteles enlatados. Aunque estos productos difieren en los ingredientes y en la forma en que se procesa el alcohol, por lo general todos tienen sabor y se envasan para el consumo casual.



“Apenas en los últimos tres o cuatro años se convirtió en una categoría importante”, dijo Nadine Sarwat, analista en Bernstein Research. En un giro importante, PepsiCo y Coca-Cola han lanzado productos alcohólicos en el mercado estadounidense. Y en febrero, Monster Beverage, un fabricante de bebidas energéticas, empezó a develar su primera línea de bebidas alcohólicas llamada The Beast Unleashed.



Pero a medida que las muertes relacionadas con el alcohol establecen récords en Estados Unidos, los reguladores y los expertos en salud pública expresan su preocupación de que las nuevas bebidas puedan alterar la forma en que las personas beben alcohol. Algunos también expresaron su preocupación de que los nuevos productos pudieran revertir la disminución a largo plazo en el consumo de alcohol por parte de los jóvenes.



La práctica popular de evitar calorías y carbohidratos tiene años de reducir la participación de mercado de la cerveza, dijo Bonnie Herzog, directora administradora en Goldman Sachs.



Al mismo tiempo, las compañías de bebidas alcohólicas luchan por recuperar a los menores de 30 años, que consumen menos alcohol que las generaciones anteriores a esa edad. Y la pandemia del coronavirus turbocargó las ventas de productos portátiles a medida que los consumidores buscaban bebidas que pudieran tomar en casa.



Hard Mtn Dew ejemplifica estas tendencias. No contiene azúcar ni cafeína, y aprovecha el vínculo de los consumidores con una marca que conocen desde hace años. Aunque el nuevo producto contiene 5 por ciento de alcohol por volumen, una lata de 710 mililitros contiene el equivalente a dos bebidas estándar.



En el 2018, Coca-Cola incursionó en el mercado cuando presentó Lemon-Dou en Japón, la primera bebida con alcohol entre sus marcas desde la década de 1980. En el 2020, la compañía se asoció con Molson Coors Beverage Company para hacer Topo Chico Hard Seltzer, y el año pasado, Coca-Cola firmó acuerdos para producir cocteles Fresca Mixed, Simply Spiked Lemonade y un Jack & Coke enlatado.



En una llamada de ganancias el 14 de febrero, James Quincey, director ejecutivo de Coca-Cola, citó sus “primeros experimentos con alcohol” como Jack & Coke como una forma de que la compañía sea “una compañía de bebidas integral  —en todas partes”.","['policy_prescription_and_evaluation', 'political', 'security_and_defense', 'quality_of_life', 'legality_constitutionality_and_jurisprudence', 'external_regulation_and_reputation', 'public_opinion']",neutral,policy_prescription_and_evaluation,0,0,0,0,1,1,0,1,0,1,0,1,1,1,¿Cuál es la actitud del autor en esta noticia?,neutral,¿Qué tono tiene esta noticia?,neutral
Noticia_145.txt,"Ojo: conozca los plazos para pagar impuestos aprobados con la reforma tributaria







La Dian (Dirección de Impuestos y Aduanas Nacionales) ya definió los plazos para la presentación de la declaración y pago en 2023 de aquellos impuestos introducidos con la reforma tributaria. Se dividen así:



Se dividen así:



Sobretasa del Impuesto sobre la Renta y Complementarios de Grandes Contribuyentes: aquellas entidades, empresas, aseguradoras y demás sociedades que figuran como Grandes Contribuyentes y que están obligadas al pago de la sobretasa liquidarán un anticipo calculado sobre la base gravable del Impuesto sobre la Renta y Complementarios del año gravable 2022, haciendo el pago en dos cuotas: la primera del 50 % entre el 10 y el 21 de abril de 2023, y la segunda entre el 7 y el 22 de junio de 2023.



Sobretasa del Impuesto sobre la Renta y Complementarios contribuyentes diferentes a los calificados como Grandes Contribuyentes: aquellos que no tengan la calidad de Grandes Contribuyentes igualmente harán el pago en dos cuotas iguales de acuerdo con los dos últimos dígitos del NIT. La primera entre el 10 de abril y el 8 de mayo de 2023 y la segunda entre el 7 y el 21 de julio de 2023.



Actualización y presentación de la memoria económica del Régimen Tributario Especial: los contribuyentes del Régimen Tributario Especial y las cooperativas deben actualizar el registro web y presentar la memoria económica (en caso de haber obtenido en el año gravable 2022 ingresos superiores a $ 6.080.640.000) a más tardar el 30 de junio de 2023.



Impuesto al Patrimonio: los contribuyentes para quienes se genere la responsabilidad de declaración y pago del Impuesto al Patrimonio podrán pagar la primera cuota entre el 9 y el 23 de mayo de 2023. El pago de la segunda será entre el 7 y el 20 de septiembre de 2023, teniendo en cuenta el último dígito del NIT.



Declaración de activos en el exterior de los contribuyentes inscritos en el Régimen Simple de Tributación - SIMPLE: las personas naturales y jurídicas que pertenezcan al Régimen Simple de Tributación - SIMPLE deberán presentar la declaración de activos en el exterior correspondiente al año gravable 2023, entre el 10 y el 21 de abril de 2023, de acuerdo con el último dígito del NIT.



Impuesto nacional sobre productos plásticos de un solo uso utilizados para envasar, embalar o empacar bienes: los contribuyentes responsables del Impuesto nacional sobre productos plásticos de un solo uso tendrán la obligación de presentar la declaración y realizar el pago con una periodicidad anual, de acuerdo con el último dígito del NIT, del 19 al 23 de febrero de 2024.



Impuesto a las bebidas ultraprocesadas azucaradas y a los productos comestibles ultraprocesados industrialmente y, o con alto contenido de azúcares añadidos, sodio o grasas saturadas: este es un nuevo tributo, cuya declaración y pago tendrá una periodicidad bimestral. De acuerdo con lo determinado en el decreto, esta obligación iniciará en 2023 con el bimestre noviembre - diciembre con vencimientos entre el 10 y el 23 de enero de 2024, según el último dígito del NIT.","['public_opinion', 'crime_and_punishment', 'fairness_and_equality', 'legality_constitutionality_and_jurisprudence']",negative,crime_and_punishment,0,0,0,1,1,0,1,0,0,0,0,1,0,0,¿Qué percepción transmite el tono de la noticia?,negative,¿Qué tono tiene esta noticia?,negative
Noticia_144.txt,"Reforma Laboral: Mintrabajo habla de los puntos clave del proyecto



El Gobierno espera radicar ante el Congreso la reforma laboral el próximo 16 de marzo, una de las principales iniciativas del presidente Gustavo Petro.



De acuerdo con la ministra de Trabajo, Gloria Inés Ramírez, dicha reforma se basa en los siguientes principios: la igualdad de oportunidades para los trabajadores, la remuneración mínima y vital, la estabilidad del empleo, el principio de favorabilidad y la progresividad.



En entrevista con la revista Semana, Ramírez explicó algunos de los principales puntos del proyecto que se está desarrollando. Estos son algunos de los aspectos más relevantes:



Contratos a término indefinido y de prestación de servicios

La ministra explicó que se busca la estabilidad laboral de los trabajadores, tanto en el sector público como en el privado.



""Pretendemos reducir a su mínima expresión los contratos a término fijo. Aquellas órdenes de trabajo por seis, ocho o nueve meses van a disminuir. (..) Acabamos eso que existe hoy y es que cada cuatro meses a usted le hacen un contrato y tiene que ir y volver a afiliarse a la seguridad social"", afirmó.



Con respecto a los contratos por prestación de servicios, Ramírez manifestó que este tipo de contratación solo se aplicaría a ""labores excepcionales y especializadas"".



""Por ejemplo, en una obra de construcción no puedo pedir que el contrato sea indefinido cuando un proyecto tiene un término de tres meses. Lo que sí puedo hacer es que ese constructor, cuando termine la obra, garantice el pago de la seguridad social de los trabajadores. Ocurriría lo mismo en cosechas, comercio y en todo el trabajo estacional"", añadió.



Jornada laboral

Uno de los puntos más debatidos por los empresarios es acerca de la jornada laboral y los recargos nocturnos y dominicales. Es por eso que la ministra dijo para Semana que ""la reforma está diseñada para respetar los límites de la jornada máxima diaria y responder a los estándares internacionales"".



Y agregó que se está proponiendo que la jornada nocturna vuelva a empezar a iniciar a las seis de la tarde y que los dominicales y festivos ""vuelvan a remunerarse al ciento por ciento y no al 75 por ciento, como es hoy"".



Por otro lado, Ramírez habló acerca de la indemnización, y señaló que se está planteando ""aumentar las multas o ponerle barreras al despido sin justa causa. Ese punto tiene un gran debate en la comisión"".



Plataformas digitales

La ministra dijo que se plantea una regulación de las plataformas digitales, tanto de transporte como de otros rubros.



""Nosotros hemos venido trabajando con ellos. Hemos dicho que tienen derecho a la seguridad social. Además, a la asociatividad sindical. En el proceso de la mesa que tenemos con las plataformas hemos avanzado"", aseguró.



Sin embargo, afirmó que el problema está en ""la presunción de laboralidad"", y explicó: ""Ya tú cambias de patrón, no tienes a una persona que te dice ‘haz esto o lo otro’. Tienes a un algoritmo, en el caso de Rappi o Uber, que te manda a hacer una carrera o un domicilio. El algoritmo te hace un seguimiento de tiempo. De alguna manera, ese algoritmo es el que da la subordinación"".



También habló acerca de las plataformas de modelos webcam. Dijo que se tendrá un capítulo especial que abarque todas las modalidades, y que incluya tanto a ""las protagonistas de los contenidos de pornografía"", como las personas que ""los producen"".



Ruralidad e igualdad salarial

Ramírez agregó que también se está trabajando en la seguridad social de los trabajadores rurales agrícolas. 



""Estamos discutiendo lo que se llama el trabajo a tiempo parcial con derechos. Eso significa que hay una presunción de estabilidad y una necesidad de garantizar la seguridad social. Además, hay una preparación a los trabajadores para enfrentar los procesos de automatización"", dijo.



Por otro lado, habló acerca de la igualdad salarial entre hombres y mujeres. Afirmó que ""en Colombia, la brecha salarial por género alcanza el 26 por ciento"", por lo que para reducir este porcentaje se está planteando ""la actualización de los criterios o guías para determinar cuándo existe discriminación salarial por género. Incluso la OIT ha recomendado acentuar la regulación que permita corregir este tipo de situaciones"".","['political', 'public_opinion', 'external_regulation_and_reputation']",neutral,public_opinion,0,0,0,0,0,0,0,0,0,0,0,1,1,1,¿Cuál es la actitud del autor en esta noticia?,neutral,¿Qué tono tiene esta noticia?,neutral
Noticia_143.txt,"¿Cómo quedará la oposición en las mesas directivas del Congreso?







Después de cuatro años de estar en la coalición de gobierno y de haber elegido al presidente saliente, Iván Duque, el Centro Democrático es uno de los pocos partidos políticos que ya anunció su decisión de declararse en oposición al nuevo gobierno, lo que le plantea una nueva posición en las mesas directivas del Congreso.



Por el momento, el Centro Democrático es el único partido político en haberse declarado en oposición en el Senado. En la Cámara de Representantes han manifestado la misma decisión la Liga de Gobernantes Anticorrupción y el Consejo Comunitario Fernando Ríos Hidalgo, que avaló al representante por las negritudes Miguel Abraham Polo Polo.



Según los acuerdos que han venido haciendo las colectividades, los partidos y movimientos políticos que se declaran opositores del Gobierno Nacional tienen derecho a ocupar las segundas vicepresidencias en Senado y Cámara.



Así sucedió en el último cuatrienio del Legislativo y se repitió en la noche del miércoles, cuando el senador uribista Honorio Henríquez Pinedo fue elegido en esa dignidad en la Mesa Directiva del Senado.



El congresista anunció que su partido, el Centro Democrático, ejercerá la oposición “con espíritu patriótico, respetuosa de las personas y fincada en los argumentos”, que se opondrá “a altos impuestos” y que defenderá “al sector agropecuario de la expropiación”, así se le ponga en nombre de “democratización”.



EL TIEMPO supo que entre las directrices del partido del expresidente Álvaro Uribe está que el Centro Democrático ejerza una oposición tranquila, reposada y, sobre todo, muy argumentada. Algunos sectores creen que cuando fueron opositores al gobierno del expresidente Juan Manuel Santos, entre 2014 y 2018, actuaron con bastante agresividad, algo que, al parecer, no se quiere repetir.



El panorama para la oposición en las directivas de la  Cámara

A diferencia de Senado, en la Cámara hay más movimientos que se han declarado en oposición: la Liga de Gobernantes Anticorrupción, que acompañó al excandidato presidencial Rodolfo Hernández, y el Consejo Comunitario Fernando Ríos Hidalgo, que avaló al representante por las negritudes Miguel Abraham Polo Polo.



El uribismo cuenta con 15 representantes a la Cámara y el movimiento que acompañó al ingeniero Hernández tiene dos: Erika Tatiana Sánchez, congresista por Santander, y Marelen Castillo, quien fue fórmula vicepresidencial de Hernández y, por ello, tiene un cupo en esta corporación.



De acuerdo con el representante a la Cámara uribista José Jaime Uscátegui, la idea de los opositores es que la segunda vicepresidencia del primer año legislativo la ocupe una mujer, cuyo nombre todavía se está definiendo en la mañana de este jueves, previo a la elección de la Mesa Directiva de la Cámara.



La presencia de la oposición en estas dignidades en Senado y Cámara no solamente es una garantía del respeto de los derechos de los opositores, sino que también busca darles juego en las decisiones que toman las directivas de estas corporaciones.","['morality', 'legality_constitutionality_and_jurisprudence', 'policy_prescription_and_evaluation', 'crime_and_punishment', 'public_opinion', 'political']",neutral,political,0,0,1,0,1,1,1,0,0,0,0,1,1,0,¿Qué percepción transmite el tono de la noticia?,neutral,¿Qué tono tiene esta noticia?,neutral
Noticia_140.txt,"Los FIC que tienen las rentabilidades más altas del mercado



                                                   



Si cuenta en estos momentos con un monto de dinero extra, los Fondos de Inversión Colectiva (FIC) son una de las opciones que tiene para poder proteger sus ahorros ante la alta inflación, que llegó a 13,25 por ciento anual en enero.



Se trata de un mecanismo administrado por fiduciarias y comisionistas de bolsa a través del cual se invierten los recursos de varias personas en un portafolio de activos.



Hay dos tipos: financieros como acciones, bonos corporativos, CDTs y TES, entre otros, y no financieros como inmuebles, derechos de contenido, etc.



Los FIC invierten en títulos emitidos por empresas de diferentes sectores económicos, lo cual le permite a los inversionistas aplicar el principio de la diversificación.



Uno de sus beneficios es que las personas pueden vincularse por un bajo monto, desde 30.000 pesos, en algunos casos.



Como los recursos son gestionados de manera colectiva, los resultados económicos que se obtienen son distribuidos proporcionalmente entre todos los inversionistas. En estos momentos, hay diversas tasas de rentabilidad según el perfil de riesgo.



Aquí le mostramos las rentabilidades mensuales, semestrales y anuales más altas. No obstante, hay que tener en cuenta que esta información suministrada por LVA Índices tiene como corte el 13 de febrero y que no es un compromiso para los FIC que se pacten hoy.



Dentro de los fondos de renta fija pesos de liquidez los que tienen la mayor tasa mensual son el FIC Sura renta fija Colombia- Serie A, con una rentabilidad de 20,25 por ciento, seguido del FIC Occidenta- Pymes y persona natural, de 20,21 por ciento; y el FIC Valor Plus I – TP1, de 19,89 por ciento.



Si por ejemplo miramos los fondos de renta fija internacional está Alianza Renta Fija Mercados Emergentes – Tipo 1, con una rentabilidad mensual de 44,0 por ciento.



En los fondos de renta fija pesos de largo plazo, el Fondo Alianza renta fija mercados emergentes – Tipo 1 está ofreciendo una tasa de 44 por ciento mensual y de 30,2 por ciento semestral.



Fondos Renta Fija Pesos de Liquidez (13 de febrero)

ADMINISTRADOR           NOMBRE FIC          MENSUAL (%) SEMESTRAL (%) ANUAL (%)



1 Fiduciaria Sura        FIC SURA RENTA FIJA COLOMBIA - Serie A          20,3   10,1    3,4

2 Fiduoccidente          FIC OCCIRENTA - PYMES Y PERSONA NATURAL 20,2   12,5  8,4

3 Fiduciaira Corficolombiana   FIC Valor Plus I - TP1                     19,9   11,7  7,4



Fondos Renta Fija Nacional Entidades Públicas (13 de febrero)

ADMINISTRADOR               NOMBRE FIC       MENSUAL (%) SEMESTRAL (%) ANUAL (%)



1. Fiducoldex                      FIC Fiducoldex - Fideicomisos SC        21,5        13,5     9,3

2. Itaú Asset Management  Itaú Money Market. - Tipo A              21,0       13,0      8,6

3. 3 Fiduciaira Corficolombiana             Confianza Plus - Única    20,79   13,0      8,8



Fondo de Renta Fija Internacional (13 de febrero)

ADMINISTRADOR             NOMBRE FIC         MENSUAL (%) SEMESTRAL (%) ANUAL (%)



1. Alianza Fiduciari  ALIANZA RENTA FIJA MERCADOS EMERGENTES - Tipo I   44    30    10

2. Alianza Fiduciaria      FONDO RENTA FIJA HIGH YIELD - Tipo I             35,0    32,6     17,6

3. BTG Pactual                     Renta Fija Internacional - Clase A                  31,8    34,7     14,9","['security_and_defense', 'crime_and_punishment', 'public_opinion']",negative,security_and_defense,0,0,0,0,0,0,1,1,0,0,0,1,0,0,¿Qué tono tiene el autor al escribir esta noticia?,negative,¿Qué tono tiene esta noticia?,negative
Noticia_142.txt,"Organizaciones le piden a Petro incluir impuesto a bebidas azucaradas







El Colectivo José Alvear Restrepo (Cajar) le solicitó este martes al gobierno del presidente electo, Gustavo Petro, y la vicepresidenta electa, Francia Márquez, incluir el impuesto a las bebidas endulzadas en la reforma tributaria que presentarán ante el Congreso.



Precisamente, este organización creó la campaña Dulce Veneno, que según explican se trata de una iniciativa en defensa de los derechos a la alimentación y a la salud. La abogada Yessika Hoyos, vocera de esa campaña, señaló que ""el impuesto tiene todo el sustento técnico para cumplir con las funciones de proteger a los ciudadanos y además contribuir con un presupuesto que es necesario para la reforma del sistema de salud"".



Hoyos manifestó que las organizaciones que han trabajado por más de seis años por hacer realidad ese tributo le hacen un llamado a José Antonio Ocampo, nuevo ministro de Hacienda, y a Luis Carlos Reyes, nuevo director de la Dian, así como a quienes trabajan en la elaboración de la nueva reforma tributaria, para ser escuchadas.



""Desde hace años hemos impulsado en el Congreso y con los gobiernos la medida que siempre es archivada porque los intereses de la industria se ponen por encima de los derechos ciudadanos"", agregó la vocera.



Desde la campaña argumentan que este impuesto ""busca desestimular el consumo de este dulce veneno que hace mucho daño a los niños, niñas y adolescentes, quienes son los que más toman gaseosas, jugos endulzados y aguas saborizadas en los colegios públicos y privados"".



El Cajar ha denunciado que el consumo de productos comestibles o bebibles ultra-procesados, comúnmente conocidos como 'comida chatarra', tiene incidencia en el padecimiento de enfermedades crónicas no transmisibles como la diabetes, la hipertensión, problemas cardiovasculares y algunos tipos de cáncer, cuyo tratamiento, aseguran, le cuesta a las finanzas públicas un gasto anual de cerca de 25 billones de pesos.



¿Qué dice el gobierno electo?

Esta semana Luis Carlos Reyes, el director designado de la Dian, dijo que no se propondría la implementación de impuestos a las bebidas azucaradas y los planes de celulares, como lo habían mencionado las ministras designadas de Salud y de Cultura, respectivamente.



Reyes explicó que no se tocarán ""las finanzas del colombiano de a pie"" y que, por el contrario, se discutirán ""todas las posibilidades que estén sobre la mesa, siempre teniendo en cuenta que a la persona de clase trabajadora no debería cobrársele un peso más en impuestos"". Y en ese orden de ideas, aseguró que si el impuesto a las bebidas azucaradas ""toca el bolsillo del colombiano de a pie"" no se propondría.



El director designado afirmó que lo que se busca con la nueva reforma tributaria es proteger las finanzas de la clase media y la clase baja.



Cabe mencionar que, en días anteriores, la ministra designada de Salud, Carolina Corcho, mencionó que se propondría en el Congreso un impuesto a las bebidas azucaradas, con lo cual no sólo se busca mejorar las condiciones de salud de muchos colombianos sino que sea una fuente de recaudos.



(Le recomendamos: Petro nombra a tres líderes indígenas en cargos de gobierno, ¿por qué?)



La idea fue apoyada por Ricardo Bonilla, quien es uno de los asesores del presidente electo Gustavo Petro en los temas tributarios. Bonilla señaló se busca que ese tributo haga parte de lo que se denominan los impuestos territoriales.



Y explicó que dicho impuesto tiene una destinación específica, que es para los departamentos, pero aclaró que se trata de un impuesto disuasivo porque el objetivo es que, si bien al inicio se recaudaría más dinero, al final se desincentivaría el consumo de las bebidas azucaradas.

","['security_and_defense', 'public_opinion']",negative,security_and_defense,0,0,0,0,0,0,0,1,0,0,0,1,0,0,¿Cuál es la intención emocional del autor?,negative,¿Qué tono tiene esta noticia?,negative
Noticia_141.txt,"La dura ley antiinmigración que adoptó Reino Unido: ¿de qué se trata y a quién afecta?



                                 



El Parlamento británico adoptó este martes una controvertida ley contra la inmigración ilegal, que restringe drásticamente el derecho al asilo y que fue criticada por la ONU, que advirtió que va en contra del derecho internacional sobre personas refugiadas.



El texto es una iniciativa clave para el primer ministro Rishi Sunak, que se impuso la prioridad de luchar contra la inmigración irregular y prometió ""detener"" las llegadas de migrantes por el canal de la Mancha.



Los migrantes que lleguen de forma ilegal al territorio británico ya no podrán pedir asilo en el país, según la ley. Además, el gobierno británico quiere que estos sean rápidamente detenidos y expulsados, ya sea a su país de origen o a otro Estado como Ruanda, vengan de donde vengan.



El proyecto de ley sobre inmigración estuvo bloqueado durante semanas en el Parlamento, pues la Cámara de los Lores pidió numerosas enmiendas, para restringir las detenciones de menores y para evitar formas de esclavitud moderna.



Fue adoptado este martes de madrugada y tendrá que ser ratificado por el rey Carlos III, una formalidad.



La ONU condenó la ley, afirmando que entra ""en contradicción"" con las obligaciones del Reino Unido respecto al derecho internacional relativo a los derechos humanos y los refugiados.



El texto tendrá ""profundas consecuencias para las personas que necesiten protección internacional"", denunciaron en un comunicado conjunto el Alto Comisionado para los Derechos Humanos, Volker Türk, y el Alto Comisionado para los Refugiados, Filippo Grandi.



Los migrantes no tendrán ""garantía alguna de poder beneficiarse de una protección en el país"" al que serán expulsados, denunció la ONU. Según Naciones Unidas, la ley ""crea nuevos poderes de detención muy extendidos, con un control judicial limitado"".



¿Saltarse la fila de espera?

En 2022, más de 45.000 migrantes cruzaron el canal de la Mancha, sobre todo desde Francia, en pequeñas embarcaciones, un récord. En lo que va de año, lo hicieron más de 13.000. En el primer trimestre, la mayoría eran afganos.



El gobierno acusa a los migrantes irregulares de ""saltarse la fila de espera"" en detrimento de quienes llegan al país por ""vías seguras"" o legales.



Sin embargo, ""la mayoría de las personas que huyen de la guerra o de la persecución no tienen acceso a documentos como pasaportes o visados"", responde la ONU. ""Las vías seguras o 'legales' pocas veces están disponibles para estas personas"".



El año pasado, el Reino Unido alcanzó un acuerdo con Ruanda para enviar allí a migrantes en situación irregular, pero de momento no se ha realizado ninguna expulsión.



El primer vuelo en el marco de este pacto, previsto en junio de 2022, fue cancelado a raíz de una decisión del Tribunal Europeo de Derechos Humanos (TEDH). A finales de junio, la justicia declaró ilegal ese proyecto, pero el gobierno anunció que recurrió el fallo.



El jefe espiritual de la Iglesia anglicana, el arzobispo de Canterbury Justin Welby, quien también es miembro de la Cámara de los Lores, señaló que ""no (ve) cómo"" podrá esa ley acabar con las llegadas de embarcaciones de migrantes. ""No he escuchado nada que me haya convencido"", declaró durante los debates.



Por otro lado, unos 500 solicitantes de asilo serán instalados en un pontón, amarrado en un puerto inglés, para reducir costes de alojamiento en hoteles. La barcaza, llamada ""Bibby Stockholm"", llegó este martes al puerto de Portland, en el sur de Inglaterra. Fue muy criticada por oenegés, que la calificaron de ""barco-prisión"".","['morality', 'crime_and_punishment', 'security_and_defense', 'public_opinion']",negative,security_and_defense,0,0,1,0,0,0,1,1,0,0,0,1,0,0,¿Qué emoción o tono se refleja en esta noticia?,negative,¿Qué tono tiene esta noticia?,negative
Noticia_139.txt,"¿Cuánto gastaron Gustavo Petro y Rodolfo Hernández en sus campañas?






Según los reportes en el portal Cuentas Claras -consultados por EL TIEMPO el 19 de julio-, el total de gastos de los tres procesos electorales en los que se postuló Petro -consultas interpartidistas y primera y segunda vuelta- es de 48.781’796.664’ millones de pesos.



Por su parte, Rodolfo Hernández, quien fue a primera y segunda vuelta, gastó 7.500 millones de pesos en total, de acuerdo con lo reportado en la plataforma.



En Cuentas Claras, de acuerdo con la ley, las campañas participantes en distintas elecciones deben informar sobre los ingresos y gastos con sus respectivas especificaciones: quiénes los financian, a qué entidades piden créditos, en qué gastan el dinero, etc. De no hacerlo, se exponen a sanciones económicas.



Asimismo, el Consejo Nacional Electoral (CNE), mediante la resolución 0694 de 2022, estableció los topes en gastos de las campañas que aspiraban a la Presidencia de la República.



Para completar sus reportes, tienen plazo máximo de un mes después de celebradas las elecciones en las que participaron; es decir, la información de consultas y primera vuelta quedó en firme hace algunas semanas.



Los dos candidatos que fueron a segunda vuelta tuvieron hasta este 19 de julio para completar ese reporte.



Petro, el candidato que más gastó

En la consulta interpartidista del Pacto Histórico, el presidente electo gastó $ 8.732 millones de pesos y tuvo ingresos por 8.743 millones de pesos, según lo registrado en Cuentas Claras, del CNE.



De acuerdo con el consolidado de las dos vueltas, la campaña de la Coalición Pacto Histórico empleó $ 28.517’124.029 pesos para la primera vuelta presidencial y $ 11.532’332.831 para la segunda vuelta, en la que derrotó al aspirante Rodolfo Hernández. Para esas elecciones, los topes establecidos por el CNE son de $ 28.517’124.029 y de $ 13.347’457.427, respectivamente.



En ambas vueltas, la mayor cantidad de dinero se destinó a propaganda electoral: $ 19.166 millones en primera y 7.750 millones en el balotaje. Otros gastos estuvieron relacionados con servicio de transporte y correo, gastos de administración, actos públicos, capacitación e investigación política, entre otros.



En cuanto a ingresos totales en los tres procesos electorales, la campaña del presidente electo reportó un total de $ 40.357’211.477, de los cuales $19.977’255.890 corresponden a la primera vuelta presidencial y $ 11.636’100.000, a la segunda. En ambos casos, un alto porcentaje de los ingresos corresponde a créditos del sector financiero con entidades como las cooperativas financieras Confiar y Coofinep, además del banco GNB Sudameris y Banco de Bogotá.En comparación con sus contrincantes de cada elección -consultas y presidenciales-, Petro fue el que más dinero gastó.



Ingresos y gastos de Rodolfo Hernández

El ingeniero Hernández gastó un total de $ 7.504’747.523 en ambas vueltas, según los reportes en Cuentas Claras. Los $ 4.724’124.561 de la primera y los $ 2.780’622.962 de la segunda se invirtieron principalmente en propaganda electoral y gastos de administración.



Los gastos totales del santandereano corresponden a cerca de la quinta parte de los egresos de Petro en las dos vueltas (40 mil millones de pesos).



Por el lado de los ingresos, para las elecciones del 29 de mayo el aspirante de la Liga de Gobernantes Anticorrupción contó con $ 4.223’386.532. En el balotaje, su campaña reportó $ 2.966’007.685. Como en el caso de Petro, el mayor porcentaje de esos ingresos proviene de créditos del sector financiero. Estos se hicieron con el Banco de Occidente y con GNB Sudameris.



Llama la atención que el balance de las campañas de primera vuelta de ambos candidatos muestra que gastaron más dinero del que les ingresó. El resultado es un saldo negativo de $ 8.539’868.139 para Petro y de $ 500.738.029 para Hernández.



Estos 'números rojos', sin embargo, no serían motivo de preocupación para los dos aspirantes a la Presidencia puesto que alcanzaron el umbral que, por ley, les permite obtener reposición de votos. Según el CNE, las campañas presidenciales pueden acceder a la reposición si obtienen una votación igual o superior al 4% del total de los votos válidos depositados.



El valor fijado por voto válido es de $6.623 para las campañas que no accedan a anticipos de financiación estatal, según la resolución 0694 del CNE. Eso sí, la norma establece que, independientemente de con cuántos votos supera el umbral un candidato, solo se le devolverá lo que certifique como gastado en la campaña. O sea, nunca podrán recibir de reposición un monto mayor al gasto reportado. ","['public_opinion', 'political']",negative,public_opinion,0,0,0,0,0,0,0,0,0,0,0,1,1,0,¿Qué emoción o tono se refleja en esta noticia?,negative,¿Qué tono tiene esta noticia?,negative
Noticia_138.txt,"Sueldo de congresistas en Colombia: ¿cómo ha aumentado en los últimos años?







Con la reciente posesión de los nuevos senadores y representantes, además de las propuestas que ya se han presentado para renovar el Congreso, una vez más hay polémica sobre el régimen salarial de los miembros de ambas cámaras. 



Este miércoles, el Pacto Histórico presentó su proyecto de reforma constitucional para modificar el Congreso que, entre otros asuntos, contempla que la remuneración de los senadores y representantes no podrá exceder los 25 salarios mensuales.



Hoy en día, su sueldo está por encima de los 34 millones de pesos. Le contamos cómo ha evolucionado la remuneración de los congresistas en las últimas dos décadas.



El abismo salarial entre los congresistas y los ciudadanos del común es cada vez más profundo. Mientras hace 30 años un legislador ganaba 27,6 veces más dinero que un colombiano que devengaba el salario mínimo; hoy, en 2022, esa diferencia está en 34,4, según cifras del Congreso de la República y del Departamento Administrativo de la Función Pública analizados por la Unidad de Datos de EL TIEMPO.



El salario de los legisladores, como el de todos los servidores públicos, es definido a través de un decreto redactado por Función Pública, revisado por el Ministerio de Hacienda y aprobado por el Presidente de la República.



Para este año quedó definido un aumento del 7,26%, aplicable a todos los servidores públicos del país. Sin embargo, EL TIEMPO estableció que, a la fecha, no se ha publicado decreto alguno que establezca incremento salarial para los congresistas.



El último aumento, de 5,21%, se estableció a través del decreto 1779 del 24 de diciembre de 2020. Con este porcentaje, el ingreso de los legisladores, que incluye primas de vacaciones y de navidad, entre otros beneficios, pasó de $32'741.000 pesos a $34'417.000 pesos. Esta cifra que se mantiene hasta hoy.



¿Cuánto ha subido el sueldo de los congresistas?

El sueldo de los legisladores es la base para calcular el de otros altos funcionarios, como el presidente de la República, los magistrados de altas cortes y los jefes de organismos de control.



Según se puede establecer en los registros que aparecen en Función Pública, este rubro ha aumentado 19 veces su valor desde 1992 hasta la fecha. En contraste, el del mínimo legal vigente ha aumentado 15 veces en ese mismo lapso.



El 21 de mayo de 1992, el gobierno de César Gaviria estableció el sueldo básico mensual que ganaría un congresista en Colombia: $1'800.000 pesos. Para entonces el salario mínimo era de $65.190 pesos.



Diez años después, en el 2002, el Gobierno aprobó un incremento de 8% para el mínimo legal con respecto al del año anterior. El de los funcionarios estatales fue de 5,6%.



Y si bien porcentualmente el incremento fue menor en los servidores públicos, en términos reales las cifras lucen muy lejanas. El aumento de ese entonces les significó a los congresistas alcanzar un sueldo de $14’048.226 pesos, una cifra 45 veces mayor que los $309.000 pesos en los que quedó el salario mínimo legal vigente.



Así las cosas, entre 1992 y 2002, el salario mínimo multiplicó su valor por cinco. Mientras tanto, el de los congresistas creció ocho veces al comparar las cifras de esos 10 años.



Y para 2012, diez años después, la situación no cambió mucho. Ese año, el sueldo de los legisladores alcanzó, según datos del Legislativo, los $2’254.395 pesos. Es decir, 41 veces más que el mínimo de 566.700 pesos de ese año. Esa vez, la diferencia porcentual de ambos incrementos no fue alta: mientras a los servidores públicos se les decretó un incremento de 5%, el SMLV aumentó 5,8%.



Hoy, en 2022, la brecha salarial no disminuye pese a que los congresistas no han recibido el incremento . A la fecha, devengan 34,4 veces más que los colombianos que ganan el salario mínimo legal vigente.



El aumento salarial de los Senadores y Representantes es diferente al de los funcionarios públicos que laboran en el Capitolio Nacional. Estos servidores sí recibieron el incremento de 7,26% decretado en marzo, tal como consta en el decreto 455 del 29 de ese mes de 2022.



Este aumento se aplicó, entre otros, a cuatro cargos de alta importancia en el poder legislativo: los secretarios generales de Senado (cargo que ostenta desde 2012 Gregorio Eljach Pacheco) y de Cámara (ejercido desde ese mismo año por Jorge Humberto Mantilla Serrano ), quienes tienen hoy una asignación salarial de $19’798.700 pesos mensuales. El decreto señala que estos dos servidores públicos tienen derecho también a una ‘prima mensual de gestión’ equivalente a $2’319.903 pesos.



(Puede interesarle: ¿Cuánto ganan en Colombia el Presidente y la Vicepresidenta?)



Igual asignación salarial reciben los dos directores administrativos: Astrid Salamanca en Senado (reelegida desde 2012) y John Abuid Ramírez Barrientos (en el cargo desde 2020). Para estos dos servidores públicos la prima de gestión es de $1’899.017 pesos.



El decreto también establece un salario de $15’526.804 pesos para los secretarios de cada una de las siete Comisiones Constitucionales y Legales de ambas corporaciones, así como también una prima de $1’903.253 pesos.



Todos estos cargos también reciben una prima técnica mensual condicionada, entre otros aspectos, a una buena calificación en su evaluación de desempeño. Este bono puede puede llegar a ser hasta del 50% del salario mensual.



Esto, además “de las primas de servicios, de vacaciones, de navidad y la bonificación por servicios prestados, establecidas para los empleados de la Rama Ejecutiva del Poder Público a nivel nacional”, señala el decreto oficial.



La bonificación por servicios prestados se refiere a “un monto equivalente a cuatro veces la remuneración mensual compuesta por la asignación básica más gastos de representación, pagadera en dos contados iguales en fechas treinta (30) de junio y treinta (30) de diciembre del respectivo año”, según señala el decreto 2699 de 2012.





","['economic', 'security_and_defense', 'public_opinion']",negative,security_and_defense,1,0,0,0,0,0,0,1,0,0,0,1,0,0,¿Qué tipo de tono predomina en este texto?,negative,¿Qué tono tiene esta noticia?,negative
Noticia_154.txt,"Esta es la propuesta de reforma del Congreso que radicó el Pacto Histórico







El Pacto Histórico presentó este miércoles su reforma constitucional para modificar el Congreso. La iniciativa es de los senadores Roy Barreras, Iván Cepeda, Gustavo Bolívar y la representante Catherine Juvinao.



Se trata de un acto legislativo mediante el cual se espera hacer algunas reformas claves al Legislativo.



La propuesta establece que debe haber límites a la reelección de los senadores y representantes, se deben ampliar los periodos de sesiones ordinarias, se modifican las causales de pérdida investidura y el régimen salarial y prestacionales de los congresistas.



En el articulado se determina que los servidores públicos no podrán nombrar, postular ni contratar con personas a las cuales tengan hasta el cuarto grado de consanguinidad, segundo de afinidad primero civil o con quienes estén ligados por matrimonio o unión permanente.



Tampoco podrán postular ni celebrar contratos estatales con quienes hubieren intervenido en su postulación y se indica que la elección de servidores públicos atribuida a corporaciones públicas deberá estar precedida de una convocatoria pública reglada por la ley en la que se fijen requisitos y procedimientos.



De la misma manera señala que quien haya ejercido en propiedad alguno de los cargos como magistrado de las altas cortes, del Consejo Nacional Electoral así como fiscal general, procurador general, Defensor del Pueblo, Contralor o Registrador, no podrá ser reelegido para el mismo cargo.



La iniciativa contempla que los congresistas no podrían ser elegidos por más de tres periodos consecutivos y señala que las sesiones ordinarias del Congreso comenzarán el 1 de febrero y concluirán el 20 de junio. El segundo periodo se mantiene igual según el proyecto de acto legislativo.



También señala que los congresistas perderán su investidura por violación al régimen de inhabilidades incompatibilidades o el régimen de conflicto de intereses.



Además, que se perderá por la inasistencia injustificada en una misma legislatura a seis sesiones plenarias en las que se discutan proyectos de actos legislativos  de ley o mociones de censura, o a seis sesiones de las comisiones constitucionales permanentes.



Adicionalmente, se contempla por la indebida destinación de los dineros públicos, por el tráfico de influencias, por obtener prebendas como contraprestación a su participación en la discusión y votación de un proyecto de ley sí .



De la misma manera se establece que la remuneración de los congresistas no podrá exceder los 25 salarios mensuales. Hoy en día su sueldo está por encima de los 34 millones de pesos.



Pero no es lo único, sino que establece que la remuneración de los congresista no se entenderá como un criterio para fijar el régimen salarial de prestación al de los demás funcionarios públicos. Hoy en día sueldos como los de los magistrados de las altas cortes, fiscales delegados ante las altas cortes y procuradores se fija con base en el de los legisladores.



De todas maneras en el proyecto se establece que la promulgación de este acto legislativo en cuanto a la asignación salarial para los miembros del congreso no será registrada reajuste si no hasta la terminación del periodo constitucional, es decir, en el 2026.



El punto de todo esto es que como son varias las reformas al Congreso que se van a radicar, habrá que esperar la posible acumulación de los textos.","['policy_prescription_and_evaluation', 'health_and_safety', 'political']",negative,health_and_safety,0,0,0,0,0,1,0,0,1,0,0,0,1,0,¿Qué sentimiento evoca esta noticia?,negative,¿Qué tono tiene esta noticia?,negative
Noticia_153.txt,"Petro: los puntos claves de los retiros del Pacto Histórico en Santa Marta







Agenda legislativa y sometimiento a la Justicia serán dos de los temas centrales del retiro programático que realizará la bancada del Pacto Histórico este jueves y viernes en Santa Marta.



Paralelo a este encuentro se dará el Primer Diálogo Regional del Caribe, que contará con la participación ciudadana de todos los sectores del Caribe. Será liderado por el presidente electo Gustavo Petro y es un modelo para los diálogos regionales de los que ha hablado el nuevo mandatario.



Lo que está previsto en el marco del encuentro de los congresistas del Pacto Histórico es que reciban como primera medida una capacitación sobre técnica legislativa, es decir, sobre el funcionamiento del Congreso y sobre lo que pueden y no pueden hacer ellos como legisladores.



Por supuesto que también van a hablar de la agenda legislativa que va a tener esta coalición y es así como por ejemplo se referirán a la reforma política que se está planteando por parte del Pacto y sus aliados en el Congreso.



Indudablemente que uno de los temas que más llamará la atención tiene que ver con la propuesta de los ajustes normativos para facilitar el sometimiento a la justicia de los grupos criminales. Esto hace parte de la propuesta que se tiene por parte del gobierno del presidente electo en lo que han denominado la paz total.



En este punto está previsto que los exfiscales Eduardo Montealegre y Jorge Perdomo asistan a exponer el proyecto que será sometido a consideración del Congreso.



En el encuentro no sólo estarán los congresistas de la bancada de gobierno sino también asistirán algunos de los ministros designados con quienes se avanzará en los temas que tienen que ver con las propuestas legislativas.



Diálogo regional

Otro asunto que se tratará paralelo a esta cumbre tiene que ver con el Primer diálogo regional del Caribe. Este es prácticamente un piloto de lo que serán los diálogos regionales que piensa llevar a cabo el presidente electo.



Este encuentro está programado para este jueves de 2 a 5 de la tarde y a él están invitados los ocho gobernadores de la región así como una buena parte de los alcaldes de esta zona del país.



La idea es que en esta reunión se empiezan a construir proyectos regionales algunos de los cuales necesitarán trámite y apoyo en el Congreso, sobre todo por los temas presupuestales.



Asuntos como competitividad, infraestructura, educación, salud y empleo, e incluso la navegabilidad del río Magdalena serán abordados en este encuentro.



De acuerdo con el gobernador del Magdalena, Carlos Caicedo, ese será un escenario para escuchar a la región Caribe y buscar consenso sobre los principales temas que le interesan a la región y que necesitan se concertados con el Gobierno Nacional



En dicho encuentro, Caicedo ratificará su compromiso con el bienestar y el desarrollo del Caribe e insistirá en que es necesario que el Congreso incluya en el presupuesto general de la Nación una partida de 11,3 billones de pesos para financiar 56 obras vitales para el progreso y la equidad del Magdalena.



","['legality_constitutionality_and_jurisprudence', 'health_and_safety', 'policy_prescription_and_evaluation', 'public_opinion', 'political']",neutral,legality_constitutionality_and_jurisprudence,0,0,0,0,1,1,0,0,1,0,0,1,1,0,¿Cuál es la intención emocional del autor?,neutral,¿Qué tono tiene esta noticia?,neutral
Noticia_152.txt,"Álvaro Uribe expone sus reservas hacia la ratificación del Acuerdo de Escazú







El Acuerdo de Escazú avanzó este martes en el Congreso. Fue aprobado en segundo debate en el Senado por 73 votos a favor y 23 en contra. Todavía le restan otros dos debates más en la Cámara de Representantes para que pueda ser aprobado.



Partidos que inicialmente se habían opuesto a su aprobación ayer le dieron la bendición, mientras que Cambio Radical y el Centro Democrático mantienen su oposición al acuerdo.



Pero ¿por qué se oponen? Para el propio expresidente Álvaro Uribe, el problema de Escazú ""es la cesión de soberanía que crea alto riesgo de inseguridad jurídica"".



Para el expresidente, el país tiene instituciones claras en materia información, participación y acceso a la justicia en asuntos ambientales. Según Uribe, Escazú abriría puertas para que ""un proyecto piscícola en el Tolima, debidamente autorizado por las autoridades ambientales y concesiones de aguas quede expuesto a que el Sistema Interamericano obligue a revocarlo"".



Dijo que también cabría la hipótesis de que se obligara a desembalsar Hidroituango.



""El tema no es el medioambiente que a todos nos compromete, el tema es la ideología que arriesga el bienestar general"", dijo Uribe

​

En cuanto a Cambio Radical, en lo formal se puede decir que no hay una decisión como tal de bancada, pero una buena parte de los senadores de la colectividad no está de acuerdo con la aprobación.



Por eso ayer se opusieron a la iniciativa en la Cámara alta. Ahora habrá que esperar cómo votan los representantes tan pronto llegue la iniciativa a su discusión.



Para el senador Carlos Fernando Motoa, Colombia cuenta con un amplio y efectivo marco constitucional y legal que garantiza la participación, acceso a información y justicia ambiental. ""Ratificar el Acuerdo de Escazú no tiene sentido cuando los mecanismos que se proponen ya existen en nuestra Carta Política"", señaló.





","['health_and_safety', 'legality_constitutionality_and_jurisprudence', 'public_opinion']",negative,public_opinion,0,0,0,0,1,0,0,0,1,0,0,1,0,0,¿Cómo es el sentimiento general de esta noticia?,negative,¿Qué tono tiene esta noticia?,negative
Noticia_151.txt,"Los 10 megaproyectos que tensionan el empalme Petro-Duque







A19 días del cambio de mando en la Presidencia de la República, el llamado empalme entre la administración saliente de Iván Duque y la entrante de Gustavo Petro ha desencadenado diferencias de fondo en el manejo de temas clave.



Las tensiones han llegado a tal punto que uno de los pocos funcionarios del gobierno Duque al que Petro le había abierto la puerta de su posible permanencia terminó renunciando en las últimas horas.



Se trata de Juan Daniel Oviedo, director del Dane, quien le aseguró a EL TIEMPO que había recibido la instrucción del coordinador de empalme de ese sector, Daniel Rojas, de aplazar la creación de un patrimonio autónomo para fortalecer el financiamiento de la política pública de catastro multipropósito.



“Ese patrimonio (por 100.000 millones de pesos), que es un vehículo de financiamiento robusto y analizado, está teniendo unas reservas por parte del equipo que apoya al presidente electo, Gustavo Petro, y frente a eso tengo que ser coherente”, le dijo Oviedo a EL TIEMPO tras anunciar su renuncia.



Y Rojas aclaró que simplemente se pidió el respetuoso favor de evaluar el tema.



Pero ese no es el único megaproyecto en el que el equipo de empalme de Petro ha manifestado sus reservas.



En una carta firmada por Rojas y otros miembros del empalme se evidencia que son cerca de 10 los proyectos en los que el equipo petrista ha dejado constancias de su preocupación.



Además, EL TIEMPO estableció que en mesas de empalme individuales también se han hecho solicitudes expresas para frenar procesos. Una de ellas se le hizo a la Superintendencia de Notariado y Registro sobre la venta del llamado lote Diamante, en el sector Salitre de Bogotá, revelado por este diario.



Se le solicitó que no se continuara con el proceso de venta del predio avaluado en más de 76.000 millones de pesos.



3 billones de canal del Dique



No obstante, el proyecto más jugoso en el que hay diferencias de fondo es en el llamado ‘APP Megaproyecto Ruta Fluvial 5G Restauración de los Ecosistemas Degradados del canal del Dique’, bajo la responsabilidad de la ANI. Se trata de un contrato con el que se busca beneficiar a 1,5 millones de ciudadanos de 8 municipios del Atlántico, 10 de Bolívar y 1 de Sucre.



Según el gobierno Duque, este proyecto plantea “solucionar los problemas generados por las obras de ampliación en la hidrovía artificial que conecta el río Magdalena para la restauración del canal del Dique y el control de inundaciones”.



Para el petrismo, el cronograma debe suspenderse hasta tanto sean escuchadas las comunidades y “ajustadas las falencias a que hace referencia esta petición”.





Pero el ministro de Hacienda y cabeza del grupo de empalme de Duque, José Manuel Restrepo, aseguró que ya se han realizado 16 procesos consultivos con las comunidades de la región.





“Respecto a los acuerdos con las comunidades se pactó la ejecución de medidas para mitigación, prevención, corrección y compensación de los componentes bióticos, abióticos y socioeconómicos del proyecto”, afirmó Restrepo en una carta de respuesta al equipo de empalme de Petro.



Mintic y Ecopetrol



Según el cronograma del gobierno Duque, el 4 de agosto, a tres días de la posesión de la nueva administración, será adjudicada esta Alianza Público Privada. Ese mismo día, advirtió el petrismo, está programada la renovación de las licencias del espectro electromagnético a 20 años, para dos empresas de telecomunicaciones: Tigo y Telefónica.



Ese proceso está a cargo del viceministerio de Conectividad, del Ministerio de las TIC. Además de la fecha de renovación, el equipo de empalme petrista no hizo mayores reparos al tema, por lo que tampoco recibió una respuesta específica del ministro Restrepo.



Caso contrario es el de la junta directiva de Ecopetrol, que ya completa varias semanas en medio de la polémica.



El petrismo advierte en la carta sobre la convocatoria a asamblea extraordinaria para modificar los plazos y fijar los puestos de los actuales miembros de la junta directiva, hasta el año 2025.



“Esta acción va en contra de los principios de la posibilidades de cada Gobierno (...) El gobierno entrante tiene toda la facultad para citar una asamblea extraordinaria para modificar esta decisión y poder ejercer como representante de la Nación en Ecopetrol”, señala la misiva del equipo de empalme petrista.



De hecho, Petro ya había enviado una advertencia a este respecto: “No nos reten (...). El voto popular es mandato (...). El propietario público elige libremente sus miembros en las empresas, que lo representen”.



En la extensa carta de respuestas del empalme del Gobierno saliente, Restrepo asegura que la decisión de extender el periodo de los miembros de la junta directiva de Ecopetrol “se toma teniendo en cuenta estudios de referencia a nivel internacional, e incluso un análisis frente al periodo de los miembros de juntas directivas”. Y agregó que con estas modificaciones se pretende mejorar las prácticas de gobierno corporativo de las empresas y que estas “no responden a cambios electorales ni políticos y se hicieron en el marco de la asamblea ordinaria que tuvo lugar en marzo”.





El TLC con Emiratos



El petrismo le agrega al listado de reparos acuerdos internacionales suscritos por el país. Se refirieron específicamente al tratado de libre comercio entre Colombia y Emiratos Árabes Unidos que, según el embajador de Colombia en ese país, Jaime Amín, está en su etapa final para ser refrendado.



Un antecedente sobre este tema es que delegados del Pacto Histórico se reunieron la semana pasada con el embajador (e) de Estados Unidos en Colombia, Francisco Palmieri, para hablar de posibles ajustes al TLC con ese país.



Al respecto, Luis Fernando Velasco (miembro del empalme) dijo que Estados Unidos estaba abierto al diálogo.



En el caso de Emiratos Árabes, para el grupo de delegados de Petro este tratado se negoció en tiempo récord por parte del Gobierno Nacional y “podrá tener un efecto negativo sobre algunas actividades productivas, especialmente por temas de reglas de origen”.



El listado de temas con asterisco lo cierran los recursos de regalías que se están usando en los proyectos para la paz, aprobados por el Órgano Colegiado de Administración y Decisión (Ocad-Paz); la aprobación de un Conpes para declarar la importancia estratégica regional de proyectos de inversión en la Región de los Llanos (por 5 billones de pesos con respaldo de regalías); el contrato con el Runt; y la aprobación de un nuevo Conpes de seguridad agropecuaria y de nutrición.

","['political', 'public_opinion']",neutral,political,0,0,0,0,0,0,0,0,0,0,0,1,1,0,¿Cuál es la actitud del autor en esta noticia?,neutral,¿Qué tono tiene esta noticia?,neutral
Noticia_150.txt,"Tiroteos en Estados Unidos: 2021 fue el año de más ataques en este siglo







La muerte de al menos seis personas durante un tiroteo en un desfile de Día de la Independencia en Highland Park -ciudad cercana a Chicago-, en Illinois, encendió una vez más la alerta en Estados Unidos ante el preocupante incremento de los incidentes de tiroteos.



El principal sospechoso es un hombre identificado como Robert Crimo, quien, según las autoridades, estaba perfilado por tener antecedentes violentos. Este lunes, Crimo habría abierto fuego con un arma de grueso calibre contra la multitud que se congregaba para celebrar una de las festividades más importantes de Estados Unidos.



Según datos de la organización sin ánimo de lucro Gun Violence Archive, recopilados por el diario The Washington Post, en 2022 ha habido al menos 232 tiroteos en este país en los primeros cinco meses del año.



En otras palabras, no ha pasado un día de la semana en los que no haya habido incidentes de tiroteo, según registra ese medio. En 2021, en el mismo periodo, se produjeron 240 tiroteos masivos, entendidos como un cruce de disparos en los que mueren al menos cuatro personas (sin contar el o los atacantes).



Por su parte, el incidente ocurrido el pasado 4 de julio, al igual que los acontecimientos del 14 de mayo -cuando un joven de 18 años mató a 18 personas en un supermercado en Buffalo- y del 24 de mayo -en el cual murieron 21 personas en la escuela primara Robb, en Uvalde-, se enmarca en la categoría que el FBI define como ‘active shooter incident’.



De acuerdo con esa oficina, un 'active shooter' (pistolero activo) es un individuo activamente decidido a matar o intentar matar personas en una zona concurrida o con alta afluencia de personas. Por lo general, estas personas usan una o más armas.



La Unidad de Datos de EL TIEMPO consultó las cifras oficiales del FBI sobre dichos incidentes, los cuales muestran una realidad preocupante: desde el comienzo de este siglo, 2021 fue el año en el que más ataques de este tipo se han producido en Estados Unidos. Y, como si fuera poco, desde 2019 se evidencia una fuerte tendencia al alza.



En total, desde el año 2000 hasta 2021, se reportaron 434 incidentes de ‘active shooters’ en EE. UU., que le costaron la vida a 1.203 personas en total y dejaron heridas a 2.055, según el FBI. Los atacantes son en su gran mayoría de sexo masculino: de los 448 pistoleros identificados, 427 eran hombres y 17 eran mujeres. Cuatro aparecen como ‘no especificado’ en el informe de la oficina de investigación estadounidense.



En cuanto a su destino final, tres de cada cuatro asesinos de este tipo termina en prisión o se suicida. Según las cifras del FBI, entre 2000 y 2021, 204 atacantes (es decir el 45 % del total) fueron atrapados por las autoridades, mientras que 137 (el 30 %) se suicidaron. Hubo 85 que murieron a manos de las autoridades y tan solo 11 lograron escapar. En 10 casos, los ciudadanos mataron al atacante. Finalmente, en una ocasión el delincuente murió por accidente de tránsito.



Para 2021 se produjeron 61 ataques de estos pistoleros en 30 estados, de los cuales el FBI clasifica como masacres, pues murieron tres o más personas (sin contar al atacante).



Las cifras del año pasado representan un aumento del 52,5% frente al 2020, cuando se registraron 40 ataques.



En 2021, por dichos ataques, murieron 103 personas y 140 resultaron heridas. Esto representa un alarmante incremento del 171 % en el número de personas fallecidas frente al año inmediatamente anterior, en el que se registraron 38 víctimas mortales.



Pistoleros jóvenes

El incidente en 2021 con el mayor número de muertes ocurrió en una tienda de abarrotes llamada King Soopers, ubicada en Boulder, Colorado. Allí, 10 personas fueron asesinadas por un joven de 21 años llamado Ahmad Alissa, quien fue herido y posteriormente capturado por las autoridades.



Robert E. Crimo III, el sospechoso de ser el autor de la más reciente masacre, en Illinois, tiene 22 años. Según lo que se conoce hasta el momento, la policía lo describió como “peligroso”. Se identificaba como ‘Awake the rapper’ y en sus redes sociales solía publicar contenido violento.



La edad de Alissa y Crimo, además de los atacantes de los incidentes de mayo pasado en el supermercado en Buffalo y la primaria en Uvalde, muestran coincidencia con el perfil general de los ‘active shooters’ identificados desde el 2000 hasta el 2021: hombres jóvenes menores de 40 años.



Según los informes del FBI, de los 61 pistoleros que protagonizaron incidentes en 2021, solo una era mujer. Además, el 52 % de los atacantes tenía entre 19 y 34 años. En general, la mayoría terminaron capturados (30) o se suicidaron (11). Tan solo uno logró escapar.

","['public_opinion', 'morality', 'legality_constitutionality_and_jurisprudence', 'policy_prescription_and_evaluation', 'health_and_safety']",negative,legality_constitutionality_and_jurisprudence,0,0,1,0,1,1,0,0,1,0,0,1,0,0,¿Cómo describirías el tono de esta noticia?,negative,¿Qué tono tiene esta noticia?,negative
Noticia_149.txt,"Video: mujer se accidenta y muere grabando un video romántico con su novio en una moto







Lo que sería una feliz declaración de amor entre una pareja, a través de un video, terminó en tragedia vial en Cesar.



El lamentable accidente se registró en la trocha Verdecia, zona rural de Agustín Codazzi (Cesar), cuando la víctima, Liliana Macea Beltrán, grababa una idílica escena en su celular, para luego postearlo en las redes sociales.



La joven se movilizaba con su compañero sentimental en una motocicleta. Durante el recorrido, se declararon mutuamente frases de afecto.



“Ven acá mi amor, ¿tú me quieres? Te amo mi amor (…), mentiroso de mierda, ahorita te encontré mirando a una vieja y casi te mato”, se escucha en la grabación.



Posteriormente, cuando la joven continúa grabando las tomas del romántico momento, al parecer, el teléfono móvil se cae al piso. En el intento por rescatarlo, el hombre pierde el control de su vehículo, ocasionándole la muerte a la mujer, que, sufrió diferentes lesiones en el cuerpo.



En las imágenes que fueron difundidas por redes sociales, se escuchan los gritos desesperados del hombre.



“Mi amor, mi reina, yo te amo. Por qué Dios mío, me quitas lo que más quiero”, exclamó angustiado el motociclista.



Testigos que presenciaron el accidente, intentaron auxiliar a la joven. Debido al fuerte impacto, murió en el lugar de los hechos.



Según se conoció, la relación de la pareja era estable. Tenía por costumbre expresar sus sentimientos en cada ocasión.



Para evitar tragedias como esta, las autoridades del Cesar, recomendaron a conducir dentro de los límites de velocidad permitidos de forma que puedan frenar o esquivar obstáculos a tiempo. Además, usar elementos necesarios para su seguridad, entre otras normas de tránsito.","['security_and_defense', 'health_and_safety', 'external_regulation_and_reputation']",negative,health_and_safety,0,0,0,0,0,0,0,1,1,0,0,0,0,1,¿Qué sentimiento evoca esta noticia?,negative,¿Qué tono tiene esta noticia?,negative
Noticia_148.txt,"Dolor en Pereira: tuvieron que sacrificar a dos chimpancés que se escaparon de Ukumarí







Una terrible situación tiene de luto a los amantes de los animales y trabajadores del bioparque Ukumarí, en Pereira. Este domingo 23 de julio se escaparon dos chimpancés de este albergue y, de hecho, en varios videos tomados por ciudadanos y subidos a redes sociales se les vio jugando en el parque Consotá.



No obstante, tras horas de búsqueda durante la noche y madrugada por parte de funcionarios de Ukumarí, Bomberos y Policía, los dos animales murieron.



Así lo confirmó en la madrugada de este lunes 24 de julio el propio parque: “Desde el Bioparque Ukumarí lamentamos informar la pérdida de dos de nuestros chimpancés. Dos individuos que durante muchos años estuvieron bajo nuestro cuidado, protección y que con sus personalidades enamoraron y se robaron el corazón de todos los visitantes”.



Los animales se llamaban Pancho y Chita.



Ukumarí señaló que por la pérdida los chimpancés no se abrirán las puertas del albergue durante este lunes 24 de julio. “Nuestro corazón se encuentra de luto debido a la pérdida de nuestros chimpancés Pancho y Chita. Fueron parte de nuestra familia y los recordaremos por siempre”, señaló el parque.



Ni el parque ni las autoridades han informado los detalles de lo que ocurrió, pero al parecer tuvieron que ser sacrificados. 



Los animales, durante los operativos, se habían mostrado agresivos. Así lo señalaron algunas personas que grabaron a los animales en un parqueadero.



Pancho y Chita estaban en el parque desde hace unos siete años, cuando Ukumarí abrió sus puertas. Vale recordar que buena parte de la colección de animales de este albergue es la que estaba en el zoológico Matecaña, el cual fue cerrado en abril del 2015 luego de 54 años de funcionamiento.



El alcalde de Pereira, Carlos Maya, había manifestado que funcionarios estaban en proceso de recuperación siguiendo los protocolos de seguridad.



“Se solicita a la comunidad en general, en especial del corregimiento de Cerritos resguardarse en sus casas y evitar tener contacto con el chimpancé. Este es un animal silvestre que puede llegar a reaccionar de forma agresiva. Nuestro personal experto se encuentra al frente de la situación”, indicó ante de la muerte de los animales.","['crime_and_punishment', 'security_and_defense']",positive,crime_and_punishment,0,0,0,0,0,0,1,1,0,0,0,0,0,0,¿Qué tono tiene el autor al escribir esta noticia?,positive,¿Qué tono tiene esta noticia?,positive
Noticia_147.txt,"Aníbal Gaviria ordenó retirar polémico mensaje de la Fábrica de Licores de Antioquia





Una vez se conoció el desafortunado y polémico mensaje publicitario con el que la tienda de la Fábrica de Licores de Antioquia incentivó la venta de aguardiente en el centro comercial El Tesoro de Medellín; el gobernador de Antioquia, Aníbal Gaviria, ordenó su retiro inmediato.



""El guaro es más barato que la terapia"", se podía leer en el aviso escrito en un tablero de tiza que se ubicó a la entrada del establecimiento. Carlos Roldán, en Twitter, fue el encargado de alertar sobre la publicidad.



""En un departamento en el que el año pasado hubo 460 suicidios y un aumento de problemas de salud mental, se me hace irresponsable este mensaje"", escribió en redes sociales. 



Varios usuarios se sumaron a esta crítica de Roldán y cuestionaron este mensaje. ""Que tristeza promover frases vacías y que invitan a escaparse del trabajo personal. Así las cosas, lo que venden se gasta en tratar de recuperar a sus consumidores"", dijo Liliana Vásquez.



De igual manera, decenas de personas pidieron una explicación al gobernador Gaviria, toda vez que la Fábrica de Licores de Antioquia es una empresa industrial y comercial del Estado que pertenece al departamento. 



El mandatario lamentó lo sucedido y agradeció a los usuarios en redes por haber informado sobre esta situación, que no está acorde con los programas de salud mental que ha adelantado la Gobernación en los últimos años.



""He solicitado a Gerencia de la FLA retirar de manera inmediata este desafortunado mensaje que bien alejado está de nuestra filosofía de gobierno y de la gran apuesta que tenemos con Salud para el Alma"", escribió Gaviria en su Twitter.

",['crime_and_punishment'],negative,crime_and_punishment,0,0,0,0,0,0,1,0,0,0,0,0,0,0,¿Cómo describirías el tono de esta noticia?,negative,¿Qué tono tiene esta noticia?,negative
Noticia_146.txt,"¿Qué le falta a Ron DeSantis para cumplir las expectativas y superar a Donald Trump?



                                         



Para la derecha estadounidense más tradicional, el republicano Ron DeSantis encarna la alternativa al expresidente Donald Trump en las primarias para las presidenciales de 2024. Pero su campaña no termina de cumplir con las expectativas puestas en él hace meses.



¿Qué le ha fallado al gobernador de Florida?



El fiasco de Twitter

Para su esperada entrada en campaña para las primarias republicanas a finales de mayo, DeSantis, de 44 años, prometió un directo en Twitter moderado por Elon Musk.



Era una forma de encarnar un soplo de aire fresco frente a su principal rival por la nominación republicana, el expresidente Trump, de 77 años.



Pero se convirtió en un fiasco debido a una serie de problemas técnicos.



""Su micrófono no está abierto"", ""qué pena, no suele pasar"", fueron algunas de las palabras que escucharon cientos de miles de usuarios, en vez del programa que quería presentar el gobernador de Florida.



¿Falta de carisma?

Tras ser elegido triunfalmente como gobernador de Florida en noviembre de 2022, DeSantis esperó ganarse la confianza de todo Estados Unidos con sus posiciones sobre la inmigración, el aborto y los temas de género.



Pero sobre el terreno se le reprocha falta de carisma y ha sido objeto de burlas, en particular por su risa.



""DeSantis ha salido a los tropezones. No conecta con los votantes. Él culpa de esto a los medios de comunicación, pero en realidad es culpa suya"", estima Todd Belt, profesor de ciencias políticas de la Universidad George Washington.



""No está dando a los votantes mucho por lo que votar"" y a la gente le cuesta ver en qué se distingue de Trump, más allá de sus ideas más extremas, explica a la AFP. ""Ha intentado hacer algunas declaraciones políticas, como sobre la inmigración, pero la mayoría se han quedado en nada"".



Caída en los sondeos

La consecuencia está a la vista.



El gobernador, en quien los conservadores habían depositado sus esperanzas tras la decepción del Partido Republicano en las elecciones legislativas del año pasado, se encuentra ahora a más de 30 puntos del expresidente en las encuestas, según RealClearPolitics.



""Cuanto más le conoce la gente, más bajan sus encuestas"", ha bromeado Trump recientemente en su red Truth Social.



Las investigaciones en su contra no han impedido al expresidente lanzarse de lleno en su tercera carrera hacia la Casa Blanca y presentarse como víctima de una ""caza de brujas"" liderada por los demócratas, una teoría que apoyan muchos de sus seguidores.



(Además: Juicio contra Trump: jueza rechaza impedir el acceso a la lista de potenciales testigos)



Pese a sus inculpaciones en un tribunal de Nueva York y uno de Miami, el exempresario neoyorquino presume de haber recaudado millones de dólares gracias a la atención mediática que acaparan estos procesamientos judiciales.



La caída de DeSantis en las encuestas beneficia a la decena de candidatos republicanos que van a la zaga, como el exvicepresidente Mike Pence, aunque sus posibilidades de lograr la nominación parecen limitadas.



¿Todo está perdido?

Pero todo ello no significa que DeSantis esté enterrado políticamente, advierten sus aliados.



La batalla por la nominación republicana no ha hecho más que empezar y el exoficial de la marina tendrá muchas oportunidades de contraatacar antes de las primeras primarias, previstas para mediados de enero.



Para empezar, está el primer debate entre los aspirantes republicanos, previsto para el 23 de agosto. Una oportunidad para que DeSantis, que nunca ha atacado de frente a Trump, entre por fin en la arena.","['legality_constitutionality_and_jurisprudence', 'public_opinion', 'external_regulation_and_reputation', 'policy_prescription_and_evaluation', 'crime_and_punishment']",negative,public_opinion,0,0,0,0,1,1,1,0,0,0,0,1,0,1,¿Cuál es la actitud del autor en esta noticia?,negative,¿Qué tono tiene esta noticia?,negative
Noticia_137.txt,"'Guaro más barato que la terapia': polémico mensaje de Fábrica de Licores de Antioquia






En la tienda de la Fábrica de Licores de Antioquia que está ubicada en el centro comercial El Tesoro, en Medellín, hay un tablero donde usualmente ponen frases y promociones para incentivar a que las personas entren a comprar licores.



Un usuario de Twitter publicó el sábado 22 de julio el mensaje que estaba en la entrada. 



""El guaro es más barato que la terapia"", se podía leer. 



El usuario acompañó la foto con un mensaje donde criticó le hecho dado a los altas cifras de casos de suicidio en Antioquia. 



""Esta es la publicidad de La Tienda de La Fábrica de Licores de Antioquia @flaenlinea El Tesoro. En un departamento en el que el año pasado hubo 460 suicidios y un aumento de problemas de salud mental, se me hace irresponsable este mensaje. ¿No? @anibalgaviria"", dice Carlos Roldán en su cuenta de Twitter. 



Varios usuarios se sumaron a esta crítica de Carlos y cuestionaron este mensaje. 



""Que tristeza promover frases vacías y que invitan a escaparse del trabajo personal. Así las cosas, lo que venden se gasta en tratar de recuperar a sus consumidores"", dijo Liliana Vásquez. 



El gobernador de Antioquia, quien fue cuestionado en el primer mensaje del usuario de Twitter, respondió que sería retirada la publicidad. 



""He solicitado a Gerencia de la FLA retirar de manera inmediata este desafortunado mensaje que bien alejado está de nuestra filosofía de gobierno y de la gran apuesta que tenemos con Salud para el Alma. Agradezco inmensamente por haberme informado. UNIDOS cuidamos la salud mental"", escribió Aníbal Gaviria en su Twitter. ","['economic', 'legality_constitutionality_and_jurisprudence']",positive,economic,1,0,0,0,1,0,0,0,0,0,0,0,0,0,¿Cómo es el sentimiento general de esta noticia?,positive,¿Qué tono tiene esta noticia?,positive
Noticia_87.txt,"Revelan 'la macabra' advertencia que hacían los del submarino Titán antes de bajar






El pasado 18 de junio el sumergible 'Titán' de la empresa OceanGate partió hacia los restos del  naufragio del Titanic.



Los ocupantes del sumergible eran Hamish Harding, Shahzada Dawood y su hijo Suleman Dawood, Paul-Henry Nargeolet y Stockton Rush.



El pequeño submarino debía volver siete horas después de su expedición, sin embargo, no se volvió a saber de él ni de sus ocupantes, solo hasta el 28 de junio, cuando fue posible encontrar los restos de éste, pero ningún rastro de los cinco ocupantes. 



Tras el suceso, han sido muchas las críticas que han surgido frente a la compañía OceanGate, por una sospechosa negligencia. 



Según el 'New York Times' han surgido nuevos datos sobre la tragedia, en los cuales se afirma que Bill Price un pasajero que dio algunas declaraciones en una inmersión anterior del 'Titán'.



De acuerdo a las declaraciones de Price, antes de hacer el viaje, la empresa les explicó las posibilidades que existían de la implosión del sumergible y que esta información le fue entregada de manera 'terrorífica'.



Así mismo, les explicaron los riesgos de la inmersión, tomando como ejemplo una lata de una bebida siendo aplastada por un mazo, para demostrarles los efectos de una posible explosión del sumergible. 



De igual manera, Price expresó que la compañía comparó la presión del submarino con la que podría aguantar un elefante, apoyando su peso sobre una pierna y a su vez cargando el peso de 100 elefantes más. 



Esta información coincide con lo que posiblemente sucedió el pasado 18 de junio, momento en que se presentó la implosión del sumergible, en donde fallecieron los cinco ocupantes del 'Titán, entre los que se encontraba el CEO de la compañía . ","['economic', 'quality_of_life']",positive,economic,1,0,0,0,0,0,0,0,0,1,0,0,0,0,¿Qué percepción transmite el tono de la noticia?,positive,¿Qué tono tiene esta noticia?,positive
Noticia_95.txt,"¿Qué significa ser gestor de paz, la figura que Petro le encomendaría a Mancuso?







Luego de que el pasado domingo el presidente Gustavo Petro informara que nombrará al exparamilitar Salvatore Mancuso como gestor de paz para culminar el proceso de paz con los paramilitares, han vuelto a surgir dudas sobre el significado y la función de esta figura, la cual puede resultar ambigua. Le explicamos en qué consiste.



¿Qué es un gestor de paz?

La realidad es que esta figura no es nueva. Se creó hace dos décadas, a partir de la Ley 418 de 1997, la cual estableció con este nombre a personas que han pertenecido a los grupos armados ilegales y que estando en la cárcel son liberadas para que presten sus buenos oficios en tareas que ayuden a alcanzar acuerdos humanitarios o avanzar en contactos que permitan consolidar la paz con los grupos al margen de la ley.



En otras palabras, los gestores de paz pueden actuar de facilitadores o intermediarios entre organizaciones criminales y el Gobierno Nacional con el propósito de lograr la desmovilización de personas que hagan parte de estas estructuras e, incluso, el sometimiento de los grupos.



Para esto, el Gobierno debe emitir un decreto que nombre a la persona como gestora de paz para conocer cuáles serán sus funciones específicas.



Según la Oficina del Alto Comisionado para la Paz, por medio de esta figura se podrá solicitar a las autoridades judiciales competentes la suspensión de la medida de aseguramiento, de pena o solicitar la pena alternativa en contra de miembros o ex miembros de grupos armados organizados al margen de la ley.



""Sin embargo, la designación no suspende o pone fin en ningún caso a los procesos judiciales y los gestores tendrán que responder a las autoridades competentes en caso de ser requeridos. La designación no se trata de una amnistía o un indulto"".



Cabe resaltar que el Estado no puede asignar salarios a los gestores de paz, ni generar contratos laborales.



En su momento, el expresidente Álvaro Uribe Vélez utilizó esta figura y nombró gestores de paz para excarcelar guerrilleros que lograran la desmovilización de sus excompañeros de armas.



Caso Mancuso



""Para terminar el proceso y lograr la completa paz he decidido nombrar a Salvatore Mancuso como gestor de paz"", trinó en la mañana del domingo el presidente Gustavo Petro, a propósito del aniversario del Pacto de Ralito, que fue el inicio del proceso de desmovilización de grupos paramilitares en julio del 2001, entre ellos Mancuso, 'Don Berna' y 'Jorge 40'.



El proceso de paz que se inició con los entonces jefes paramilitares en el gobierno de Álvaro Uribe, según el jefe de Estado, aún no ha terminado.



""Aún no se sabe toda la verdad, las haciendas entregadas en parte se han perdido en manos del Estado recicladas a nuevos grupos que heredan el paramilitarismo, muchos cuerpos de víctimas aún no han sido encontrados"", complementó Petro



Por su parte, Mancuso le respondió este lunes al Presidente y dijo: ""Recibo esta decisión con la misma convicción con la que ha sido tomada, la de trabajar por lograr una paz total, integral, absoluta y duradera, que pueda ser heredada por otras generaciones"", se lee en la carta que le envió al jefe de Estado.



La misiva añade: ""Estoy listo y a la espera de que el gobierno nacional indique la ruta para cumplir las tareas asignadas. En este sentido, me pongo a disposición de la Oficina del Alto Comisionado para la Paz (OACP) con quienes venimos teniendo un diálogo propositivo en la constitución de la mesa técnica entre la OACP y las ex-Auc"".



Ante la designación, Mancuso contestó que esta le permitirá también desempeñar un papel de apoyo eficaz a la Unidad de Búsqueda de Personas Desaparecidas (UBPD) en la identificación y búsqueda de las personas desaparecidas por los paramilitares en la frontera colombo-venezolana.



También aseguró que seguirá compareciendo ante la justicia, como lo ha hecho por 17 años.","['crime_and_punishment', 'security_and_defense', 'quality_of_life', 'public_opinion']",negative,security_and_defense,0,0,0,0,0,0,1,1,0,1,0,1,0,0,¿Qué tipo de tono predomina en este texto?,negative,¿Qué tono tiene esta noticia?,negative
Noticia_94.txt,"Estas son las reacciones tras el nombramiento de Salvatore Mancuso como gestor de paz





En la mañana de este domingo 23 de julio, el presidente de la república, Gustavo Petro, anunció por medio de sus redes sociales que nombrará a Salvatore Mancuso como gestor de paz para que apoye la culminación del proceso de paz con los paramilitares.



""El proceso de paz entre el gobierno de Uribe y los paramilitares aún no ha terminado, aún, no se sabe toda la verdad, las haciendas entregadas en parte se han perdido en manos de estado, recicladas a nuevos grupos que heredan el paramilitarismo, muchos cuerpos de víctimas aún no han sido encontrados.Para terminar el proceso y lograr la completa paz he decidido nombrar a Salvatore Mancuso como gestor de paz"", dijo el primer mandatario en Twitter. 



Ante este nombramiento, figuras de distintos sectores políticos han reaccionado, uno de ellos fue el expresidente Alvaro Uribe, quien aseguró que:



""El proceso de mi Gobierno desmovilizó, aprox/, 35 mil paramilitares y 18 mil guerrilleros. Estoy esperando las pruebas de la calumnia de Mancuso.Que el Pte lo nombre gestor de paz no importa, lo grave es que mienta y que haya discriminación.

Deberían dar el mismo status a otros como Jorge 40, con 19 años de cárcel. Advierto, no lo conozco. A ninguno le he pedido ni le pediré que me favorezcan"". 



Así mismo, el senador Wilson Arias reaccionó a la noticia diciendo que ""Salvatore Mancuso será nombrado gestor de Paz para que se conozca la verdad del paramilitarismo, la “desmovilización” y sus alianzas. Noto a Álvaro Uribe, Maria Fernanda Cabal y Paloma Valencia y a toda la derecha asustada, ¿por qué será? La verdad les corre pierna arriba"". 



También, el senador Ariel Ávila se pronunció sobre el tema diciendo: ""Obviamente Uribe protesta. Mancuso ha dicho mucha verdad, pero le falta lo de paraeconómia, esa es la gran verdad que falta.Jorge 40, en cambio, no ha dicho nada. Solo oculta y miente"".



De igual manera, el representante a la cámara Óscar Villamizar indicó tras esta decisión que: ""En el corazón del Gobierno del cambio están en primera línea los narcoterroristas, como Salvatore Mancuso que ha cometido más de 75.000 crímenes y que tanto daño le ha causado a los colombianos, no hay espacio para la gente de bien, los campesinos, los desempleados, los jóvenes que luchan por un mejor futuro"".



","['cultural_identity', 'political', 'security_and_defense']",neutral,political,0,0,0,0,0,0,0,1,0,0,1,0,1,0,¿Cuál es la actitud del autor en esta noticia?,neutral,¿Qué tono tiene esta noticia?,neutral
Noticia_93.txt,"Gobierno Petro 'está abusando de la norma' con designación de Mancuso: Camilo Gómez






El excomisionado de Paz Camilo Gómez aseguró que el gobierno del presidente Gustavo Petro ""se está extralimitando y abusando de la norma"" al nombrar como gestor de paz al exjefe paramiliar de las AUC Salvatore Mancuso. 



""Con Salvatore Mancuso lo único que hay es el cumplimiento de las sentencias por la que ha sido condenado, él está cumpliendo una sentencia en los Estados Unidos como va a ejercer desde allá su función de gestor de paz”, dijo Gómez a la FM.



El pronunciamiento del excomisionado de Paz del expresidente Andrés Pastrana se dio luego de que el presidente Petro anunció este domingo que con el propósito de continuar el proceso de paz con los paramilitares que se inició durante el gobierno de Álvaro Uribe Vélez -a su juico no ha terminado- nombrará a Mancuso.



Sin embargo, aún no es claro cuáles serán específicamente sus funciones, ya que no se conoce el decreto de su designación. Mientras tanto Mancuso, quien está detenido en un centro migratorio en Estados Unidos tras cumplir su condena en ese país por narcotráfico, está tocando la puerta para ingresar a la Jurisdicción Especial para la Paz, ya que aún tiene condenas pendientes en Colombia.



""Mancuso debió contar toda la verdad, todos los datos posibles y existentes además de reparar a las víctimas. Si viene a hacerlo ahora en virtud de ser está figura de gestor de paz estaría incumpliendo esa ley y perdería todos los beneficios. Acaso que es el negocio que está tramándose alrededor de poner a quien se le dieron ya beneficios en un proceso que hace rato terminó"", cuestionó Gómez.



Mancuso, por su parte, respondió a en una carta Petro diciendo que ""estoy listo y a la espera de que el gobierno nacional indique la ruta para cumplir las tareas asignadas. En este sentido, me pongo a disposición de la Oficina del Alto Comisionado para la Paz (OACP) con quienes venimos teniendo un diálogo propositivo en la constitución de la mesa técnica entre la OACP y las ex-Auc"".



Agregó que ""hoy, aquel representante a la Cámara que nos confrontó y a quien declaramos objetivo militar en su momento es el Presidente de Colombia y ha tomado la decisión, en nombre del Estado colombiano, de ajustar y finalizar la negociación de Santa Fe de Ralito y de designarme como gestor de paz para tal fin"".","['external_regulation_and_reputation', 'public_opinion']",positive,external_regulation_and_reputation,0,0,0,0,0,0,0,0,0,0,0,1,0,1,¿Cómo describirías el tono de esta noticia?,positive,¿Qué tono tiene esta noticia?,positive
Noticia_92.txt,"Los nuevos cargos por corrupción que la Fiscalía imputó a un miembro del Clan Nule







Manuel Francisco Nule, uno de los protagonistas del 'Carrusel' de la contratación en Bogotá, fue llevado de nuevo ante la justicia por la Fiscalía, esta vez, para responder por presuntas irregularidades en el contrato para el acueducto de Anapoima en Cundinamarca.



En el proceso también está enredado el ingeniero Jerónimo Camilo Daza Daza.



La Contraloría ya había advertido sobre un presunto detrimento patrimonial de casi 40.000 millones de pesos por el mal uso de los recursos en la contratación del acueducto regional La Mesa-Anapoima, en Cundinamarca. Según el organismo de control, la obra se contrató sin cumplir los requisitos y sin la debida planeación.



El proyecto consistía en llevar agua desde Bogotá hasta La Mesa y Anapoima por medio de una tubería distribuida, inicialmente, en tres fases, que fueron contratadas entre el 2006 y el 2007 por el gobernador Pablo Ardila. La red debía comenzar a operar a partir del 2009; sin embargo, hoy no funciona.



​Daza Daza era el Secretario de Obras de la gobernación de Cundinamarca entre 2005 y 2008 y suscribió, entre otros, el contrato con el Consorcio Anapoima para viabilizar el acueducto.



La Fiscalía señaló que los contratos ""fueron suscritos sin planeación alguna"", ""sin permisos para redireccionar causas de ríos ni viabilidad para comprar predios"" y se pagaron anticipos a pesar de las irregularidades. Cuestionó que el funcionario declaró en incumplimiento de uno de los contratos y luego volvió a contratar con las mismas personas que habían incumplido. Y luego ante nuevos inconvenientes volvió a declarar el incumplimiento.



Los contratos fueron entregados a empresas asociadas a los miembros del 'Clan' Nule e incluso se entregó la obra y la interventoría de la misma a ese mismo grupo, cuando eso esta prohibido.



""Usted ordenaba los pagos para favorecerlos"", cuestionó la Fiscalía en la audiencia de imputación tras indicar que finalmente la obra no se cumplió.



Indicó que se pagaron 29 mil millones de pesos a empresas de los Nule a pesar de que el desarrollo de las obras ""fueron inconclusas e inservibles"".



El ente acusador imputó al exfuncionario el delito de celebración indebida de contratos, peculado de apropiación a favor de terceros e interés indebido en la celebración de contratos.



Sobre Manuel Nule la Fiscalía señaló que él era socio de varias de las empresas que suscribieron contratos con la Gobernación de Cundinamarca.



""Usted faltó a la verdad"", le dijo la fiscal a Nule señalando que logró pagos parciales de las obras por trabajos que no se hicieron y era consciente que era socio de empresas asociadas a la obra y a la interventoría.



En la investigación aparece Jorge Luis Bettín Rodríguez quien era el cocinero de los Nule pero que en el marco de la investigación por las irregularidades en Bogotá aparecía firmando varios contratos. En este caso figura como representante de una firma interventora.



A Nule Velila le imputó el cargo de peculado por apropiación.



""Ustedes sabían que con su accionar estaban violentando las normas de la contratación pública,  lesionaron el bien jurídico de la administración pública si justa causa"", dijo la Fiscalía.



Nule Velilla y Daza Daza se declararon inocentes.","['economic', 'cultural_identity']",positive,cultural_identity,1,0,0,0,0,0,0,0,0,0,1,0,0,0,¿Cuál es la intención emocional del autor?,positive,¿Qué tono tiene esta noticia?,positive
Noticia_115.txt,"Exclusivo: los ‘cariñitos’ que habría pagado Eduardo Pulgar por votos en La Guajira






Eduardo Pulgar Daza consiguió en las elecciones de 2018 para el Senado de la República 84.409 votos, la mayoría en Atlántico y Magdalena, en donde centró su correría política, pero en La Guajira, en donde no tuvo ni siquiera sede política, obtuvo 2.866 votos, lo cual no pasó desapercibido.



La votación, al parecer irregular, se dio especialmente en Maicao en donde, según la Sala de Instrucción de la Corte Suprema de Justicia, operó una red de compra de votos de la que Pulgar habría participado activamente.



Por una denuncia anónima y posteriores interceptaciones telefónicas, la Corte encontró la existencia de una red de compra de votos que no solo habría favorecido a Pulgar sino también a la entonces candidata y hoy congresista María Cristina Soto, conocida como ‘Tina’ Soto, quien también está investigada por el alto tribunal y, tras escuchar a Pulgar en indagatoria, analizar pruebas documentales y testimoniales, la Sala de Instrucción optó por acusar y llevar a juicio al exsenador por el delito de corrupción al sufragante.



EL TIEMPO conoció la acusación de Pulgar Daza, quien está condenado a 4 años y 10 meses de prisión por haber intentado sobornar a un juez que tenía un trámite judicial en el marco de la disputa familiar por el control de la Universidad Metropolitana de Barranquilla. El documento asevera que Pulgar se apoyó en Ades Alberto Aramendis y  Simón López, personas reconocidas en el ámbito político de Maicao para la consecución de votos a cambio de dinero o ‘cariñitos’.



Los 50 millones de pesos

Así lo revelarían las interceptaciones telefónicas realizadas. En una del 9 de marzo, antes de los comicios, Simón López y Luis Antolínez manifestaron su preocupación por que solo tenían 50 y necesitaban al menos 350 millones de pesos. 



Una llamada previa, de ese mismo día, Ades Aramendis habla con una persona sin identificar a quien le dice que no iba a viajar a Barranquilla porque “el senador dijo que iba a mandar eso” y, en otra llamada, ya en la noche, se relató de un allanamiento realizado a la casa de Aramendis.



Aunque Aramendis dice que él no tenía efectivo en la casa, su interlocutor dice: “por eso, por eso, …piensan que tú tienes alguna plata guardada pa comprar votos cualquier cosa me llamas si tienes que arrancar me avisas"".



Al día siguiente, se interceptó otra llamada entre López y Antolínez que, para la Corte, evidencia que la persona que habría suministrado los 50 millones de pesos era Pulgar. El segundo dice: ‘No te preocupes que él está tratando de resolver, si no lo fuera, Eduardo enseguida me dice, pero está tratando de resolver’, ante lo cual López responde que ese dinero se necesita para ‘hoy’ (10 de marzo).



Quejas por falta o demora del 'cariñito'



Y el día de las elecciones hubo varias llamadas: una de Simón con una mujer Alexandra que le dice que la gente no quiere “caminar porque usted sabe que no está el ‘cariñinto’. Otra de Simón con Randy que le cuenta que varias personas le están pidiendo ‘la plata adelante’ y que enseguida los lleven a votar; una más de Simón con Julieth en el mismo sentido.



En una llamada con una mujer llamada Liliana, Simón López reconoce que se le acabaron sus recursos, por lo que se le podía dar de a “15.000 barras” a cada uno; y en otra con una mujer llamada Evelin, esta le dice a Simón que la gente se fue “porque había otro candidato que estaba dando de a cincuenta”.



Al finalizar las votaciones, López habla con un hombre conocido como Pito a quien le cuenta que “el Senador nos mochó” en referencia a recursos y Pito dice que él, por apoyar a Mauricio Gómez, recibió cuatro millones de parte de un hombre llamado José Durán. Luego hablan del avance de la votación de Pulgar en Maicao y reconoce que el compromiso era por conseguir 3.000 votos.



“Tres mil voticos y eso que nos mocharon todos. Él nos mochó cincuenta barras y la vieja Tina nos mochó 96 (…) El man me llamó agradeciendo de todo lo que hicimos; a nosotros nos dieron recursos y Benedetti se gastó acá en Maicao tres veces lo que nos dieron a nosotros”, dijo López. Por audios recopilados en este caso y que mencionan al exsenador Armando Benedetti por supuesta compra de votos y uso de hasta 600 millones, la Corte compulsó copias, previo a la acusación, para que se inicie una pesquisa en su contra.



'El trabajo de Pulgar lo daño Tina Soto'





En otra llamada, sobre las 9 de la noche, López y Antolínez, hablan de que ya habían superado los 1.900 votos y que tenían la mayor votación en Maicao. El primero dice que le marcó a “Eduardo” pero que este no le había contestado y le cuenta al segundo que ‘Tina’ Soto ya estaba en rueda de prensa.



Otras llamadas interceptadas evidenciaron que Ades Aramendis dio órdenes a un hombre para dar “el cariño por adelantado” a la gente y se tiene otra llamada en la que él le da instrucciones a una mujer para que votara por Pulgar con el ‘U6’ y, luego, Ades y López hablan y este menciona que está debiendo 8 millones de pesos.



Una de las llamadas claves entre López y Aramendis, calificados por la Corte como quienes realizaron el entramado corrupto, revela, según el documento, que le trabajaron a Pulgar. “El trabajo de Pulgar lo daño Tina Soto negándonos los recursos”, dice el segundo. Y su interlocutor más adelante dice: “Si te pones a revisar Maicao, el 40 % de los votos de ella los pusimos nosotros, contándolos por Pulgar”. Ahí, ambos vuelven a mencionar que Benedetti habría dado 550 millones solo para Maicao.



Las llamadas interceptadas no solo revelan la gestión realizada por ellos, sino como les habría tocado recortar costos por un supuesto incumplimiento de dinero de parte de Soto, que estaban contentos por lo que se hizo, y también se mostraron aliviados de no haber estado enredados cuando se conoció el allanamiento que hizo la Fiscalía a la ‘Casa Blanca’, sede política de Aida Merlano, condenada por compra de votos posteriormente.



“La allanaron el domingo de las elecciones, marica, y le encontraron 260, ahí en la misma oficina donde nos reunimos con ella”, dice Antolínez y López luego dice: “Bueno, gracias a Dios nosotros no salimos ahí”.



La llamada de agradecimiento



Con estas evidencias, para la Sala de Instrucción de la Corte Suprema, con ponencia del magistrado Marco Antonio Rueda, es claro que Aramendis y López fueron contactados por María Cristina Soto y Eduardo Pulgar para distribuir dinero a cambio de votos y en una llamada de las 5:27 de la tarde del 17 de marzo de 2018, el elegido senador le agradece a Aramendis.



“Llamando a darle las gracias por ese respaldo. Yo sé que, no joda, ustedes les montaron una perseguidora y esta señora que quedó mal. (…)Sí, yo estuve enterado ahí de la vaina. La señora esta también les quedó un poco mal al final”, dice Pulgar.





Según la Corte, hay evidencias suficiente de la existencia de una “estructura de líderes políticos” que prestaron su apoyo para facilitar votos en favor de Pulgar, quién habría intervenido en este esquema. También, habría pruebas de que los votos variaban entre los 12.000 y los 15.000 pesos, que López y Aramendis lideraron el esquema y coordinaron qué decir ante la justicia cuando fueron llamados, entre otros.



Según la Corte, aunque estos negaron haber desplegado actividades de proselitismo para favorecer a Pulgar, esto sería falso. Además, se encontró una relación previa entre Luis Antolínez y Pulgar pues este habría sido nombrado como abogado externo en el Hospital Materno Infantil de Soledad, Atlántico, por gestión del senador, según registro de interceptación del 2021.



ara la Sala de Instrucción, además, habría sido Pulgar el que logró el concurso de todos los citados para consolidar su reelección a cambio de comprar votos, sin que hasta la fecha haya prueba de si Pulgar y Soto se aliaron para ello o no. 



La defensa de Pulgar en la Corte Suprema



Pulgar dio su versión en indagatoria y ampliación de indagatoria durante varias sesiones. El 31 de agosto de 2022, cuando se le pusieron de presente las evidencias de la supuesta compra de votos en Maicao, Pulgar indicó que sabía quien era 'Tina' Soto, pero que no la conocía ni sabía de sus aspiraciones al Congreso.



Aseguró que se dedicó a recorrer exclusivamente el Atlántico y Magdalena y que en La Guajira no tenía coordinadores de campaña, más que una amistad con 'Pototo' quien ""siempre"" le ayudó en dicha población. Además, negó haber hecho alguna alianza política con candidatos para la Cámara de Representantes de esa circunscripción electoral, así como haberle suministrado dinero u otra clase de recursos a esa persona para que le colaborara en su aspiración.



Pulgar admitió distinguir a Luis Leonardo Antolínez porque fue concejal de Barranquilla pero negó haber trabajado con él o incidido en su designación en alguna entidad. También negó que le hubiere ayudado en la campaña de 2018. 



Preguntado sobre Ades Aramendis Gómez, Pulgar invocó el derecho a la no auto incriminación e hizo lo mismo con Simón López Martínez.



Los delitos por los que ya no será investigado



De otro lado, la Sala de Instrucción de la Corte Suprema precluyó la investigación que avanzaba en contra del exsenador Pulgar por los delitos de falsedad en documento privado, fraude procesal y violación de los topes o límites de gastos en las campañas electorales. 



La decisión indica que aunque hubo inconsistencias en la información entregada al Consejo Nacional Electoral, realmente no hubo una transgresión en los límites cuantitativos, ni de las disposiciones que regulan las fuentes licitas de financiación, establecidos en la Ley 1475 de 2011.



También dice que aunque Pulgar en efecto realizó gestiones ante un juez, al que intentó sobornar para mediar en la disputa política por el control de la Universidad Metropolitana de Barranquilla, caso por el que fue condenado y que el juez nunca aprobó, no recibió apoyo alguno de las personas que ayudó.



De hecho, Pulgar dijo que no recibió “ningún apoyo (…) ni con billetico, ni con becas, ni con puestos” y que  “nunca me abrieron los micrófonos de la universidad para que yo hablara allá, nunca me ayudaron con ninguna donación a mi campaña, nunca me dieron ninguna beca ni nunca me dieron puestos”.

","['public_opinion', 'political', 'legality_constitutionality_and_jurisprudence', 'health_and_safety']",neutral,political,0,0,0,0,1,0,0,0,1,0,0,1,1,0,¿Cómo describirías el tono de esta noticia?,neutral,¿Qué tono tiene esta noticia?,neutral
Noticia_91.txt,"Corte Suprema acusó a Eduardo Pulgar por presunta compra de votos en La Guajira







En juicio tendrá que responder el excongresista Eduardo Pulgar Daza, luego de que la Sala Especial de Instrucción de la Corte Suprema de Justicia lo acusó por la presunta comisión del delito de corrupción al sufragante.



El exsenador es investigado porque en su campaña al Senado para el periodo 2018-2022 habría comprado votos en La Guajira.



Aunque fue acusado por corrupción al sufragante, en la misma decisión la Sala de Instrucción le precluyó otra investigación por fraude procesal y violación de topes o límites de gastos de campaña, al no encontrar mérito para acusarlo por esos delitos.



Según se conoció, este proceso contra Pulgar se derivó de otra investigación que adelanta la Corte Suprema contra la representante a la Cámara María Cristina Soto de Gómez.



Es de recordar que Pulgar está preso pagando una condena del alto tribunal por el delito de tráfico de influencias y cohecho.



Por esos hechos la Corte lo condenó a 4 años y 10 meses tras concederle una rebaja del 45 por ciento de la pena porque se acogió a sentencia anticipada y aceptó cargos.



Ese caso, por el cual la Procuraduría lo inhabilitó por 12 años y el Consejo de Estado le decretó la pérdida de investidura, tiene que ver con que intentó sobornar a un juez con 200 millones de pesos para que favoreciera a un patrocinador suyo: el excónsul honorario de Polonia en Colombia Luis Fernando Acosta Osío, en el marco de una disputa familiar por el control de la Universidad Metropolitana de Barranquilla.","['health_and_safety', 'cultural_identity', 'public_opinion']",positive,cultural_identity,0,0,0,0,0,0,0,0,1,0,1,1,0,0,¿Cuál es la intención emocional del autor?,positive,¿Qué tono tiene esta noticia?,positive
Noticia_90.txt,"Eduardo Pulgar: conceden detención domiciliaria al excongresista







Por medio de un comunicado, la firma de abogados que representa al excongresita Eduardo Pulgar Daza, informó que a su cliente se le concedió la prisión domiciliaria, por lo que seguirá cumpliendo su condena y  su proceso de resocialización desde su lugar de residencia.



Los abogados aseguraron que el proceso estará bajo el seguimiento y monitoreo del Inpec. 



El excongresista barranquillero, militante del partido de la U, fue sentenciado a cuatro años y ocho meses por la Corte Suprema de Justicia tras aceptar su responsabilidad en los delitos de tráfico de influencias de servidor público y cohecho por dar u ofrecer 200 millones de pesos al entonces juez promiscuo municipal de Usiacurí (Atlántico), Andrés Fernando Rodríguez Caez, en 2017.



Por esos mismos hechos, el Consejo de Estado le decretó la pérdida de investidura, lo que significa que Pulgar no podrá volver a presentarse a cargos de elección popular el resto de su vida.



Asimismo, la Procuraduría General de la Nación lo destituyó e inhabilitó por doce años para ejercer cargos públicos.



El comunicado aparece firmado por María Paula Escorcia directora de la firma Escorcia y Asociados Consultores Legales en Barranquilla.



","['morality', 'health_and_safety', 'external_regulation_and_reputation', 'quality_of_life']",negative,external_regulation_and_reputation,0,0,1,0,0,0,0,0,1,1,0,0,0,1,¿Qué emoción o tono se refleja en esta noticia?,negative,¿Qué tono tiene esta noticia?,negative
Noticia_89.txt,"'La gente habla de que haya muchas cárceles, pero no las quieren ver cerca de su casa'







Tras una legislatura en la que se hundieron varios proyectos claves del Ejecutivo en materia judicial, este 20 de julio el Ministerio de Justicia volverá recargado con algunos de esos y otros nuevos. El jefe de la cartera, Néstor Osuna, habló sobre aquellos en los que se enfocarán.



Empieza una legislatura con un Congreso casi que en oposición, ¿cómo lee el futuro de la agenda del Gobierno?

Los proyectos del Ministerio de Justicia los defenderemos con todo el arsenal de argumentos, creo que estos proyectos son razonables y convenientes. La existencia, fortaleza o fragilidad de una eventual coalición parlamentaria del Gobierno es un tema principalmente del Ministerio del Interior; sin embargo, yo creo que uno puede sacar adelante algunos proyectos, aunque la coalición pase por un mal momento.



¿En esta nueva legislatura en qué proyectos se concentrarán?

Humanización carcelaria, la reglamentación de la jurisdicción agraria, la reforma de la Ley de Víctimas, que iría para agosto; y la ley para prorrogar la alimentación de la Uspec en los centros de detención transitoria hasta junio del año entrante.



¿Qué cambios hay en el de humanización carcelaria?



El proyecto presentado en febrero proponía eliminar unos delitos, eso se suprimió, es decir, los delitos seguirán, la inasistencia alimentaria, la injuria… Básicamente esa es la principal reforma, hay otros ajustes técnicos en cuanto a subrogados penales, pero no alteran la sustancia del proyecto.



El Fiscal habló de un cambio en el principio de oportunidad para meter la ley de sometimiento aquí...

La ley de sometimiento va por otro lado, no tiene nada que ver. En el proyecto anterior se había criticado que proponíamos que en la protesta social no se pudieran imputar los delitos de terrorismo o concierto para delinquir; la sugerencia fue que cuando la persecución penal pueda inhibir el ejercicio de un derecho legítimo, que la Fiscalía tenga la posibilidad de no abrir la investigación penal, que la Fiscalía tenga la posibilidad de aplicar el principio de oportunidades en esos casos.



Hay gran preocupación por la seguridad, ¿cómo ayudaría este proyecto en eso?

Nuestra propuesta de política penitenciaria ofrece que una persona cuando salga tenga mucho menos riesgo de reincidir porque sale sabiendo algo que no sabía, con los ejercicios de resocialización. Otras causas de inseguridad no se pueden enfrentar desde el sistema penal, eso tiene que ver con la oferta social, con educación, con la actuación de la Policía, con el acierto de los jueces... Esta política penitenciaria que estamos proponiendo ayudaría en esta medida, no le podemos pedir más allá de su capacidad.



Ante la inseguridad mucha gente dice que hay muy poca justicia, ¿qué responderles?

Hay una costumbre nacional de no asumir responsabilidades propias y echárselas al vecino, yo creo que la justicia en Colombia funciona de modo aceptable con las herramientas que tiene. Claro que hay pocos jueces, por eso se amplió significativamente el presupuesto este año, y así se hará en años siguientes, para tener una rama judicial más robusta. Desde el Ministerio de Justicia podemos organizar una política criminal que permita que una persona que pasó por la cárcel tenga menos riesgo de reincidir.



¿Ha encontrado poca receptividad de los alcaldes y gobernadores en esto, así como en la atención de presos en las URI y estaciones de Policía?



La política carcelaria es muy propicia para hacer populismo, pero muy complicada cuando se toma en serio; todo el mundo habla de que haya muchas cárceles pero ni las quieren ver cerca de su casa, ni quieren pagarlas. Efectivamente los municipios tienen desde 1993 la obligación de tener cárceles municipales y atender a las personas que están ahí, pero muy pocos tienen cárceles, yo sé que hay algunos que no tienen recursos pero también hay otros que nunca han tenido ganas.



Otro proyecto que se quedó es la ley de Sometimiento, ¿insistirán en ello?

Como ministro de Justicia, yo volvería a presentar el texto que presentamos la legislatura pasada, pero hemos escuchado otras posibilidades como modificar esa propuesta o pensar en que la Ley de Justicia y Paz se pueda prorrogar para asumir este nuevo reto.



Tenemos las siguientes pautas: que no sea un sistema de justicia transicional sino ordinaria; que haya cárcel, que haya desmantelamiento efectivo de las bandas, no solo la entrega de un cabecilla; y que haya reparación a las víctimas. Entonces, sí se presentará un proyecto, con esas coordenadas básicas, lo haremos pronto, aunque no para el 20 de julio.



Ha habido críticas a la política de drogas que están discutiendo por considerarla muy laxa, ¿qué responde?

Fueron más de 50 mesas institucionales y diálogos en 26 regiones con los directamente involucrados: cultivadores, consumidores, padres de familia… Esa política la pusimos a discusión en el Consejo Nacional de Estupefacientes y nos reunimos para una deliberación sana, esa discusión contribuirá a mejorar. Quedamos de darnos dos semanas más para perfeccionar las correcciones y después el Gobierno la adoptará, esta no es una política que necesite la aprobación del Consejo, pero es democráticamente razonable oír sugerencias e incorporar aquellas compatibles.



El Gobierno es claro en que no van a fumigar cultivos ilícitos sino que usarán otras alternativas ¿esas otras cuándo comenzarán?

Esta política se comenzará a implementar una vez el Gobierno la haya aprobado y ahí están las posibilidades de pactos territoriales de sustitución, el nombre que le pusimos es ‘Pacto de tránsito a la legalidad’. ¿Por qué no se está viendo? Porque todavía no está adoptada por el Gobierno.



Hace unos días se supo que EE. UU. no medirá los cultivos, ¿Colombia tendrá otro sistema?

El contrato de la medición Simci con Naciones Unidas está vigente y al menos para el año entrante también. Con esa medición y con la de la Policía me parece que tenemos un mapa suficientemente claro y bueno de lo que está ocurriendo tanto con los cultivos ilícitos como con la producción y comercio de cocaína. Para las actividades nuestras de diseño de una política de lucha contra el narcotráfico, la información que viene del sistema de la Policía y del de Naciones Unidas es suficiente.



Hay versiones de que el Gobierno abandonará el Simci…

Yo soy el gobierno y debería saberlo, o sea, no, no hay eso como política. Este año ya estamos esperando los resultados, yo creo que a mediados del próximo mes estarán; y ya está la previsión presupuestal del contrato del monitorio de este año que saldrá el año entrante.



¿Cómo va la reglamentación de la Jurisdicción Agraria, que sí se aprobó?

Nosotros elaboramos un borrador que lo socializamos con la Corte Suprema, el Consejo de Estado, el Consejo Superior de la Judicatura, el Instituto Colombiano de Derecho Procesal, algunos abogados agraristas y otros expertos. Ellos están elaborando sus comentarios y quedamos de recoger todo en una sesión el 24 de julio; después de eso, redondearemos el proyecto y lo presentaremos al Congreso.



¿Cómo funcionaría?

Es un proyecto de ley ordinaria que crea un procedimiento de dos instancias: una primera instancia, yo aspiro que podamos iniciar con 50 juzgados y que progresivamente se vayan creando más; y una segunda instancia en unos tribunales, el Consejo de la Judicatura nos sugiere inicialmente crear cuatro: en la región Caribe, Pacífico, Centro-Andina y Orinoquia. Y, por último, el papel de la Corte Suprema y del Consejo de Estado es hacer una selección discrecional de aquellos fallos que consideren importantes para unificar jurisprudencia. Si logramos las mayorías que tuvo el proyecto de reforma constitucional, estoy tranquilo de que se va a aprobar y comenzará a operar a finales de este año.



En la Corte podría caerse la ley de 'paz total', ¿cómo ven esto?

Yo presencié los debates y no advertí ninguna irregularidad, pero si la Corte lo encuentra, pues es la que está encargada de dar la última palabra y la respetaremos.



¿Insistirán en el proyecto de subrogación uterina que se hundió?

No tenemos decisión de volverlo a presentar tal cual porque vimos que no había el ambiente ni para el proyecto que presentamos ni para otras alternativas, probablemente primero haya que elaborar un consenso más amplio en la sociedad.



¿En la reforma de la ley de víctimas qué se contempla, habrá una nueva prórroga?

Hay que conseguir nuevas fuentes de financiación y buscar formas de reparación que no sean regresivas pero que sean factibles. No es una nueva ley sino reformas para armonizarla con el acuerdo de paz, con la JEP, con las recomendaciones de la Comisión de la Verdad y con las demandas y anhelos de las víctimas. Ya hay un texto, que tiene el Ministerio de Hacienda para concepto presupuestal, supongo que habrá recomendaciones y una vez esté listo lo presentaremos. Y creemos necesaria una extensión, pero no se ha hablado de cuánto tiempo.



La JEP está a punto de emitir sus primeras sentencias y una parte del cumplimiento de estas será responsabilidad del Estado, ¿están listos?

Sí estamos listos. Tenemos una articulación entre distintas dependencias del Gobierno porque evidentemente esas sentencias se tienen que ejecutar, sea lo que sea que determine la JEP, tenemos que ejecutarlo. Por ahora tenemos arreglos institucionales, reuniones de trabajo, algunas previsiones presupuestales, pero más allá de eso, estamos a la espera.



Usted ha tenido una contienda permanente con el Fiscal General, ¿cómo va esa relación?

Es algo absolutamente razonable en un sistema democrático con separación de poderes. Yo estoy seguro de que el Fiscal General quiere lo mejor para este país, igual que lo quiero yo, y si en algunas cosas tenemos diferencia de opiniones, eso forma parte de cómo cada uno ve su sueño de una mejor Colombia. Entonces, bienvenidas esas discusiones; no le temo a eso.





",['crime_and_punishment'],positive,crime_and_punishment,0,0,0,0,0,0,1,0,0,0,0,0,0,0,¿Qué tono tiene el autor al escribir esta noticia?,positive,¿Qué tono tiene esta noticia?,positive
Noticia_88.txt,"México: así ataja el flujo de migrantes en la frontera con EE. UU.



                                                                                   



CIUDAD JUÁREZ, México — Refugios para migrantes con muchas camas vacías. Comedores populares con comida de sobra. Soldados patrullando las intersecciones donde las familias de inmigrantes alguna vez mendigaron monedas.



En las ciudades mexicanas a lo largo de la frontera, la historia es muy similar: en lugar de dispararse como advirtieron los funcionarios electos y los partidarios de la inmigración, la cantidad de migrantes intentando ingresar a Estados Unidos se ha desplomado luego de la expiración en mayo de una restricción fronteriza de la era de la pandemia.



La relativa calma se deriva de acciones tomadas por la Administración Biden para tratar de revertir un enorme salto en el número de los migrantes que intentan llegar a Estados Unidos. Pero también es el resultado de las férreas medidas que ha tomado México para disuadir a los migrantes de aglomerarse a lo largo de la frontera.



La estrategia de México refleja el surgimiento del país como ejecutor de las políticas migratorias de Estados Unidos, al mismo tiempo que toma sus propias medidas para controlar la frontera, ya que sus ciudades norteñas han tenido problemas para albergar a grandes números de migrantes. Las difíciles condiciones atrajeron la atención mundial luego de que un incendio en marzo en un centro de detención de migrantes en Juárez dejó docenas de muertos.



Subrayando el alivio en la presión sobre las ciudades fronterizas, las autoridades migratorias mexicanas desmantelaron recientemente un campamento de carpas en Juárez instalado después del incendio. El sitio, que abrió con 240 personas en mayo, albergaba a sólo 80 personas este mes después de que muchos inmigrantes programaron citas con funcionarios fronterizos de EU vía una aplicación móvil creada este año.



Cristina Coronado, que opera un comedor de beneficencia para migrantes en el Centro de Juárez, dijo que los albergues de la Ciudad estaban “semi vacíos” después de que los migrantes pudieron obtener citas al otro lado de la frontera o fueron llevados por las autoridades mexicanas a otras partes del País. Aún así, ella y otros activistas advirtieron que la calma puede ser de corta duración ya que cientos de migrantes, en su mayoría de Venezuela, Haití y Centroamérica, continúan llegando a México.



“Mientras no cambien las condiciones en los países de origen, mientras la gente siga saliendo, va a llegar un punto que nuevamente vamos a ver las fronteras saturadas”, dijo Alejandra Macías Delgadillo, directora de Asylum Access Mexico, una organización sin fines de lucro que ayuda a los solicitantes de asilo.



Por ahora, las autoridades estadounidenses han registrado una fuerte caída en los arrestos de migrantes por cruzar ilegalmente la frontera desde que terminó la medida de salud pública conocida como Título 42, que prohibía la entrada al País a la mayoría de los indocumentados.



El 29 de junio los agentes de la Patrulla Fronteriza en el sector de El Paso, históricamente uno de los más transitados, encontraron a 654 personas que intentaban ingresar ilegalmente a EU, contra las casi 2 mil por día a principios de mayo.



Las nuevas medidas incluyen un veto de cinco años para ingresar a Estados Unidos para los migrantes atrapados repetidamente tratando de ingresar ilegalmente y mejoras en la app diseñada para agilizar las solicitudes de asilo. Pero el Gobierno mexicano también ha tomado medidas. Además de trasladar a los migrantes del norte de México a otras partes del País, ha introducido obstáculos burocráticos, imponiendo el mandato de dejar de emitir cualquier documentación que permita a los migrantes y refugiados permanecer en México. Los funcionarios pronto suavizaron estas medidas, pero los grupos de inmigrantes dicen que su efecto ha sido claro.



El enfoque más estricto de México beneficia los esfuerzos de la Administración Biden para mejorar el control fronterizo de cara a las elecciones presidenciales del próximo año en Estados Unidos.



Más inmigrantes que habían estado llegando a las ciudades del norte de México están hallando más fácil iniciar el proceso de asilo gracias a las mejoras a la app conocida como C.B.P. Uno. El 30 de junio, el Departamento de Seguridad Nacional de EU anunció la expansión de las citas vía la app a mil 450 por día, un aumento de casi 50 por ciento desde el 12 de mayo, día en que finalizó el Título 42.



Enrique Lucero, gerente de la oficina de migración de Tijuana, dijo que los migrantes están usando la app en lugar de tratar de escalar el muro de acero de doble capa que separa la ciudad de San Diego, California.



La situación en Tijuana era “totalmente tranquila” y había “mucho espacio para migrantes en los albergues”, dijo Lucero.","['legality_constitutionality_and_jurisprudence', 'policy_prescription_and_evaluation', 'security_and_defense', 'political']",neutral,policy_prescription_and_evaluation,0,0,0,0,1,1,0,1,0,0,0,0,1,0,¿Cómo es el sentimiento general de esta noticia?,neutral,¿Qué tono tiene esta noticia?,neutral
Noticia_114.txt,"‘Es posible que se sientan dioses de barro’: el duro mensaje de Osuna al clan del Golfo






Durante una rueda de prensa organizada en la Jurisdicción Especial para la Paz (JEP) para hablar sobre amenazas a dos magistrados, el ministro de Justicia, Néstor Osuna, se refirió al 'clan del Golfo'

​—conocido como 'Autodefensas Gaitanistas de Colombia (Agc)— como ""dioses de barro"".



El comentario lo hizo porque, en la rueda de prensa en la JEP organizada el martes, se le preguntó por el estado de una eventual negociación entre el Gobierno Nacional y este grupo armado ilegal, que a la par es señalado de amenazar a los dos magistrados de la JEP.



""Es posible que en este momento se sientan unos dioses, dioses de barro; que miren la historia, lo que ha pasado con las estructuras criminales organizadas anteriores a ellos. En ese sentido, esa afirmación de 'no aceptamos', que se lo piensen, porque eso es lo que hay, esa es la oferta"", dijo Osuna.



Para el ministro, el camino ya lo mostró incluso el presidente de la República, Gustavo Petro, quien afirmó que el clan tiene que mostrar una verdadera voluntad de paz, puesto que la semana pasada se conocieron no solo amenazas de ellos a magistrados, sino también a profesores en algunos puntos del país. 



""Si el 'clan del Golfo' no entiende que la paz implica la verdad, es mejor que lo diga y no perdamos tiempo"", escribió Petro en Twitter. 



Ahora, en el encuentro con la JEP, Osuna recordó que, de alguna manera, lo que el Estado les está ofreciendo a los miembros de este grupo bajo el mando de Jobanis de Jesús Ávila, alias Javier o Chiquito Malo, es que puedan llegar a viejos, que después de pagar una pena puedan pasar el final de sus vidas con sus familias.



Los comentarios del jefe de esa cartera no cayeron bien en el 'clan del Golfo', o por lo menos así lo dejó saber su abogado, Ricardo Giraldo, quien se preguntó si esta es la 'paz total' de Petro.



""Estos son los funcionarios de Estado que hablan de 'paz total'. Basta mirar la forma de gesticular del ministro Osuna. Se le nota el odio visceral. Y se le reitera al presidente Petro que las Agc siempre han mostrado y probado su voluntad de paz total. Otra cosa es que por conveniencias políticas o ideológicas no le convenga al Gobierno aceptarlo. El sometimiento no es la solución para acabar con un conflicto armado no internacional de más de cinco décadas. ¿Las víctimas no importan, ministros y Petro?"". 



Néstor Osuna es clave en este tema porque es quien lidera el proyecto de ley de sujeción a la justicia para bandas criminales de alto impacto, en el cual se incluyen una serie de beneficios para quienes se comprometan a decir la verdad y se desarmen. 



En ese sentido, el ministro también se refirió a cuántos integrantes hay del 'clan del Golfo'. Para él, decir que son 1.000, 1.500 o 9.000 son hipótesis, insistiendo nuevamente en que, si no aceptan la vía de sometimiento, los miembros de las Agc van a quedar como en casos del pasado: ""Morir en un tejado, asesinado por otra banda, estar huyendo de la justicia permanentemente, tener a sus familias siempre asustadas"".","['crime_and_punishment', 'security_and_defense', 'public_opinion', 'political']",neutral,crime_and_punishment,0,0,0,0,0,0,1,1,0,0,0,1,1,0,¿Qué emoción o tono se refleja en esta noticia?,neutral,¿Qué tono tiene esta noticia?,neutral
Noticia_113.txt,"Rama Judicial interpone demanda contra magistrada de la Corte Suprema, ¿por qué?







El Consejo de Estado admitió para su estudio una demanda en contra de la elección de la magistrada de la Corte Suprema de Justicia Hilda González Neira y negó suspenderla provisionalmente en el cargo.



La demanda que cursa en el despacho de la magistrada Rocío Araújo tiene argumentos similares pero con hechos nuevos a los de otro recurso judicial que fue negado ya en diciembre de 2022, por ese mismo alto tribunal. ¿De qué se trata?



La demanda dice que Neira no habría cumplido los requisitos para llegar el cargo que incluye, entre otros, ejercer su labor de abogada con buen crédito porque por una actuación suya como magistrada se inició un proceso que terminó con una condena a la Nación.



Y ahora, la Rama Judicial presentó ante el propio Consejo de Estado una acción de repetición con la que busca que Neira pague de su propio bolsillo el costo de esa condena. Ese proceso llegó al despacho del magistrado Guillermo Sánchez Luque el pasado primero de febrero de 2023.



Ese proceso primero llegó al Juzgado 65 Administrativo del Circuito Judicial de Bogotá que en diciembre de 2022 lo remitió, por competencia, al Consejo de Estado.



El TIEMPO revisó el expediente de la demanda de repetición y hasta el momento solo se ha dado el reparto del expediente al magistrado Sánchez, por lo que no se ha definido si la demanda será admitida y estudiada de fondo. Para el abogado Iván Andrés Flórez, en todo caso, la existencia de ese proceso demostraría que Neira no cumple los requisitos para ser magistrada de la Corte Suprema.



""El ejercicio de la acción de repetición exige para su ejercicio el cumplimiento del presupuesto procesal del pago efectivo y real de la condena por parte del demandante Nación-Rama Judicial, por tanto, existe a la fecha certeza absoluta del daño patrimonial al erario público con ocasión de una conducta –dolosa y gravemente culposa– de la hoy accionada Hilda González Neira"", dice la demanda.



Según la demanda de nulidad, este hecho de la condena a la Nación producto de una actuación de Neira como magistrada, implicaría que no tiene los requisitos para estar en la Corte Suprema, porque se habría afectado ""la imagen del servicio público de administración de justicia"" y la ""disponibilidad presupuestal"" de la Nación.



Al analizar preliminarmente los argumentos, la Sección Quinta del alto tribunal indicó que se cumplieron los requisitos para estudiar la demanda pero no para suspender en esta etapa inicial del proceso a Neira como magistrada.



""Se advierte que el proceso de nulidad electoral es autónomo frente al medio de control de repetición, por lo que en el presente asunto se trata de un tema de fondo que debe resolverse al momento de proferir sentencia y al contar con todos los elementos de juicio que para esta etapa precaria del trámite no han sido aportados por el demandante"", dice la decisión conocida por EL TIEMPO.



""Para este momento del proceso no se advierte que la demandada haya sido nombrada sin el requisito del buen crédito o que la falta de publicidad del acto de nombramiento y confirmación incida en su legalidad, como lo alegó el demandante en su escrito inicial, motivo por el cual se negará la prosperidad de la petición cautelar"", agrega el recurso.","['public_opinion', 'security_and_defense']",neutral,security_and_defense,0,0,0,0,0,0,0,1,0,0,0,1,0,0,¿Cómo es el sentimiento general de esta noticia?,neutral,¿Qué tono tiene esta noticia?,neutral
Noticia_112.txt,"¿Por qué anularon la elección del representante Víctor Andrés Tovar?







l Consejo de Estado anuló la elección del representante Víctor Andrés Tovar Trujillo, como representante a la Cámara por el departamento del Huila para el período 2022 – 2026.



La decisión obedece a una demanda en la que se señalaba que Tovar había incurrido en la inhabilidad consistente en tener parentesco con una persona que ejerció la autoridad civil y política en la misma circunscripción, durante el año previo a su elección.



El Consejo de Estado dijo que, en efecto, esto sucedió porque su madre, Dora Trujillo fue  alcaldesa del municipio de Tarqui durante el año previo a su elección, lo que materializa la condición de inelegibilidad



El fallo sostiene que, si bien Trujillo estuvo en licencia no remunerada y se nombró su reemplazo, en encargo, durante el año previo a la elección de su hijo, ello no significa que, en ese lapso, no estuviera en cabeza suya la autoridad política y civil en el ente territorial.



""Teniendo en consideración que el demandado inscribió su candidatura, por Cambio Radical, el 10 de diciembre de 2021, (según formulario E-6) y que las elecciones para elegir representantes a la cámara se llevaron a cabo el 13 de marzo de 2022, debe concluirse que la señora Dora Liliana Trujillo Pava estuvo en periodo de licencia ordinaria concedida por el gobernador, durante el periodo inhabilitante, sin que tengan relevancia las licencias que fueron concedidas con posterioridad. Sin embargo, por esta condición no perdió su calidad de jefe del municipio y con esto, su autoridad civil y política"", dice el fallo.



Con ponencia del magistrado Pedro Pablo Vanegas, la Sala dijo que en estos casos, el alcalde mantiene su autoridad y en cualquier momento podría volver a su cargo. De ahí que considere que sí se configuró la inhabilidad



","['security_and_defense', 'public_opinion']",negative,security_and_defense,0,0,0,0,0,0,0,1,0,0,0,1,0,0,¿Cómo describirías el tono de esta noticia?,negative,¿Qué tono tiene esta noticia?,negative
Noticia_111.txt,"Gustavo Petro buscará bajar tensión con altas cortes en reunión este martes






El presidente de la República, Gustavo Petro Urrego, y los presidentes de las altas cortes tienen previsto almorzar este martes en la sede de la Corte Suprema de Justicia. Esto, tras la fuerte polémica que se generó el viernes luego de que el jefe de Estado dijo que también era el jefe del Fiscal General.



Tras un duro rifirrafe entre el presidente Petro y el fiscal Francisco Barbosa, el mandatario dijo que acataba el llamado realizado por la Corte Suprema de Justicia en un comunicado en el que el alto tribunal señaló: “Desconocer o malinterpretar las bases de nuestro Estado de derecho crea incertidumbre, fragmentación e inestabilidad institucional. La Corte Suprema hace un llamado a la sensatez, respeto y cordura que deben prevalecer en el ámbito del principio de colaboración armónica que rige a los poderes públicos”.



De hecho, de inmediato trascendió que Petro quería reunirse con las cortes y se avanzó entonces en la organización de la cita que se programó para este martes.



Al almuerzo asistirán el presidente de la Corte Suprema de Justicia, Fernando Castillo; el presidente del Consejo de Estado, Jaime Rodríguez; la presidente de la Constitucional, Diana Fajardo; el presidente de la Judicatura, Aurelio Rodríguez; la jefa de gabinete, Laura Sarabia; el ministro de Justicia, Néstor Osuna; y el secretario jurídico de Presidencia, Vladimir Fernández.



Esta cita será el segundo cara a cara que tendrá el presidente Petro con la actual cúpula judicial desde febrero pasado, cuando el jefe de Estado convocó a los presidentes de las cortes a una reunión en la que se habló de la adición presupuestal de este año, y en la que se presentaron las necesidades en cuanto a despachos judiciales en el país.



Ayer se reunió la Comisión Interinstitucional de la Rama Judicial, en la que tienen silla los presidentes de cortes y el Fiscal General. Este encuentro estaba previsto desde hace más de una semana y no fue convocado por los hechos de los últimos días.

El presidente de la Corte Suprema y el fiscal Barbosa, que estaba ayer de visita oficial a Perú, asistieron virtualmente al encuentro. Y la vicefiscal general, Martha Janeth Mancera, lo hizo de forma presencial.



La reunión duró más de cuatro horas y se conoció que se trató de una sesión ordinaria para tratar diversos temas de carácter administrativo, entre ellos, cómo avanza la transformación digital en la Rama Judicial.



Durante la cita, el fiscal Barbosa intervino y les informó a los demás miembros de la comisión la situación acaecida el pasado viernes tras las declaraciones públicas del presidente Petro desde el exterior.



“La Comisión invitó al diálogo respetuoso para mantener una colaboración armónica institucional. Esto, en aras de garantizar la autonomía e independencia judicial, en pro del Estado de derecho y democrático”, señaló esa instancia en un comunicado de prensa. Igualmente se conoció que el fiscal Barbosa calificó el encuentro de provechoso, en términos de mantener la institucionalidad.



‘La justicia es decente’

Mientras se reunía la Comisión en Bogotá, el magistrado José Fernando Reyes Cuartas, vicepresidente de la Corte Constitucional, asistió a un evento en Medellín en donde señaló que la Corte desde su creación “ha sido la perfecta guardiana de la Constitución, la soberana protectora de los derechos humanos”. Dijo que en la agenda de la Corte “hay muchas cosas que tienen que ver con los nuevos rumbos del Gobierno” y que el tribunal tendrá que definir si estas reformas se ajustan a la Constitución.



“La Corte estará ahí, y recién ha hecho un pronunciamiento importante, y es que como quiera que en el pasado reciente se han saltado ciertas formas, se ha eludido el control de la Constitución, la Corte se ha tomado en serio su papel y ha advertido que suspenderá las leyes que puedan decirse son grotescamente inconstitucionales”, dijo el magistrado, y resaltó que aunque no se haya usado el mecanismo de suspensión de las leyes, este siempre ha estado en la Constitución.



Y añadió: “Lo segundo que quiero decir, a propósito de algunas manifestaciones públicas, es que la justicia en Colombia es una justicia decente, y es decente toda. Que haya gente venal que vende su función, que desdice de su toga, no quiere decir que la justicia esté cooptada, no hay que decir que la justicia decente hizo esto o lo otro (…). La justicia en Colombia nunca ha estado cooptada por el crimen”.","['crime_and_punishment', 'external_regulation_and_reputation']",positive,external_regulation_and_reputation,0,0,0,0,0,0,1,0,0,0,0,0,0,1,¿Qué sentimiento evoca esta noticia?,positive,¿Qué tono tiene esta noticia?,positive
Noticia_110.txt,"Pelea entre Rodolfo Hernández y Marelen Castillo llega al Consejo de Estado




El Consejo de Estado admitió para estudio una demanda que presentó Marelen Castillo Torres, quien fue fórmula a la vicepresidencia de Rodolfo Hernández, en contra de la resolución con la cual el Consejo Nacional Electoral le otorgó la personería jurídica al partido Liga de Gobernantes Anticorrupción, del cual el excandidato es presidente y representante legal.



Se trata de un recurso judicial que agudiza la pelea política que existe entre ambos políticos, cuya relación se enfrió después de perder en las elecciones tanto por los dineros de campaña como por el partido como tal, del cual ella no hace parte formalmente ni fue incluida.



Precisamente ese es uno de los argumentos que Castillo, a través del abogado Juan Pablo Lozada, presentó en la demanda de 82 páginas que fue admitida por el despacho del magistrado Luis Alberto Álvarez Parra de la Sección Quinta del Consejo de Estado.



Como Hernández y Castillo quedaron segundos en la votación a la Presidencia de 2022, ambos pudieron llegar al Senado y a la Cámara de Representantes respectivamente en virtud del Estatuto de Oposición, razón por la cual el grupo significativo de ciudadanos Liga de Gobernantes en ese momento citó a una reunión en julio para hacer la asamblea fundacional del partido.



Según la demanda, Castillo no fue citada ni a esa ni a otras posteriores reuniones en las que se decidió crear el Partido Liga de Gobernantes, aprobar sus estatutos y elegir directivas. El 4 de agosto de 2022 el CNE reconoció la personería y la confirmó el 23 de agosto, mientras que el 10 de octubre Hernández renunció al Congreso.



Castillo fue citada por el CNE el 19 de octubre para que explicara su participación en las actividades que sirvieron de base para la solicitud del partido y suspendió los efectos de la resolución que inicialmente le había dado la personería. Y el 23 de febrero de 2023, el CNE ordenó que se modificara uno de esos artículos y que se hiciera una convención que le permitiera a Castillo intervenir en ella y garantizar su participación.



La demanda de la representante dice que como el CNE ya consideró que Hernández no es congresista y no puede ejercer los derechos de la oposición, “sin la señora Marelen Castillo en su partido, no tendría razón de ser la personería jurídica de la nueva organización política para el ejercicio de la oposición en el Congreso”.



“A partir de la renuncia del señor Rodolfo Hernández la presencia de la señora Marelen Castillo Torres en el reconocimiento de la personería jurídica del Partido Liga de Gobernantes Anticorrupción es fundamental. Pero no puede olvidarse que ella (no) participó en la asamblea de su fundación, ni tampoco ha realizado actos de militancia en la nueva organización política”, agrega la demanda.



“La presencia del señor Rodolfo Hernández Suárez en el grupo significativo de ciudadanos al no ser senador, dejó de justificar el otorgamiento de la personería jurídica (…) De ahí que, a la señora Marelen Castillo, así no hubiera participado en su fundación, tenía que considerársela como militante y rechazársele la impugnación que presentó”, insiste el recurso.



Además, la demanda dice  que si bien el CNE “es consciente de que la señora Castillo fue desconocida” en este proceso, esa entidad no tiene facultad para ordenarle a un partido la protección de un derecho a participar con voz y voto a un militante en el trámite de registro de una personería.



“El Consejo Nacional Electoral se inventó una atribución pues la ley a lo único que faculta es para registrar la personería jurídica y para invalidar las decisiones de ellas. No para ordenar tener en cuenta a alguien en la adopción de decisiones”, dice la demanda que también cuestiona la respuesta del CNE a varios recursos que presentó allí Castillo y que en su criterio fueron resueltos sin argumentos suficientes.



Lo anterior, por ejemplo, porque el CNE no se habría pronunciado sobre la supuesta clandestinidad de la primera reunión en la que el grupo significativo de ciudadanos decidió crear ya un partido político: “De haber entrado a conocer esa solicitud, el CNE había tenido que declarar que la asamblea que llevó a cabo el señor Rodolfo Hernández para crear su partido era ilegal”.

","['security_and_defense', 'public_opinion', 'fairness_and_equality', 'health_and_safety']",negative,security_and_defense,0,0,0,1,0,0,0,1,1,0,0,1,0,0,¿Qué tono tiene el autor al escribir esta noticia?,negative,¿Qué tono tiene esta noticia?,negative
Noticia_109.txt,"La justicia está haciendo la tarea en Colombia: ¿por qué? / Análisis






Apesar de los muchos y crecientes problemas que enfrenta nuestra administración de justicia, no dejan de aparecerse las señales de que Colombia sigue teniendo en su Rama Judicial ese necesario dique institucional que se requiere para corregir los desvíos de poder, incluso los que son responsabilidad de jueces y magistrados.



En la última semana, un juez del Atlántico enmendó, después de meses de escándalo, la decisión de otro de sus pares, el cuestionado Orlando Petro, que le había dado casa por cárcel a Jorge Luis Alfonso López, el hijo de la ‘Gata’ Enilce López. Sí es cierto que el ‘gatico’ sufrió otra conveniente dolencia de salud que se le atravesó temporalmente a la orden de devolverlo a prisión, pero su suerte ya está echada: volverá a estar tras las rejas para seguir cumpliendo la condena de 29 años de prisión por el asesinato del periodista Rafael Prins. Entre tanto, el juez que primero lo envió a la casa y luego le dio una fugaz libertad condicional fue suspendido de su cargo y está bajo la lupa de varias autoridades.



La Corte Suprema de Justicia, por su lado, avanzó en condenas que muchos llevaban meses reclamando, dada la gravedad de los delitos y la altísima posición de los procesados. El expresidente de esa Corte Camilo Tarquino recibió seis años de cárcel por el escándalo del ‘cartel de la Toga’, el mismo proceso por corrupción judicial que tiene pagando 19 años de prisión al exmagistrado Francisco Ricaurte, quien fue uno de los hombres más poderosos en la justicia colombiana hace poco más de una década.



Y la semana se cerró con dos pasos de la mayor importancia. Por un lado, la plantada de la Corte Suprema al presidente Gustavo Petro, a quien le exigió no poner en duda la independencia de la justicia al hacer polémicas y erradas interpretaciones de las normas constitucionales. Y luego se produjo en la Sala Penal la confirmación en segunda instancia de la condena por corrupción contra el polémico expresidente de la Corte Constitucional Jorge Pretelt.



Cada una de esas actuaciones, y todas en conjunto, van en la vía correcta: demuestran la capacidad de revisar y echar para atrás fallos que no se ciñen a la ley. Y sobre todo, que sin importar lo encopetado del personaje que se sienta en el banquillo de los acusados o el poder o la popularidad del gobernante de turno, como ya ocurrió en otros gobiernos, las altas cortes están vigilantes a cumplir con la misión que les imponen la Ley y la Constitución: la de ser garantes del imperio de la justicia y del Estado de derecho, sin peros.","['economic', 'capacity_and_resources']",neutral,capacity_and_resources,1,1,0,0,0,0,0,0,0,0,0,0,0,0,¿Qué tono tiene el autor al escribir esta noticia?,neutral,¿Qué tono tiene esta noticia?,neutral
Noticia_108.txt,"‘Mataron al alcalde’: el video cuando ocurre ataque contra Agustín Intriago en Manta






Agustín Intriago, alcalde de Manta, estaba visitando las obras que se adelantaban en el barrio 15 de septiembre cuando fue atacado. Un arma larga tipo fusil calibre 2.32 fue utilizada para acabar con su vida, en un crimen que hoy sacude a Ecuador.



El asesinato de Intriago ocurrió en la tarde de este domingo 23 de julio. En videos de redes sociales se observan los momentos de pánico cuando ocurrió el ataque sicarial. “Mataron al alcalde. Mataron al alcalde”, repetían las personas del sector con Intriago tendido en el suelo justo al lado de una camioneta.



El general Edwin Noguera Cozar, comandante policial de Manabí, señaló que tras el ataque un equipo policial que acompañaba a Intriago hirió a dos de los sospechosos. Además del alcalde, la joven futbolista Ariana Chancay murió como víctima colateral del atentado.



La Policía ecuatoriana detalló que también se halló un vehículo de color negro que supuestamente fue usado para este hecho. Además, en la zona se encontró escondida una arma de largo alcance tipo fusil y dentro del carro había una granada.



En los operativos, las autoridades capturaron a un sospechoso de este hecho. Según establecieron los investigadores, se trata de un ciudadano de nacionalidad venezolana.



Mensajes tras la muerte de Agustín Intriago

Ana Intriago, hermana del alcalde, lamentó la muerte y pidió que se haga justicia. ""Mi hermano ha muerto, oren por el descanso de su alma, este crimen no puede quedar impune por favor, no los dejemos ganar a estos malvados"", escribió en Twitter.



La mujer manifestó que “la oscuridad, la maldad ha ganado esta vez, no dejemos que sigan ganando, no a la impunidad, castigo a los malvados"".



Por su parte, Guillermo Lasso, presidente de Ecuador, expresó su pesar por la muerte de Intriago. “Lamentable noticia para el país: Agustín Intriago, alcalde de Manta, ha fallecido víctima de un atentado”.



El presidente añadió que se dispuso un contingente especial para ubicar a los responsables y que respondan ante la justicia por el hecho. “Nos solidarizamos con la familia del Alcalde y de la víctima que ese momento acompañaba la autoridad”, añadió.



Intriago había recibido amenazas

La Policía ecuatoriana confirmó que el alcalde asesinado tenía protección tras denunciar que había recibido amenazas.



Informaron que durante el atentado persiguieron el vehículo en el cual se movilizaban los presuntos sicarios.



Según la Policía, el vehículo en que huían los presuntos delincuentes, una camioneta reportada como robada, sufrió un accidente durante la persecución y se detuvo al conductor, quien es de nacionalidad venezolana. 



",['public_opinion'],negative,public_opinion,0,0,0,0,0,0,0,0,0,0,0,1,0,0,¿Qué sentimiento evoca esta noticia?,negative,¿Qué tono tiene esta noticia?,negative
Noticia_107.txt,"¿Cuál es la legendaria discoteca bogotana que se acaba con impresionante fiesta?




Radio Berlín, la legendaria discoteca de música techno ubicada en el centro de Bogotá, anunció su cierre definitivo a través de redes sociales. El club llegó al sector de La Macarena, frente a la Plaza de Toros en el año 2010 y enfrentó, como muchos negocios, las pérdidas provocadas por la pandemia del covid-19.



Radio Berlín siguió conquistando a los amantes de la música electrónica en medio de la reactivación económica. No obstante, en un comunicado publicado en Instagram, se conoció que del 26 al 29 julio se harán los últimos shows con invitados muy célebres. “Gracias, por tanto, ravers. Por vivir nuestras noches en la jaula siempre con la mejor energía y, lo primordial, música para disfrutar momentos únicos. Un ciclo se cierra. Invitados a compartir junto a nosotros estas 4 noches en el dancefloor. Pendientes a la programación que estará a la altura de esta despedida”.



Los clientes que compartieron momentos en el icónico punto lamentaron el cierre del club y le desearon los mejores éxitos con mensajes como: ""¡Grande Radio! ¡Que aguante Radio! Uno de los únicos lugares que abrió las puertas a tantos estilos cocinándose en la capi. Muchas memorias y aprendizajes. De esos lugares que sin importar si x o y, se abrió espacio y nos abrió espacio: cuando se hablaba de la casa, era lo más cercano. Firme con los firmes lo que venga. ¡Gracias siempre Cesítar!



Otros recordaron buenas épocas. ""¡Mi primera vez bailando techno fue en Radio Berlín, hermoso techno y esperamos vuelvan con más fuerza, más grandes”; ""Tomarse un descanso y volver con toda! Con un lugar mejor adecuado y la esencia underground que los caracteriza. Larga vida al Techno"", y otros.



A pesar de la noticia, algunos ciudadanos guardan la esperanza de que Radio Berlín abra sus puertas en otro sector de Bogotá, ya que en el comunicado se menciona: “Una noche el club se despertó en el corazón de la ciudad y se dio cuenta de que era su última semana, que efectivamente su operación en el centro culminaba”.","['political', 'public_opinion']",negative,political,0,0,0,0,0,0,0,0,0,0,0,1,1,0,¿Qué emoción o tono se refleja en esta noticia?,negative,¿Qué tono tiene esta noticia?,negative
Noticia_106.txt,"¿Cómo es que Ecuador se está volviendo en terreno fértil para el narcotráfico? 






Un total de 210 toneladas de droga incautadas en un solo año, un récord. Al menos 4 mil 500 asesinatos el año pasado, también un récord. Niños reclutados por grupos del crimen. Vecindarios consumidos por pleitos delictivos. Y todo este caos, financiado por externos poderosos con mucho dinero y mucha experiencia en el negocio mundial de las drogas.



Ecuador, en el extremo occidental de Sudamérica, se ha convertido en tan sólo unos años en terreno fértil para el narco, al tiempo que cárteles importantes de lugares tan lejanos como México y Albania unen fuerzas con pandillas en prisiones y callejeras, desencadenando una ola de violencia sin precedentes en la historia reciente del país.



Esta agitación es avivada por la creciente demanda mundial de cocaína. Aunque muchos creadores de políticas se han enfocado en una epidemia de opioides, como el fentanilo, que causa la muerte de decenas de miles de estadounidenses todos los años, la producción de cocaína se ha disparado a niveles históricos, un fenómeno que ahora azota a la sociedad ecuatoriana, convirtiendo a una nación alguna vez pacífica en un campo de batalla.



“La gente consume en el extranjero, pero no entiende las consecuencias que tienen lugar aquí”, dijo el Mayor Edison Núñez, un funcionario de inteligencia con la Policía Nacional de Ecuador.



No es que el negocio del narcotráfico sea algo nuevo en Ecuador. Ubicado entre Colombia y Perú, los principales productores de cocaína del mundo, ha servido durante mucho tiempo como punto de salida para productos ilícitos con destino a Norteamérica y Europa.



No obstante, un auge en Colombia en el cultivo de la hoja de coca, un ingrediente base para la cocaína, ha creado un repunte en la producción de la droga —mientras que años de vigilancia laxa de la industria del narcotráfico de Ecuador han convertido al País en una base atractiva para la producción y la distribución de drogas.



La violencia ligada a las drogas empezó a repuntar por ahí del 2018, al tiempo que grupos delictivos locales competían por mejores posiciones en el tráfico de estupefacientes. Al principio, la violencia se limitaba en su mayoría a prisiones, donde hubo un crecimiento poblacional tras un endurecimiento de las penas por delitos con drogas.



Con el tiempo, el Gobierno perdió el control de su sistema penal, al tiempo que prisioneros obligaban a otros reos a pagar por camas, servicios y seguridad. Pronto, las penitenciarías se convirtieron en bases de operación para el narco, dijeron expertos.



Hoy los cárteles más poderosos de México, el de Sinaloa y Nueva Generación, financian la actividad, junto con un grupo de los Balcanes conocido como la mafia albanesa. Grupos delictivos que operan localmente en prisiones y la calle, con nombres como los Choneros y los Tiguerones, coordinan el comercio con los grupos internacionales, explicó la Policía.



La cocaína, o la pasta de cocaína, entra a Ecuador desde Colombia y Perú, y por lo común, luego sale por mar desde uno de los puertos del País. De los alrededor de 300 mil contenedores marítimos que salen cada mes de Guayaquil, una de las ciudades más pobladas de Ecuador —uno de los puertos más activos de Sudamérica— las autoridades registran sólo 20 por ciento de ellos, dijo Núñez.



En Guayaquil, con una población metropolitana de 3.5 millones de habitantes, la rivalidad entre grupos delictivos se ha filtrado a las calles, generando violencia que claramente busca inducir temor. Las estaciones de noticias televisivas rebosan de historias de decapitaciones, coches-bomba, asesinatos de policías, jóvenes varones colgados de puentes y niños acribillados afuera de sus hogares o escuelas.



En respuesta, Guillermo Lasso, el Presidente conservador de Ecuador, ha declarado varios estados de emergencia, enviando al Ejército a las calles.



La violencia ha traumatizado a muchos ecuatorianos en parte porque el cambio de suerte ha sido tan dramático.



Entre el 2005 y el 2015, Ecuador fue testigo de una transformación extraordinaria, al tiempo que millones de personas salían de la pobreza, gozando de un auge petrolero cuyas ganancias fueron destinadas a educación, cuidados de la salud y otros programas sociales por el entonces Presidente Rafael Correa.



De pronto, empleadas domésticas y albañiles creían que sus hijos podían concluir sus estudios, convertirse en profesionistas y llevar vidas diferentes a las de sus padres. Ahora, esos ecuatorianos observan cómo se deterioran sus vecindarios en medio de la inseguridad, las drogas y la violencia.



El declive del País también fue profundizado por la pandemia. Hoy sólo el 34 por ciento de los ecuatorianos tiene un empleo adecuado, indican datos del Gobierno, comparado con casi 50 por ciento hace una década.



En algunos barrios, los apuros económicos empujan a los jóvenes a la delincuencia, empeorando la crisis de seguridad, dicen líderes comunitarios.



Una mañana en Guayaquil, Ana Morales, de 41 años, se hallaba en un cementerio, visitando una cripta que contiene los restos de su hijo Miguel, quien había sido estilista y padre de familia. Morales dijo que cuando el trabajo se agotó durante la pandemia, su hijo robó un teléfono celular para pagar medicina y alimentos, lo que lo llevó a prisión.



Eso resultó ser una sentencia de muerte. Mientras estaba ahí, estalló un disturbio entre pandillas de la prisión. Miguel figura entre más de 600 personas muertas en riñas carcelarias desde el 2019, reporta el Comité Permanente por la Defensa de los Derechos Humanos, un grupo sin fines de lucro en Guayaquil.



Morales fundó un grupo que está demandando al Estado ecuatoriano, acusándolo de violar los derechos de los prisioneros y pidiendo indemnización.



La crisis ha alcanzado al Gobierno, donde algunos funcionarios han sido acusados de ser absorbidos por grupos criminales. Periodistas han huido, fiscales han sido asesinados y activistas de derechos humanos han sido silenciados por investigar o expresarse contra la inseguridad o la corrupción.



“Vivimos una crisis terrible, tanto en las prisiones como en las calles”, aseveró Morales.","['policy_prescription_and_evaluation', 'legality_constitutionality_and_jurisprudence', 'quality_of_life']",positive,quality_of_life,0,0,0,0,1,1,0,0,0,1,0,0,0,0,¿Cuál es la actitud del autor en esta noticia?,positive,¿Qué tono tiene esta noticia?,positive
Noticia_105.txt,"¿Reconciliación o un regalo vacío?






WINNIPEG, Manitoba — Cerca de los viejos mostradores de perfumes en la tienda departamental Hudson’s Bay en Winnipeg, Canadá, se llevó a cabo un intercambio lleno de simbolismo.



El líder de Hudson’s Bay —la compañía más antigua de América del Norte— aceptó pieles de castor y de alce de los líderes indígenas a cambio del edificio, el buque insignia de la compañía.



La ceremonia tuvo lugar hace un año cuando Hudson’s Bay, la compañía alguna vez colegiada para fundar la colonia que se convirtió en parte de Canadá, regaló su edificio tapiado de 55 mil metros cuadrados y seis pisos en el centro de la Ciudad a un grupo de Naciones Originarias.



Pero lo que parecía un acto de reconciliación ahora es tema de debate a medida que se ha vuelto más claro el costo de transformar el edificio: ¿Fue un regalo real o uno vacío?



La transferencia ha centrado la atención en la relación en evolución entre Hudson’s Bay y los pueblos indígenas de Canadá, y el papel central de la empresa en la historia de un país fundado con base en el comercio de pieles entre Hudson’s Bay y ellos.



El Primer Ministro Justin Trudeau y otros en la ceremonia elogiaron la transferencia como un acto de reconciliación entre Canadá y su población indígena oprimida. Pero los detalles del trato plantean dudas sobre la equidad económica a medida que Canadá trabaja para lograr la reconciliación con sus pueblos indígenas.



Los propietarios indígenas planean convertir la tienda, construida en 1926, en un edificio de usos múltiples para su comunidad que incluiría restaurantes, un jardín en la azotea y un centro de sanación.



En 2019, los valuadores dijeron que el edificio no valía nada —o en realidad menos, porque remodelarlo costaría hasta 111 millones de dólares canadienses, o 82 millones de dólares. La compañía se negó a comentar al respecto.



Durante generaciones, al menos para los clientes no indígenas, una visita al Centro de la Ciudad no estaba completa sin una visita al elaborado monolito neoclásico de Hudson’s Bay que abarcaba las cuadras más selectas de la zona comercial.



La transferencia fue un acto poderoso, particularmente para personas como Darian McKinney, de 27 años, uno de los dos arquitectos indígenas encargados de la transformación del edificio. Como muchos otros canadienses indígenas, McKinney nunca fue a la tienda. “Aún si pudieras darte el lujo de comprar en Hudson’s Bay, sentirías que no pertenecías”, dijo.



“El ambiente en el Centro de Winnipeg estaba arraigado en la exclusión de los pueblos indígenas”, dijo Reanna Merasty, de 27 años, la otra arquitecta indígena que trabaja en la remodelación del edificio.



El nuevo propietario del edificio, la Organización de Jefes del Sur, está batallando para recaudar los últimos 20 millones de los 130 millones de dólares canadienses que dice se requieren para renovar el edificio, que se encuentra prácticamente vacío.



En el siglo 20, Hudson’s Bay pasó de comerciante de pieles a minorista moderno, abriendo tiendas departamentales en todo Canadá. Pero casi un siglo después de su apertura, la tienda en Winnipeg cerró en el 2020, víctima de la pandemia y las compras en línea.



Propiedad desde 2008 de Richard Baker, el magnate inmobiliario estadounidense, Hudson’s Bay se vio cargando con una estructura sin valor que —designada edificio histórico en el 2019 contra los deseos de la compañía— no podía demoler, pero por la que estaba obligada a seguir pagando impuestos.



Pero luego, la Organización de Jefes del Sur contactó a la Bahía de Hudson con una oferta para hacerse cargo del edificio y convertirlo en un centro para la vida indígena, dijo el Gran Jefe Jerry Daniels, líder de la organización.



“Es bastante apropiado, porque los pueblos indígenas realmente construyeron Hudson’s Bay”, dijo Daniels. “Y esa es la historia que debe contarse, que realmente construimos este País”.



En los últimos años, Canadá se ha visto obligada a “reconocer que el núcleo de Canadá como entidad es un proyecto colonial”, dijo Adele Perry, profesora y experta en colonialismo en la Universidad de Manitoba.",['security_and_defense'],neutral,security_and_defense,0,0,0,0,0,0,0,1,0,0,0,0,0,0,¿Qué sentimiento evoca esta noticia?,neutral,¿Qué tono tiene esta noticia?,neutral
Noticia_104.txt,"Estos son algunos de los países con conflictos territoriales más graves actualmente



                                

                             



A lo largo de la historia han existido países y regiones del mundo, que viven en constante conflicto con el fin de ‘conquistar’ tierras para sus naciones, este tipo de guerras de forma frecuente generan tensiones políticas, sociales y económicas significativas, entre los países protagonistas y los vecinos.



Las disputas territoriales entre naciones, generalmente, tienen raíces en reclamaciones históricas sobre la propiedad o el control de determinados territorios. Estas reclamaciones pueden estar basadas en tratados o acuerdos antiguos, eventos históricos o legados coloniales que no han sido resueltos o aceptados por todas las partes involucradas.



Cuatro conflictos territoriales más graves en 2023

Rusa y Ucrania



El conflicto se desencadenó tras la anexión de Crimea por parte de Rusia en marzo de 2014, luego de un referéndum considerado ilegal por gran parte de la comunidad internacional. Rusia justificó la anexión alegando proteger los intereses de la población ruso hablante en Crimea y garantizar la seguridad de su base naval en Sebastopol.



Después de la anexión de Crimea, surgieron tensiones y protestas en las regiones del este de Ucrania, donde había una presencia significativa de hablantes de ruso y una identidad cultural rusa arraigada. Las tensiones se agravaron aún más cuando se formaron grupos separatistas y se proclamaron las llamadas ""Repúblicas Populares"" de Donetsk y Lugansk.



El conflicto escaló rápidamente y se produjeron enfrentamientos armados entre las fuerzas ucranianas y los separatistas respaldados por Rusia. A medida que el conflicto se intensificó, se acusaron violaciones de los derechos humanos y se produjeron bajas civiles y militares significativas.



Aunque se firmaron acuerdos de alto el fuego, como los Acuerdos de Minsk en 2014 y 2015, el conflicto no se ha resuelto y la situación sigue siendo inestable. Las negociaciones y los esfuerzos diplomáticos encajan, pero las tensiones persisten y hay incidentes esporádicos de violencia.



El conflicto entre Rusia y Ucrania ha generado preocupaciones internacionales y ha tenido un impacto significativo en la estabilidad y la seguridad en la región. Además, el conflicto ha llevado a sanciones internacionales contra Rusia y ha generado divisiones en la comunidad internacional sobre cómo abordar la situación.



Un informe de la Organización de Naciones Unidas, conocida popularmente como ONU, indica que son más de 18.000 las víctimas que ha dejado el intento de invasión de Rusia a Ucrania, que inició el 24 de febrero del 2022.



El presidente ruso, Vladímir Putin, ha indicado en repetidas ocasiones que el objetivo principal de haber iniciado este combate es: “defender a los rusos parlantes en Ucrania, especialmente a los de las dos repúblicas autoproclamadas de Donetsk y Lugansk, que se separaron del control ucraniano en 2014”.



También, la ONU ha informado que desde febrero del 2022 hasta el mismo mes del 2023 habían registrado 18.955 personas fallecidas y más de ocho millones de desplazados, teniendo en cuenta que las cifras podrían ser mucho mayores debido a la complejidad para acceder a la información.



Israel y Palestina



El conflicto entre Israel y Palestina se origina en eventos históricos y reclamaciones territoriales que se remontan al siglo XIX y principios del XX. Después de la Primera Guerra Mundial, el mandato británico de Palestina fue establecido en 1920 por la Sociedad de Naciones, con el objetivo de establecer un hogar nacional judío y al mismo tiempo, proteger los derechos de la población árabe.



Sin embargo, los desacuerdos entre judíos y árabes en la región se intensificaron a medida que aumentaba la inmigración judía. Después de la Segunda Guerra Mundial y el Holocausto, el movimiento sionista promovió la creación de un Estado judío independiente en Palestina, lo que llevó a la división del territorio en un estado judío y otro árabe, según la resolución de las Naciones Unidas en 1947.



En 1948, Israel declaró su independencia y fue reconocido como Estado por varios países, lo que ocasionó una guerra entre los países árabes vecinos y el nuevo Estado de Israel. Como resultado del conflicto, Israel amplió su extensión más allá de las fronteras apoyadas en el plan de partición original y muchos palestinos fueron desplazados de sus hogares y se convirtieron en refugiados.



Desde entonces, Israel ha estado en conflicto con los palestinos en varias ocasiones, incluyendo guerras, enfrentamientos y tensiones constantes. Uno de los principales puntos de disputa es el estatus de Jerusalén, una ciudad sagrada para judíos, musulmanes y cristianos, que ambos grupos reclaman como su capital.



Armenia y Azerbaiyán



La guerra entre Armenia y Azerbaiyán tiene como referente una serie de conflictos armados que han ocurrido desde la década de 1980 hasta la actualidad, en particular en relación con el territorio de Nagorno Karabaj.



El conflicto tiene sus raíces en disputas territoriales y tensiones étnicas entre Armenia y Azerbaiyán, dos países vecinos ubicados en la región del Cáucaso (ubicada entre el Mar Negro y el Mar Caspio). Durante el período de la unión soviética, la región de Nagorno Karabaj, de mayoría étnica armenia, pero ubicada en el territorio de Azerbaiyán, se convirtió en fuente de tensiones.



En 1988, la región de Nagorno Karabaj, que había estado bajo control administrativo de Azerbaiyán, se unió a la vecina Armenia debido a su mayoría étnica armenia y deseos de autodeterminación. Esto desencadenó conflictos y tensiones que finalmente llevaron al estallido de una guerra en 1991, tras la disolución de la Unión Soviética.



El conflicto escaló rápidamente, y las fuerzas armenias y azerbaiyanas se enfrentaron en una guerra que se desarrolló hasta 1994. Como resultado del conflicto, la región de Nagorno Karabaj y algunos territorios emergentes quedaron bajo el control de las fuerzas armenias, formando una entidad autónoma conocida como República de Artsaj.



Desde el cese al fuego de 1994, el conflicto ha estuvo en un estado de congelamiento, con enfrentamientos esporádicos y tensiones en la región. Las negociaciones de paz, mediadas por el Grupo de Minsk de la Organización para la Seguridad y la Cooperación en Europa (OSCE), se han llevado a cabo durante años para encontrar una solución pacífica y duradera, pero hasta la fecha no se ha alcanzado un acuerdo definitivo.



En septiembre de 2020, estalló un nuevo conflicto armado entre Armenia y Azerbaiyán, con enfrentamientos intensos y violentos en la región de Nagorno Karabaj. La guerra resultó en la pérdida de vidas humanas y un cambio significativo en el equilibrio territorial, con Azerbaiyán recuperando el control de varias áreas que habían estado bajo el control armenio durante décadas.



El conflicto entre Armenia y Azerbaiyán sigue siendo un tema sensible y sin resolver, con profundas implicaciones políticas, étnicas y territoriales. La situación sigue siendo tensa y la búsqueda de una solución pacífica y duradera continúa siendo un desafío.



India y Pakistán



La guerra entre India y Pakistán se ha desarrollado a lo largo de varias décadas y está arraigada en disputas territoriales, diferencias políticas, étnicas y religiosas.



El origen del conflicto se remonta a la división de la India en 1947, cuando el subcontinente indio se dividió en dos estados: India y Pakistán. La partición se basó en líneas religiosas, creando un estado de mayoría hindú en India y un estado de mayoría musulmana en Pakistán. Sin embargo, la división no fue sin complicaciones y dio lugar a conflictos violentos y migraciones masivas de personas.



Desde entonces, India y Pakistán han estado involucrados en varios conflictos armados y tensiones a lo largo de su frontera común, especialmente en la región de Cachemira. Ambos países reclaman la totalidad de Cachemira y han luchado en varias guerras y enfrentamientos armados por el control de esta región estratégica.



El conflicto se ha visto agravado por diferencias políticas, religiosas y étnicas, así como por la presencia de grupos militantes y tensiones geopolíticas más amplias. Las disputas territoriales, los actos de violencia, el terrorismo y los enfrentamientos armados han sido recurrentes en la región.



A lo largo de las décadas, se han realizado varios intentos de mediación y negociaciones, tanto a nivel bilateral como internacional, para resolver el conflicto entre India y Pakistán. Sin embargo, hasta la fecha, no se ha logrado una solución definitiva y duradera. Las conversaciones de paz, los alto el fuego y los acuerdos de no agresión han tenido altibajos, y las tensiones siguen siendo una preocupación constante.



El conflicto India-Pakistán tiene un impacto significativo en la región del subcontinente indio, con implicaciones en materia de seguridad, estabilidad y desarrollo. Además, la cuestión de Cachemira sigue siendo un tema sensible y sin resolver, con un impacto profundo en las vidas de las personas que viven en la región y una fuente constante de tensiones entre los dos países.



Es importante reconocer que existen diferentes perspectivas y narrativas en relación con el conflicto India-Pakistán, y la búsqueda de una solución pacífica y duradera sigue siendo un desafío complejo.



","['morality', 'public_opinion', 'fairness_and_equality']",negative,morality,0,0,1,1,0,0,0,0,0,0,0,1,0,0,¿Cómo describirías el tono de esta noticia?,negative,¿Qué tono tiene esta noticia?,negative
Noticia_103.txt,"Exitosas empresas japonesas quiebran porque los dueños no tienen sucesores





Hidekazu Yokoyama ha pasado 30 años construyendo un próspero negocio de logística en la nevada isla de Hokkaido, en el norte de Japón, un área que proporciona gran parte de la leche del país.



El año pasado, decidió regalarlo todo.



Fue una solución radical a un problema que se ha vuelto cada vez más común en Japón, la sociedad de mayor edad del mundo. Al desplomarse la tasa de natalidad del país y envejecer su población, la edad promedio de los dueños de empresas ha aumentado a alrededor de 62 años. Casi el 60 por ciento de las empresas del país informa no tener un plan para lo que sigue.



Si bien Yokoyama, de 73 años, se sentía demasiado viejo para continuar mucho más tiempo, renunciar no era una opción: demasiados agricultores dependen de su empresa. Pero sus hijos no estaban interesados en dirigirlo. Sus empleados tampoco. Y pocos propietarios potenciales querían mudarse al remoto y helado norte.



Así que colocó un aviso en un servicio que ayuda a los propietarios de pequeñas empresas en lugares remotos a encontrar a alguien que se haga cargo. El precio de venta anunciado: cero yenes.



La situación de Yokoyama simboliza uno de los impactos económicos potencialmente más devastadores de la sociedad envejeciente de Japón. Es inevitable que muchas pequeñas y medianas empresas quiebren a medida que la población se reduce, pero los legisladores temen que el País pudiera verse afectado por una oleada de cierres a medida que los propietarios mayores se jubilan en masa.



En el 2019, el Ministerio de Comercio de Japón proyectó que para el 2025 podrían cerrar alrededor de 630 mil empresas rentables, costándole a la economía 165 mil millones de dólares y hasta 6.5 millones de empleos.



Las oficinas gubernamentales han lanzado campañas para educar a los propietarios de edad sobre las opciones para continuar con sus negocios más allá de su jubilación y han establecido centros de servicio para ayudarlos a encontrar compradores. Las autoridades también han establecido importantes subsidios y exenciones fiscales para los nuevos propietarios.



En el 2021, los centros de ayuda del Gobierno y los cinco principales servicios de fusiones y adquisiciones hallaron compradores para sólo 2 mil 413 empresas, reportó el Ministerio de Comercio de Japón. Otras 44 mil fueron abandonadas. Más del 55 por ciento de ellas aún eran rentables cuando cerraron. Muchos de esos negocios estaban en pueblos y ciudades pequeñas.



Después de que un programa del Gobierno no pudo encontrar a alguien que tomara las riendas de Yokoyama, un banco le sugirió que colocara un anuncio con Relay, una empresa con sede en Kyushu.



Recibió treinta respuestas. Yokoyama se decidió por un joven de 26 años, Kai Fujisawa. Un amigo le había mostrado el anuncio a Fujisawa, y éste inmediatamente subió a un auto y apareció a la puerta de Yokoyama, impresionándolo con su juventud y entusiasmo. Pero Yokoyama no está del todo convencido de que Fujisawa sea la persona adecuada para el puesto. La curva de aprendizaje es más pronunciada de lo que cualquiera de ellos había imaginado.



La mayoría de los 17 empleados de la empresa tiene entre 50 y 60 años, y no está claro dónde encontrará Fujisawa personas para reemplazarlos cuando se jubilen. “Hay mucha presión”, dijo Fujisawa. Pero “cuando vine aquí, estaba preparado para hacer esto el resto de mi vida”.","['legality_constitutionality_and_jurisprudence', 'security_and_defense']",neutral,legality_constitutionality_and_jurisprudence,0,0,0,0,1,0,0,1,0,0,0,0,0,0,¿Qué sentimiento evoca esta noticia?,neutral,¿Qué tono tiene esta noticia?,neutral
Noticia_102.txt,"¿Misterio resuelto? Así es como la sepia se camufla y desaparece






Ponga una sepia en un punto —o, para ser más exactos, en una serie de puntos— y desaparecerá. Estos parientes del calamar y el pulpo imitan su entorno, camuflándose para pasar desapercibidos entre algas, arena o piedra, lo que les ayuda a escapar de los depredadores.



Pero nadie conoce a ciencia cierta cómo el cerebro de una sepia toma lo que ven los ojos y consigue que los músculos de la piel lo copien.



En un esfuerzo por responder a esta pregunta, los científicos han recurrido a videos de alta resolución que pueden mostrar qué hacen las células individuales de la piel cuando una sepia cambia de color.



En un nuevo estudio publicado en Nature, los investigadores descubrieron que las sepias probaban varias opciones mientras trabajaban para igualar su piel a su entorno. A medida que se acercaban a una coincidencia, hacían una pausa en su transformación, como si estuvieran comprobando si esta vez lo habían hecho bien. Los hallazgos son un vistazo a lo que está sucediendo en una forma de vida fundamentalmente diferente al hacer algo que, a nuestros ojos, parece casi mágico.



Para hacer juego con su entorno, las sepias emplean una serie de células de la piel llenas de pigmento llamadas cromatóforos y estructuras elevadas llamadas papilas. Las sepias contraen innumerables músculos diminutos que abren y cierran los cromatóforos, como pixeles en una pantalla, para obtener el patrón correcto de cualquier superficie sobre la que nadan.



La investigación ha establecido que las sepias pueden alcanzar su patrón final en menos de un segundo. Es posible, pensó Gilles Laurent, profesor del Instituto Max Planck para la Investigación del Cerebro en Alemania y un autor del nuevo artículo, que la sepia vea una imagen, decida cómo la va a imitar y luego vaya directamente a una coincidencia del patrón de la piel.



Para el estudio, el equipo presentó 30 fondos impresos en tela a sepias en el fondo de su tanque. A medida que los animales cambiaban de color y patrón, las cámaras observaban, y cuando los investigadores analizaron los datos, vieron que cada sepia estaba trabajando con diferentes patrones.



“Lo que observamos es que los animales se mueven lentamente de manera intermitente hacia ese patrón final, en segmentos de movimiento, interrumpidos por momentos en los que se detienen y parecen compararse con el objetivo final que quieren lograr”, dijo Laurent. “Cuando llegan a algo que les satisface, se detienen”.



Las pequeñas pausas se alargan a medida que la sepia se acerca al objetivo final. “Creemos que tienen algún conocimiento del patrón que expresan en un momento dado”, dijo. “Cómo se adquiere eso, no lo sabemos”. Puede ser que estén utilizando sus ojos para comprobar su coloración. Pero también podría ser que la sepia esté buscando cierta sensación en su piel. Nadie está seguro de la respuesta.","['political', 'public_opinion']",positive,public_opinion,0,0,0,0,0,0,0,0,0,0,0,1,1,0,¿Cómo describirías el tono de esta noticia?,positive,¿Qué tono tiene esta noticia?,positive
Noticia_101.txt,"Tienda usa el reconocimiento facial para identificar a ladrones: así funciona







LONDRES — Simon Mackenzie, un oficial de seguridad en QD Stores, un minorista de descuento en las afueras de Londres, estaba sin aliento. Acababa de perseguir a tres ladrones que se habían llevado paquetes de jabón para lavar ropa. Antes de que llegara la policía, se sentó en un escritorio en la trastienda para hacer algo importante: capturar los rostros de los delincuentes.



En una computadora de escritorio vieja, revisó las imágenes de las cámaras de seguridad, deteniéndose para acercar y guardar una foto de cada ladrón. Luego inició sesión en Facewatch, un programa de reconocimiento facial usado por su tienda para identificar a ladrones. La próxima vez que esas personas ingresen a cualquier tienda a unos cuantos kilómetros a la redonda que use Facewatch, el personal de la tienda recibirá una alerta.



El uso de la tecnología de reconocimiento facial por parte de la policía ha sido objeto de fuerte escrutinio en los últimos años, pero su empleo por parte de empresas privadas ha recibido menos atención. Ahora, a medida que la tecnología mejora y su costo disminuye, los sistemas están incursionando más en la vida de las personas. Ya no sólo competencia de las agencias gubernamentales, el reconocimiento facial se implementa cada vez más para identificar a los farderos y clientes problemáticos.



Facewatch, una empresa británica, es empleada por casi 400 minoristas en todo el país. Por alrededor de 250 libras al mes, o aproximadamente 320 dólares, Facewatch ofrece acceso a una lista compartida por tiendas cercanas. Cuando Facewatch detecta un rostro capturado, envía una alerta a un teléfono inteligente en la tienda, donde los empleados deciden si vigilan de cerca a la persona o le piden que se retire.



Mackenzie agrega una o dos caras nuevas cada semana, dijo, principalmente de personas que roban productos de bajo costo. Y dijo que Facewatch lo alerta al menos una vez al día de que alguien en la lista de vigilancia ha entrado a la tienda.



Entre las naciones democráticas, Gran Bretaña está a la vanguardia en el uso del reconocimiento facial en vivo, con tribunales y reguladores aprobando su uso. La policía de Londres y Cardiff está experimentando con la tecnología para identificar a los delincuentes buscados mientras caminan por la calle. En mayo, se utilizó para escanear la multitud en la coronación del Rey Carlos III.



Pero el uso por parte de los minoristas ha generado críticas como una solución desproporcionada para delitos menores. En una queja legal el año pasado, Big Brother Watch, un grupo de la sociedad civil, lo calificó de “orwelliano en extremo”.



Fraser Sampson, comisionado de biometría y cámaras de vigilancia de Gran Bretaña, dijo que había “nerviosismo y vacilación” en torno a la tecnología por preocupaciones de privacidad y algoritmos de bajo rendimiento en el pasado.



“Pero creo que en términos de velocidad, escala, precisión y costo, la tecnología de reconocimiento facial puede, en algunas áreas, literalmente cambiar las reglas del juego”, dijo. “Eso significa que su llegada y despliegue probablemente sea inevitable. Es sólo cuestión de cuándo”.



Madeleine Stone, de Big Brother Watch, dijo que Facewatch estaba “normalizando los controles de seguridad estilo aeropuerto para actividades cotidianas como comprar un litro de leche”.","['economic', 'morality', 'legality_constitutionality_and_jurisprudence']",positive,morality,1,0,1,0,1,0,0,0,0,0,0,0,0,0,¿Cómo es el sentimiento general de esta noticia?,positive,¿Qué tono tiene esta noticia?,positive
Noticia_100.txt,"EE. UU. destruyó casi un millón de sus armas químicas






PUEBLO, Colorado — En una sala sellada y fuertemente custodiada en el Depósito Químico en Pueblo del Ejército de Estados Unidos, en Colorado, brazos robóticos estaban ocupados desarmando parte del vasto arsenal de armas químicas del país.



Proyectiles de artillería llenos de agente mostaza entraban. Los robots perforaban, drenaban y lavaban cada proyectil, para luego hornearlo a 815 grados centígrados. Chatarra inofensiva salía.



La destrucción del arsenal ha tomado décadas. El depósito cerca de Pueblo destruyó su última arma en junio; otro en Kentucky destruyó el puñado restante este mes. Y con eso, todas las armas químicas declaradas públicamente en el mundo han sido eliminadas.



La reserva estadounidense, acumulada durante generaciones, era impactante por su escala: bombas de racimo y minas terrestres llenas de agente nervioso. Proyectiles de artillería que podrían cubrir bosques enteros con una niebla mostaza abrasadora. Tanques llenos de veneno que podrían cargarse en aviones y rociarse sobre objetivos ubicados en tierra.



El uso de armas químicas fue declarado anatema después de la Primera Guerra Mundial, pero EE. UU. y otras potencias continuaron desarrollándolas y acumulándolas. No se sabe que las fuerzas armadas estadounidenses hayan usado armas químicas letales desde 1918, aunque durante la Guerra de Vietnam usaron herbicidas que eran dañinos para los humanos.



Estados Unidos y la Unión Soviética acordaron en 1989 destruir sus armas químicas, y cuando el Senado de EE. UU. ratificó la Convención sobre Armas Químicas en 1997, EE. UU. y otros signatarios se comprometieron a deshacerse de ellas.



Los funcionarios del país estadounidense proyectaron en una ocasión que la labor podría realizarse en unos cuantos años por alrededor de 1.4 mil millones de dólares. Terminó costando alrededor de 42 mil millones de dólares.



Los funcionarios advierten que las armas químicas no han sido erradicadas por completo. Algunas naciones nunca firmaron el tratado, y algunas que lo hicieron, en particular Rusia, parecen haber retenido existencias no declaradas.



El tratado tampoco puso fin al uso de armas químicas por parte de estados rebeldes y grupos terroristas. IHS Conflict Monitor, un servicio de inteligencia con sede en Londres, sostiene que los combatientes del Estado Islámico usaron armas químicas al menos 52 veces en Irak y Siria del 2014 al 2016.



La labor en EE. UU. tomó tanto tiempo en parte porque la combinación de explosivos y veneno los hace excepcionalmente peligrosos de manejar, y los ciudadanos y legisladores insistieron en que la labor se realizara sin poner en peligro a las comunidades circundantes.



En Pueblo, cada proyectil era perforado por un brazo robótico y el agente mostaza en el interior era succionado. El proyectil era lavado y horneado para destruir cualquier rastro restante. El agente mostaza era diluido en agua caliente y luego descompuesto por bacterias. El residuo resultante en su mayoría es sal de mesa común, pero contiene metales pesados que requieren manejo como desechos peligrosos.



Irene Kornelly, de 77 años, presidenta de la comisión asesora de ciudadanos que supervisó el proceso en Pueblo, hizo un seguimiento de cómo se destruyeron casi un millón de proyectiles de mostaza.



“La mayoría de las personas hoy no tiene idea de que todo esto sucedió —nunca tuvieron que preocuparse por eso”, dijo. Kornelly. “Menos mal”.","['political', 'public_opinion', 'capacity_and_resources']",negative,capacity_and_resources,0,1,0,0,0,0,0,0,0,0,0,1,1,0,¿Qué tipo de tono predomina en este texto?,negative,¿Qué tono tiene esta noticia?,negative
Noticia_99.txt,"Sigue viva la cultura occidental en Kabul, Afganistán





KABUL, Afganistán — Hay un destello de la antigua Kabul oculto en la nueva —si sabes dónde buscar.



Está en las salas de billar abarrotadas donde jóvenes en jeans gritan “buen tiro” en inglés. Vive en las salas de videojuegos donde los adolescentes juegan “Call of Duty”. Está en las cafeterías donde las mujeres beben capuchinos, con sus abayas ocultando pantalones de mezclilla, mientras suena una melodía de Taylor Swift.



Desde que el talibán depuso al Gobierno respaldado por Occidente hace casi dos años, han borrado los vestigios más obvios del proyecto estadounidense de construcción de la nación en Afganistán. Las aulas de las preparatorias y universidades han quedado vacías de mujeres. Los eruditos religiosos y las interpretaciones estrictas de la ley shariah reemplazaron a los jueces y los códigos penales estatales. El parlamento fue disuelto.



Pero más difícil de erradicar ha sido el legado cultural que quedó después de 20 años de ocupación estadounidense, las formas más sutiles en que las culturas occidental y afgana chocaron en las principales ciudades y dieron forma a la vida urbana junto con la generación de jóvenes que alcanzaron la mayoría de edad en ella.



“Todas las marcas de ropa y zapatos están aquí, academias deportivas, tenemos toda la tecnología nueva —nos conectamos con el mundo”, dijo Ahmad Khalid, de 37 años, en un restaurante de carnes en Kabul.



La perdurable influencia occidental es más impactante en la Capital. Antes de que comenzara la guerra liderada por Estados Unidos en el 2001, Kabul estaba en ruinas después de años de guerra civil y lucha más tarde entre las fuerzas de resistencia y el primer gobierno de los talibanes. Pero después de la invasión de EU, se convirtió en un centro de atención internacional.



Desde el 2001, la población de la Ciudad casi se ha duplicado a alrededor de 5 millones —más o menos la mitad de la población urbana total del País.



Hay pizzerías, restaurantes de hamburguesas y gimnasios en todos los barrios. Los tatuajes —prohibidos en el Islam— adornan los brazos de jóvenes.



Para los miembros de la generación joven y urbana, los restaurantes y las librerías se han convertido en un escape de un País que está siendo reconstruido por un Gobierno que a menudo se siente más extraño para ellos que la administración respaldada por Occidente.



En un café popular en Kabul una tarde reciente, hombres y mujeres convivían, haciendo caso omiso de los requisitos de segregación por género.



Taiba y su amiga, Farhat, ambas de 19 años, dijeron que el café era uno de los pocos espacios públicos que quedaban donde se les permitía la entrada y donde su existencia misma no se sentía amenazada.



“Me encanta el olor, los libros y la música que tocan”, dijo Taiba. “Aunque”, agregó con una sonrisa irónica, “ya ??no me gusta la música pop desde que me convertí en una buena musulmana en los últimos dos años”. Las chicas se miraron y se echaron a reír. “Es broma”, dijo.



Cada tarde, docenas de chicos acuden a un centro de videojuegos en Kabul. Era uno de los pocos sitios que les quedaban, dijeron. Muchos cafés han cerrado, el Gobierno prohibió sus bares de narguile favoritos y los oficiales de policía prohibieron recientemente que niños menores de 10 años ingresen a la zona de juegos —generando preocupaciones de que podrían terminar prohibiendo los centros de juegos por completo.","['political', 'public_opinion']",neutral,political,0,0,0,0,0,0,0,0,0,0,0,1,1,0,¿Cómo es el sentimiento general de esta noticia?,neutral,¿Qué tono tiene esta noticia?,neutral
Noticia_98.txt,"¿Qué explica la caída de la tasa de matrimonio entre jóvenes chinos?







SEÚL — Han sido tres años brutales para los adultos jóvenes de China. Su tasa de desempleo se ha disparado en medio de una oleada de despidos corporativos. Las draconianas restricciones del coronavirus han terminado, pero no la sensación de incertidumbre sobre el futuro que crearon.



Para muchas personas, la confusión es otra razón para posponer las decisiones importantes de la vida, contribuyendo a una tasa de matrimonios históricamente baja y complicando los esfuerzos del Gobierno para evitar una crisis demográfica.



Grace Zhang, una trabajadora tecnológica que había sido ambivalente sobre el matrimonio, pasó dos meses confinada en la cuarentena gubernamental de Shanghai el año pasado. Despojada de la posibilidad de desplazarse libremente, cayó en una espiral descendente debido a la pérdida de control. Cuando vio las cuarentenas extenderse a otras ciudades, se disipó su sentido de optimismo.



Cuando China reabrió en diciembre, Zhang, de 31 años, salió de Shanghai para trabajar a distancia, viajando de ciudad en ciudad con la esperanza de que un cambio de aires restaurara su panorama.



Ahora, al tiempo que ve los crecientes despidos a su alrededor en una economía emproblemada, se pregunta si su empleo es lo suficientemente seguro para mantener a una futura familia. Tiene novio, pero no tiene planes inmediatos de matrimonio. “Este tipo de inestabilidad en la vida hará que la gente tenga cada vez más miedo a hacer nuevos cambios en sus vidas”, expresó.



El número de matrimonios en China bajó durante nueve años consecutivos, cayendo un 50 por ciento en menos de una década. El año pasado, unos 6.8 millones de parejas se registraron para casarse, la cifra más baja desde que iniciaron los registros en 1986, comparado con 13.5 millones en el 2013, de acuerdo con datos gubernamentales recientes.



Aunque las cifras han subido hasta la fecha en el 2023 respecto al año pasado, más matrimonios también están terminando. En el primer trimestre de este año, se casaron 40 mil parejas más comparado con el mismo periodo del año pasado, mientras que hubo 127 mil divorcios más.



Las encuestas han mostrado que a los jóvenes les desalienta el costo de hacer pasar a un hijo por el despiadado sistema educativo de China. Al tiempo que las mujeres en las ciudades alcanzan nuevos niveles de independencia financiera y educación, el matrimonio no es tan necesario económicamente para ellas. Y los hombres aseguran que no se pueden dar el lujo de casarse, mencionando la presión cultural de tener casa y auto incluso antes de que puedan iniciar el noviazgo.



El año pasado, la población de China disminuyó por primera vez desde principios de los 60.



El Partido Comunista gobernante ha llevado a cabo una campaña de propaganda para instar a las personas a casarse y tener hijos, incluso ha organizado eventos de citas patrocinados por el Estado. Un Gobierno en el este de China inició una app para buscar pareja.



No obstante, las inquietudes que provocan que tantas personas rehúyan al matrimonio son difíciles de abordar. Ajustado a la producción económica per cápita, China es el segundo país más caro del mundo para criar un hijo, detrás de Corea del Sur, de acuerdo con demógrafos chinos.



Hasta el 2020, Erin Wang, de 35 años, se sentía optimista respecto a vivir en China. Luego vio al Gobierno reprimir las compañías privadas y adoptar un enfoque de mano dura ante la pandemia. “Sentía que no tenía confianza para tener un bebé en China”, expresó ella.



Se mudó de la Ciudad de Hangzhou a Shanghai en busca de una nueva carrera.



“De hecho, quiero casarme, pero si no hay nadie apropiado, no es el fin del mundo”, aseguró.","['economic', 'political', 'policy_prescription_and_evaluation', 'quality_of_life']",negative,economic,1,0,0,0,0,1,0,0,0,1,0,0,1,0,¿Qué percepción transmite el tono de la noticia?,negative,¿Qué tono tiene esta noticia?,negative
Noticia_97.txt,"Los 'héroes' que cuidan de los gatos callejeros de Nueva York






Justo antes del amanecer, Debbie Gabriel se estacionó en doble fila en su lugar de siempre sobre Lefferts Avenue, un barrio de hogares unifamiliares y edificios de departamentos en Flatbush, Brooklyn. Casi tan pronto como apagó el auto, gatos callejeros de todos colores y tamaños empezaron a salir de un callejón.



Una docena de gatos ronroneó mientras Gabriel colocaba tazones de comida y agua.



“Hay días en que no quiero levantarme”, dijo. “Pero cuando pienso en sus pequeñas caras —si ellos pueden estar ahí esperándome a las 4:30 de la mañana, lo menos que puedo hacer es acudir por estos bebés”.



Gabriel alimenta a los gatos de Flatbush una vez al día —tiene 61 años y se ha jubilado de trabajar en hospitales, y eso es todo lo que puede costear. También atiende las necesidades médicas de los gatos lo mejor que puede, al ocasionalmente llevar a los más enfermos con un veterinario compasivo.



Ella es una de muchos cuidadores de colonias de gatos en el barrio, pero Flatbush rebosa de gatos ferales o callejeros y eso es todo lo que puede hacer.



El problema dista mucho de limitarse a Flatbush. Podría haber hasta medio millón de gatos callejeros por toda la ciudad de Nueva York.



“Nadie sabe y a la ciudad no le interesa saber”, dijo Will Zweigart, el fundador de Flatbush Cats, el grupo sin fines de lucro para el que Gabriel trabaja como voluntaria.



Más personas adoptaron mascotas durante la pandemia, pero atenderlas se volvió difícil. Estados Unidos enfrenta una severa escasez de veterinarios, y sus honorarios han rebasado la tasa de inflación promedio en los últimos 20 años.



Añada a eso la terminación de las moratorias de desalojo y de otras protecciones durante la pandemia, y muchos simplemente no pueden costear una mascota ahorita.



Podría vivir en un rascacielos de Manhattan y nunca toparse con un gato callejero. Sin embargo, abundan en otros distritos, especialmente en barrios de bajos ingresos, que están repletos de callejones, terrenos baldíos y edificios vacantes donde los animales callejeros pueden refugiarse y cuidar de sus crías.



La gente en gran medida aprecia los esfuerzos de Gabriel, pero algunos son hostiles con los gatos, sobre todo a fines de la primavera, el apogeo del periodo de celo, cuando bestias sin esterilizar y hambrientas de sexo maúllan y pelean por parejas.



La mayoría de los cuidadores de gatos dice que preferiría por mucho que todos los gatos vivieran bajo techo. Incluso los gatos ferales más fuertes sólo viven cuatro años en promedio, menos de un tercio que los gatos en interiores.



Así que Flatbush Cats ha adoptado una idea desarrollada originalmente en Inglaterra en los 50: CES —capturar, esterilizar y soltar. Los voluntarios capturan gatos ferales en trampas, luego los llevan a veterinarios para ser esterilizados. Los gatos luego son soltados nuevamente en la calle para que vivan sus vidas, pero sin dejar camadas.



Sin embargo, no todos en Flatbush están de acuerdo, comentó Ryan Tarpey, administrador de programas comunitarios para Flatbush Cats. Cuando colocó trampas cerca de una colonia que tenía 47 años de vivir en un terreno baldío, algunos vecinos se molestaron.



“Me dijeron ‘estos son nuestros gatos, han estado ahuyentando a las ratas’”, dijo Tarpey. “Me corrieron de la cuadra”.",['economic'],positive,economic,1,0,0,0,0,0,0,0,0,0,0,0,0,0,¿Cómo es el sentimiento general de esta noticia?,positive,¿Qué tono tiene esta noticia?,positive
Noticia_96.txt,"Los héroes que salvan las vidas de los animales de campo en México






LAS PALMITAS, México — Pedro Parra se mantuvo junto a su caballo mientras el animal caía al suelo bajo el peso de la anestesia. Sus cascos se agitaron por un momento, luego cesaron y un equipo de veterinarios voluntarios se apresuró a rodearlo. Uno colocó una almohada debajo del cuello del paciente; otro ató una cuerda alrededor de una pata trasera y la levantó.



Su tarea era castrar al semental —una cirugía necesaria para evitar que el animal se volviera incontrolable y un peligro para su dueño y para otros animales. “Se estaba poniendo un poco inquieto con las yeguas”, dijo Parra, de 34 años. En menos de una hora, siete caballos más yacían en el terreno detrás de la iglesia del pueblo, despertándose lentamente de sus cirugías.



Tan pronto como se despertara el caballo de Parra, se llevaría al animal a casa, donde ayuda a arar la milpa —hileras de maíz, frijol y calabacita— en la finca de su familia.



El semental de Parra fue uno de los 813 pacientes, incluyendo burros, caballos y mulas, que fueron castrados, desparasitados, vacunados o atendidos de otra manera durante una clínica veterinaria itinerante de una semana en el Estado de Guanajuato en México. La campaña fue organizada por el Servicio y Enseñanza de la Experiencia Veterinaria Rural, o RVETS, un programa que desde el 2010 envía a especialistas voluntarios y estudiantes de veterinaria para brindar atención gratuita en zonas remotas de México, Nicaragua y Estados Unidos donde escasean los veterinarios.



“En la industria veterinaria equina, nadie más se preocupa por todos los animales que están en el campo”, dijo Víctor Urbiola, director de RVETS México. “Por eso nos enfocamos en ellos”.



RVETS también ha cambiado la forma en que las personas tratan a sus caballos, mulas y burros.



En la clínica, Brenda Arias y Martín Cuevas Jr., ambos estudiantes de veterinaria, se acercaron apaciblemente a dos yeguas y un potro. Jeringas en mano, los estudiantes se prepararon para inyectar el medicamento antiparasitario ivermectina en el hocico de los animales. Algunos caballos rurales, que no están familiarizados con otras personas que no sean sus dueños, “ni siquiera se dejan tocar”, dijo Arias.



¿Qué hacer, entonces? “Seducirlos”, dijo Cuevas. “Les hablas amablemente y los acaricias”, una táctica desconocida para una generación anterior.



Juan Godínez, delegado electo de la comunidad de Las Palmitas, dijo que antes de RVETS, algunos dueños amarraban las patas y la cabeza de un caballo y lo castraban con un cuchillo, sin anestesia. Era común que un animal muriera desangrado o de una infección.



La clínica RVETS también llena un vacío en la formación veterinaria. En las escuelas de veterinaria de México y otros lugares, “cada vez hay menos énfasis en los caballos y más en los animales de compañía, como perros y gatos”, dijo Eric Davis, quien fundó RVETS con su esposa, Cindy Davis.



Muchos estudiantes se gradúan sin jamás haber tocado a un caballo. “Lo que te enseñan en la escuela es un tercio de lo que realmente es la vida en el campo”, dijo Dereck Alejandro Morín, de 24 años, estudiante de veterinaria que trabaja como voluntario en RVETS.



Estefanía Alegría, de 33 años, y su hijo Bruno, viajaron una hora desde su casa, que no tiene luz ni agua corriente, hasta una clínica en Jalpa. Su esposo, como la mayoría de sus vecinos, había cruzado la frontera de EU para enviar dinero desde Texas. Ahora, ella y sus hijos dependen de su burro y de un caballo llamado Sombra para casi todo.



Su historia, dijo Urbiola, resonaba con una de sus misiones principales: cuidar a los animales “que valen muy poco o nada económicamente, pero cuyo valor para la vida de las personas es incalculable”.



No es tarea fácil. Ha resultado difícil obtener fondos para las campañas anuales. “Cuando he ido a tocar puertas en el Gobierno, dicen: ‘¿Para qué? Digo, los burros no valen nada’”, dijo Urbiola.



“Si podemos ayudar a un solo burro que carga 80 kilos de agua para una anciana, todo el esfuerzo que hacemos vale la pena”, aseguró.",['economic'],neutral,economic,1,0,0,0,0,0,0,0,0,0,0,0,0,0,¿Qué percepción transmite el tono de la noticia?,neutral,¿Qué tono tiene esta noticia?,neutral
Noticia_136.txt,"Celebridades están en líos por promocionar criptomonedas


SAN FRANCISCO — Cuando el mercado de criptomonedas FTX implosionó el otoño pasado, Tom Brady, el mariscal de campo estadounidense que ganó siete Super Tazones, hizo una llamada telefónica urgente.



Llamó a Sina Nader, director de asociaciones de FTX. El personal de la bolsa estaba en medio de una junta de crisis con Sam Bankman-Fried, su asediado fundador. Nader no podía tomar la llamada. “Nunca hubiera esperado rechazar una llamada de Tom Brady”, dijo.



Como “embajador” de FTX, Brady había aparecido en la conferencia de la compañía en las Bahamas y en comerciales de televisión que promocionaban la bolsa como la institución “más confiable” en el mundo poco regulado de las criptomonedas.



También estaba en juego su dinero. Como parte de un acuerdo de patrocinio que Brady firmó en el 2021, FTX le había pagado 30 millones de dólares, un acuerdo que consistía casi enteramente en acciones de FTX, dijeron tres personas con conocimiento del contrato. La supermodelo Gisele Bündchen, esposa de Brady en ese entonces, recibió un pago de 18 millones de dólares en acciones de FTX, dijo una de las personas.



Ahora FTX está en bancarrota y Bankman-Fried enfrenta cargos por fraude criminal. Brady, de 45 años, y Bündchen, de 42, han sido demandados por un grupo de clientes de FTX que busca compensación de las celebridades que promocionaron el mercado. Su situación es el ejemplo de más alto perfil de un ajuste de cuentas humillante que enfrentan los actores, atletas y demás celebridades que se apresuraron a acoger el dinero fácil y el bombo en línea de las criptomonedas.



El desplome el año pasado puso fin a la bonanza de criptomonedas de las celebridades.



En octubre, la Comisión de Bolsa y Valores (SEC) de EU ordenó a Kim Kardashian que pagara 1.26 millones de dólares por no haber hecho las divulgaciones apropiadas cuando respaldó el token EthereumMax. En diciembre, un abogado en California demandó a dos empresas de criptomonedas, MoonPay y Yuga Labs, acusándolas de utilizar una “amplia red de músicos, atletas y clientes famosos de primera categoría” para engañar a los inversionistas.



En marzo, la SEC acusó a la actriz Lindsay Lohan, al influencer en línea Jake Paul y a músicos como Soulja Boy y Lil Yachty de promover ilegalmente criptoactivos. Y en mayo, después de meses de intentos fallidos, un agente de procesos entregó documentos judiciales a Shaquille O’Neal, la estrella de basquetbol retirado, quien fue demandado por promocionar FTX, revelan documentos legales.



Las startups tecnológicas ofrecen a las estrellas una forma de ganar dinero mientras se mantienen a la vanguardia de la cultura de Internet; las celebridades ayudan a las empresas jóvenes a llegar a un público más amplio.



De todas las startups que reclutaron celebridades para promover las criptomonedas, FTX fue quizás la más entusiasta. Mientras Bankman-Fried intentaba convertir FTX en un nombre familiar, hizo una lista de celebridades que podía imaginar promocionándolo, recordó Nader. El nombre de Brady encabezaba la lista.



En junio del 2021, Brady y Bündchen acordaron un trato con Bankman-Fried, elogiando al “equipo revolucionario de FTX”. Brady parecía realmente interesado en las criptomonedas, dijo Nader.



En el 2021, Brady y Bündchen estelarizaron una campaña publicitaria de 20 millones de dólares para FTX, con comerciales que se transmitieron durante los partidos de futbol. Brady también publicó videos en TikTok con Bankman-Fried desde la sede de FTX en las Bahamas, donde habló en una conferencia frente a cientos. Bündchen también apareció en la conferencia como directora de iniciativas ambientales y sociales de FTX.



Cuando FTX colapsó en noviembre pasado, la valuación de 32 mil millones de dólares de la compañía —incluyendo los 48 millones de dólares en acciones de Brady y Bündchen— se desplomó a cero.



En diciembre, el abogado Adam Moskowitz y el bufete de abogados Boies Schiller Flexner entablaron una demanda en un tribunal federal de Florida acusando a Brady y Bündchen de engañar a los inversionistas. Entre los otros acusados se encuentran el comediante Larry David, la estrella de basquetbol Steph Curry y la tenista Naomi Osaka, todos quienes promocionaron FTX.



“Ninguno de estos acusados realizó ninguna diligencia debida antes de comercializar estos productos FTX al público”, reza la demanda.","['security_and_defense', 'public_opinion']",negative,security_and_defense,0,0,0,0,0,0,0,1,0,0,0,1,0,0,¿Qué sentimiento evoca esta noticia?,negative,¿Qué tono tiene esta noticia?,negative
Noticia_135.txt,"La guerra en Ucrania afecta las relaciones comerciales en el Ártico







KIRKENES, Noruega — En este rincón del extremo norte de Noruega, a 8 kilómetros de Rusia, las señales de tráfico ofrecen instrucciones en noruego y ruso. Los lugareños están acostumbrados a cruzar de un país a otro sin visa.



Hace unos años, esos lazos inspiraron a Terje Jorgensen, director del puerto noruego de Kirkenes, a proponer lazos más estrechos con el puerto ruso de Murmansk para aprovechar el creciente interés en las rutas marítimas a través del Ártico. Pero luego, el Presidente Vladimir V. Putin envió sus tropas a Ucrania, lo que detuvo el proyecto.



“En algo podría haberse convertido”, dijo Jorgensen.



Durante el último año, los lazos comerciales, culturales y ambientales se han congelado a medida que las fronteras se han endurecido para castigar a Moscú.



En Kirkenes, un poblado de 3 mil 500 habitantes construido alrededor del pequeño puerto, los temores de seguridad han trastornado un modelo de negocios centrado en los lazos transfronterizos.



Algunas cadenas de tiendas, atraídas aquí en parte para vender sus productos a los rusos, han advertido que podrían retirarse, dijo Niels Roine, director de la Cámara de Comercio regional. El sector minorista ha visto una caída del 30 por ciento en los ingresos desde que inició la guerra.



Más de 266 mil personas de Rusia cruzaron la estación fronteriza cercana a Noruega en el 2019; el año pasado, ese número cayó más del 75 por ciento.



A los pescadores rusos aún se les permite atracar en el puerto, aunque ya no se les permite visitar las tiendas y restaurantes en Kirkenes y otras dos ciudades portuarias noruegas, y la policía registra sus barcos.



Durante décadas, las grandes cantidades de bacalao en el Mar de Barents han atraído a personas y empresas de ambos países a esta comunidad en el Círculo Polar Ártico. Tan sólo los pescadores noruegos pescaron 2.6 mil millones de dólares de pescado en el 2022, reflejan cifras del Gobierno.



Un interés compartido en mantener las poblaciones de bacalao dio lugar a un singular acuerdo bilateral forjado durante la Guerra Fría. El bacalao tiende a desovar en aguas rusas, pero luego alcanza el tamaño adulto en aguas noruegas. A los pescadores de Rusia se les permite capturar bacalao en aguas noruegas a cambio de que no pesquen bacalao joven en sus propias aguas.



Pero ese acuerdo está bajo presión. El año pasado, Oslo limitó el acceso de los barcos de arrastre rusos a sólo Kirkenes y otros dos puertos. Y esta primavera, las autoridades noruegas restringieron los servicios que podían recibir en puerto. Ahora sólo se permiten necesidades imperativas, como la carga de combustible, comida y reparaciones de emergencia.



Algunas empresas han cortado los lazos con Rusia. Barel, un fabricante de productos electrónicos utilizados en aviones y embarcaciones en alta mar, cerró su planta en Murmansk y tiene como objetivo expandir la producción en Noruega. Pero encontrar trabajadores es un reto. Kenneth Sandmo de L.O., el influyente sindicato de trabajadores de Noruega, señaló que esos trabajos calificados eran esenciales para mantener una economía local estable. Los empleos de turismo, que a menudo son estacionales y pagan menos, tienen menos impacto, dijo.



Aún así, el Snowhotel en Kirkenes atrae a huéspedes durante todo el año para dormir en habitaciones que parecen iglús, y los cruceros Hurtigruten depositan a viajeros.



Hans Hatle, fundador de Barents Safari, era un oficial del Ejército que entrenaba a guardias para defender la frontera de Noruega con la Unión Soviética. Ahora escolta a turistas en barco hasta esa misma frontera. Con temperaturas más cálidas que hacen que los destinos en España e Italia sean inusualmente calurosos, confía en que Kirkenes tiene un futuro brillante como destino turístico.



“Tenemos que seguir pensando en nuevas formas”, dijo Hatle. “Pero confío en que lo lograremos”.","['public_opinion', 'security_and_defense']",negative,public_opinion,0,0,0,0,0,0,0,1,0,0,0,1,0,0,¿Cómo es el sentimiento general de esta noticia?,negative,¿Qué tono tiene esta noticia?,negative
Noticia_134.txt,"Estados Unidos: la visa EB-2 a la que puede aplicar si tiene ‘aptitudes excepcionales’



                                                     



Para los inmigrantes profesionales con un título avanzado o personas con una habilidad extraordinaria, la visa EB-2 es ideal para este tipo de perfil.



Para la aprobación de dicha visa, es necesario que el solicitante cuente con una oferta laboral y una certificación de condición laboral emitida por el Departamento de Trabajo de Estados Unidos (DOL).



Por lo general, las normativas de DOL prohíben emitir las certificaciones por cuenta propia, sin embargo, los empresarios pueden ser eximidos del requisito de tener una oferta y certificado laboral, si cualifican para una Exención por Interés Nacional (NIW).



Para solicitar una NIW, primero hay que demostrar que su perfil profesional merece ser catalogado como un título avanzado o una persona de habilidad excepcional.



Estos son los requisitos para cada una.



Requisitos visa EB-2 para profesionales con título avanzado

Según la página de inmigración y visas para poder ser calificado como un profesional con título avanzado, usted debe demostrar que tiene un título profesional superior a un título de bachillerato de Estados Unidos o un título equivalente en el extranjero.



Para constatar lo anterior, usted puede transcribir de manera oficial los documentos que legitimen dicho estudio, como también, realizar una evaluación de una agencia educativa avalada por Estados Unidos, entre otras cosas.



De igual manera, para ser un profesional con título avanzado, usted debe cerciorarse que su título profesional superior esté relacionado con la industria en la cual trabajará. 



Para ratificar dicha relación, usted puede redactar o solicitar a su empleador que escriba una carta donde se especifique las funciones del trabajo. Asimismo, usted puede pedir una copia del informe anual de su empresa.



Requisitos visa EB-2 para personas con habilidades excepcionales

Para ser calificado dentro de esta categoría, usted debe demostrar una habilidad excepcional en las ciencias, las artes o los negocios, un grado de experiencia adicional que lo haga destacar de lo promedio y lo habitual.



Para evidenciar estas capacidades, usted debe presentar pruebas que ratifiquen al menos tres de las siguientes seis preguntas:



1. ¿Ha recibido un título, diploma, certificado o galardón similar otorgado por un colegio universitario, universidad, escuela, u otra institución docente relacionada con el campo en el cual usted tiene una aptitud excepcional?



2. ¿Tiene al menos 10 años de experiencia a tiempo completo en su profesión?



3. Si se requiere ¿tiene una licencia o certificación para ejercer su profesión u ocupación?



(Siga leyendo: ¿Quiere trabajar en otro país? Estas son las mejores plataformas para buscar ofertas)



4. ¿Tiene o tendrá un salario alto u otro tipo de remuneración por sus servicios, lo que muestra su habilidad excepcional?



5. ¿Es miembro de asociaciones profesionales?



6. ¿Ha sido reconocido por sus logros y contribuciones significativas a su industria o campo?



Así mismo, usted debe demostrar que beneficiará de manera integral a Estados Unidos, impulsando la economía, la cultura, la educación y el bienestar general.



Para validar lo anterior, usted puede hacer uso de sus logros, premios, reconocimientos especiales, una carta de expertos, entre otros, para justificar de manera escrita cómo usted beneficiaría de manera sustancial al país norteamericano. 



Requisitos visa EB-2 para personas con Exención por Interés Nacional

Usted puede estar exento de necesitar una oferta y un certificado laboral emitido por el DOL, si sus proyectos propuestos tienen un impacto determinante a nivel nacional y además, cuenta con las herramientas necesarias -financieras, intelectuales, posicionamiento en el medio, etc.- para convertir dicho proyecto en realidad.



El Manual de Políticas del Servicio de Ciudadanía e Inmigración de los Estados Unidos (USCIS), ofrece mayor información sobre la elegibilidad para las exenciones por interés nacional, y cuenta con un apartado especial para las evidencias específicas para los empresarios.","['security_and_defense', 'public_opinion', 'legality_constitutionality_and_jurisprudence']",negative,security_and_defense,0,0,0,0,1,0,0,1,0,0,0,1,0,0,¿Qué tipo de tono predomina en este texto?,negative,¿Qué tono tiene esta noticia?,negative
Noticia_133.txt,"Tras un abuso, la memoria es clave para gestionar la depresión





Durante generaciones, la sociedad ha dudado sobre cuál es la mejor manera de sanar a las personas que experimentaron cosas terribles en la infancia.



¿Deberían ser desenterrados estos recuerdos, permitiendo que se disipe su poder destructivo? ¿Deberían moldearse suavemente en algo menos doloroso? ¿O deberían dejarse intactos?



Investigadores del King’s College London y la City University de Nueva York examinaron este dilema realizando un experimento inusual. Los investigadores entrevistaron repetidamente a mil 196 adultos estadounidenses durante 15 años sobre sus niveles de ansiedad y depresión. Sin que los participantes lo supieran, 665 de ellos habían sido seleccionados porque los registros judiciales mostraban que habían sufrido maltrato, como abuso físico, abuso sexual o abandono antes de los 12 años.



Sin embargo, no todos dijeron a los investigadores que habían sido objeto de abuso—y eso se relacionó con una gran diferencia.



Los 492 adultos que reportaron haber sido objeto de abuso y estaban en los registros judiciales que corroboraban el abuso tenían niveles significativamente más altos de depresión y ansiedad que un grupo de control sin antecedentes documentados de abuso, encontró el estudio, publicado en JAMA Psychiatry. Los 252 participantes que reportaron haber sido abusados sin registros judiciales que lo reflejaran también tenían niveles más altos.



Pero los 173 participantes que no reportaron haber sido abusados, a pesar de que los registros mostraban que había ocurrido, no tenían más angustia que la población general.



Los hallazgos sugieren que la forma como las personas enmarcan e interpretan los eventos en su primera infancia da forma a su salud mental como adultos, dijo Andrea Danese, profesor de psiquiatría infantil y adolescente en el King’s College de Londres y un coautor del estudio.



En un metanálisis de 16 estudios de maltrato infantil publicado en el 2019, Danese y sus colegas hallaron que el 52 por ciento de las personas con antecedentes de abuso infantil no lo reportaron en entrevistas con investigadores, y el 56 por ciento de quienes lo reportaron no tenían historial documentado de abuso.



Esta discrepancia podría deberse en parte a que reportarlo está influenciado por los niveles de ansiedad y depresión de una persona, dijo Danese.



Pero incluso en vista de ello, dijo, era notable que los adultos que tenían un historial documentado de abuso, pero no lo denunciaron —porque no recordaban los hechos, los interpretaban de manera diferente u optaban por no compartir esos recuerdos— parecían más saludables.



Los nuevos hallazgos sugieren que la terapia que trata de desenterrar los recuerdos reprimidos es ineficaz, dijo Danese.



Pero advirtió que los resultados no deben interpretarse como aprobando el evitar los recuerdos angustiosos. En lugar de ello, apuntan a la promesa de terapias que buscan “reorganizar” y moderar los recuerdos.



“No se trata de borrar el recuerdo, sino de tener el recuerdo y tener más control sobre ello para que el recuerdo se sienta menos aterrador”, dijo.



Los recuerdos siempre han presentado un reto en el campo de la protección infantil porque muchos casos involucran a niños menores de 3 años, cuando comienzan a formarse recuerdos duraderos, dijo David Finkelhor, director del Centro de Investigación de Crímenes contra los Niños de la Universidad de New Hampshire, quien no participó en el estudio.



Advirtió contra concluir que el abuso olvidado no tiene un efecto persistente. El abuso temprano puede surgir a través de la dificultad para modular las emociones, sentimientos de inutilidad o, en el caso de las víctimas de abuso sexual, la necesidad de proporcionar gratificación sexual a los demás.



Elizabeth Loftus, psicóloga en la Universidad de California, en Irvine, señaló que el estudio raya en otra conclusión: olvidarse del abuso podría ser una respuesta saludable.","['crime_and_punishment', 'security_and_defense', 'public_opinion']",negative,crime_and_punishment,0,0,0,0,0,0,1,1,0,0,0,1,0,0,¿Cómo es el sentimiento general de esta noticia?,negative,¿Qué tono tiene esta noticia?,negative
Noticia_132.txt,"¿Canibalismo antiguo o simple morbo? el debate de científicos por nuevo descubrimiento





La controversia sobre la antropofagia antigua, o canibalismo, tiene más de un siglo de librarse en el mundo académico. Hoy, las afirmaciones de canibalismo son sometidas a exigentes estándares de evidencia.



Es por ello que más de una ceja se levantó recientemente ante un estudio en Scientific Reports. El estudio afirmó que un fragmento de hueso de espinilla de 1.45 millones de años —encontrado hace 53 años en el norte de Kenia y escasamente documentado— era una indicación de que nuestros ancestros humanos no sólo sacrificaban a los de su propia especie, sino que probablemente también los consumían.



Un comunicado de prensa describió el hallazgo como la “evidencia decisiva más antigua” de ese comportamiento.



Briana Pobiner, paleoantropóloga en el Museo Nacional de Historia Natural del Smithsonian y primera autora del artículo, es una autoridad en marcas de corte. Ella había visto el fósil de la mitad de la tibia hace seis veranos mientras examinaba los huesos de un homínido en la bóveda de un museo de Nairobi. Estaba inspeccionando el fósil en busca de marcas de mordeduras cuando notó 11 cortes delgados, todos inclinados en la misma dirección y agrupados alrededor de un punto donde un músculo de la pantorrilla se habría adherido al hueso —el trozo más carnoso de la parte inferior de la pierna, dijo Pobiner en una entrevista.



Envió moldes de las cicatrices a Michael Pante, paleoantropólogo en la Universidad Estatal de Colorado y un autor del estudio, quien hizo escaneos en 3D y comparó la forma de las incisiones con una base de datos de 898 marcas de dientes, pisoteos y destazamientos. El análisis indicó que nueve de las marcas coincidían con el tipo de daño causado por herramientas de piedra.



En el estudio, Pobiner escribió que el canibalismo era una posible explicación del hueso descarnado. Pero sus citas en el comunicado de prensa sonaron más definitivas y, para disgusto de sus colegas, inspiraron titulares como “Hombres de las cavernas se mataban y comían unos a otros hace 1.45 millones de años, dicen científicos”.



Algunos expertos elogiaron los hallazgo, mientras que otros dijeron que su argumento de canibalismo era exagerado, aunque sólo porque no ofreció ninguna prueba de que la carne se hubiera comido.



“Morbo”, dijo Tim D. White, paleoantropólogo en la Universidad de California, en Berkeley, mejor conocido por liderar el equipo que descubrió Ardipithecus ramidus, un probable antepasado humano de 4.4 millones de años. “La simple presencia de rasguños ambiguos en un hueso fósil aislado no es evidencia suficiente de canibalismo”.



Los académicos han debatido durante mucho tiempo si aceptar el canibalismo habitual y rutinario en la prehistoria humana. La primera confirmación se descubrió en 1994 en el sitio de la cueva Gran Dolina en la Sierra de Atapuerca en España. Los restos de 11 individuos que vivieron hace unos 800 mil años mostraban señales distintivas de haber sido comidos, con huesos que mostraban cortes, fracturas donde habían sido abiertos para exponer la médula y marcas de dientes humanos.



Respecto al fragmento de hueso de Pobiner, “¿había otros huesos con marcas de corte?”, dijo White. “¿Había herramientas de piedra presentes?”.



¿Cuándo indican canibalismo las marcas en un hueso?



“Nunca en un solo hueso”, dijo White.","['crime_and_punishment', 'security_and_defense', 'legality_constitutionality_and_jurisprudence']",negative,legality_constitutionality_and_jurisprudence,0,0,0,0,1,0,1,1,0,0,0,0,0,0,¿Qué percepción transmite el tono de la noticia?,negative,¿Qué tono tiene esta noticia?,negative
Noticia_131.txt,"Sicarios asesinaron a reconocido DJ y a su esposa dentro de su casa





En el barrio Manuel Beltrán del municipio de Soledad, departamento del Atlántico, fue asesinado por sicarios Jair De Jesús Portacio Vargas, de 34 años, quien era conocido como DJ Killa. En el mismo ataque criminal murió Elayne Julieth Zapata Salcedo, de 33 años, su esposa.



Según la Policía en el departamento del Atlántico, la pareja había estado departiendo en una fiesta con unos vecinos de su residencia, pero cuando salieron para su hogar los sicarios los seguían. Minutos después dos hombres en moto llegaron hasta la residencia, el gatillero se bajó, ingresó y acribilló a la pareja.","['legality_constitutionality_and_jurisprudence', 'crime_and_punishment']",negative,crime_and_punishment,0,0,0,0,1,0,1,0,0,0,0,0,0,0,¿Cómo es el sentimiento general de esta noticia?,negative,¿Qué tono tiene esta noticia?,negative
Noticia_130.txt,"Reunificación familiar en Estados Unidos: el paso a paso para aplicar al programa



              

                             



Desde el pasado lunes comenzó a operar el Programa de Reunificación Familiar (FRP, por su sigla en inglés) en Estados Unidos para nacionales de Colombia, El Salvador, Guatemala y Honduras. Hace tres días comenzaron a ser distribuidas las invitaciones para que los ciudadanos de EE.UU. o residentes legales de este puedan iniciar el proceso para llevar a este país a sus familiares colombianos.



El Departamento de Seguridad Nacional de los Estados Unidos (DHS, por sus siglas en inglés) anunció el inicio de manera formal el FRP para ciudadanos de los países mencionados.



Cabe recordar que la iniciativa fue anunciada en abril de este año como parte de la finalización del llamado ‘Titulo 42′ y su objetivo es promover la unidad familiar y reducir la migración irregular hacia Estados Unidos.



¿Pero cuál es el proceso para ser beneficiario del Programa de Reunificación Familiar?Le contamos con base en los Servicios de Ciudadanía e Inmigración de Estados Unidos (USCIS por su sigla en inglés).



El paso a paso del Programa de Reunificación Familiar

Paso 1: Se envía la invitación al peticionario.

Se puede enviar una invitación por correo al peticionario que presentó el Formulario I-130 aprobado a nombre de los beneficiarios principales y derivados. El peticionario puede solicitar convertirse en una persona de apoyo e iniciar el proceso FRP a nombre de los beneficiarios solo después de recibir una invitación.



La invitación informará al peticionario sobre los próximos pasos para iniciar este proceso, incluidas las instrucciones sobre la documentación para incluir en su Formulario I-134A. Cada invitación incluirá un número de identificación que el peticionario debe incluir en el Formulario I-134A para cada beneficiario en cuyo nombre desea solicitar ser partidario e iniciar la consideración de autorización anticipada para viajar a Estados Unidos para solicitar el permiso de permanencia temporal en un puerto de entrada interior.



Paso 2: El peticionario presenta el Formulario I-134A en línea.

Después de recibir una invitación, el peticionario ciudadano estadounidense o residente permanente legal de Estados Unidos que presentó el Formulario I-130 aprobado a nombre de los beneficiarios presentará un Formulario I-134A para cada beneficiario con USCIS a través del portal web en línea myUSCIS para iniciar este proceso. El Formulario I-134A identifica y recopila información tanto sobre el peticionario como sobre el beneficiario.



El peticionario debe presentar un Formulario I-134A separado para cada beneficiario que desea apoyar, incluidos los derivados del beneficiario principal, y puede incluir información sobre las personas de apoyo adicionales.



Se verificarán antecedentes del peticionario y que pueda apoyar financieramente al beneficiario que aceptan apoyar. El peticionario también debe presentar evidencia que demuestre las relaciones familiares entre el beneficiario principal y el beneficiario derivado del que el peticionario solicita apoyar en cada Formulario I-134A. Si USCIS, a nuestra discreción, confirma el Formulario I-134A del peticionario, el proceso FRP avanzará al siguiente paso del proceso.



Paso 3: El beneficiario proporciona electrónicamente información que respalde la solicitud.

Si se confirma un Formulario I-134A, el beneficiario nombrado en ese Formulario I-134A recibirá un correo electrónico de USCIS con instrucciones sobre cómo crear una cuenta en línea con myUSCIS y proporcionar información sobre cómo completar los siguientes pasos. El beneficiario debe confirmar la información biográfica y dar fe de cumplir con los requisitos de elegibilidad antes de que CBP 

(El Servicio de Aduanas y Protección Fronteriza de Estados Unidos)

considere si emitirá o no una autorización anticipada de viaje al beneficiario.



El beneficiario también deberá dar fe de haber completado un examen médico con un médico de panel y que ha recibido ciertas vacunas. El examen médico debe realizarse antes de que el beneficiario pueda completar las certificaciones en myUSCIS.



Paso 4: El beneficiario presenta una petición en la aplicación móvil CBP

Después de que el beneficiario confirme su información biográfica y complete las certificaciones de elegibilidad requeridas, USCIS publicará instrucciones en la cuenta en línea del beneficiario sobre cómo acceder a la aplicación móvil CBP One (PDF, 770.38 KB). El beneficiario debe ingresar cierta información biográfica en CBP One y proporcionar una foto.



Recibe autorización para viajar a EE. UU.



Paso 5: El beneficiario recibe autorización anticipada de viaje para viajar a Estados Unidos.

Después de completar el Paso 4, CBP, a su discreción, publicará una notificación en la cuenta en línea del beneficiario confirmando si CBP decidió emitir una autorización anticipada para viajar a Estados Unidos para solicitar una concesión del permiso de permanencia temporal, caso por caso, en un puerto de entrada interior.



Si se aprueba, esta autorización es válida por 90 días. Los beneficiarios son responsables de asegurar su propio viaje por vía aérea comercial a Estados Unidos. La aprobación de la autorización anticipada para viajar no garantiza la entrada o permiso de permanencia temporal a Estados Unidos en un puerto de entrada estadounidense.



El permiso de permanencia temporal es una determinación discrecional hecha por CBP en el puerto de entrada, basada en un hallazgo de que el permiso de permanencia temporal está justificado debido a razones humanitarias urgentes o un beneficio público significativo.



Los niños menores de 18 años deben viajar a Estados Unidos con y bajo el cuidado y custodia de un padre o tutor legal y poder proporcionar documentación para confirmar la relación.



Los beneficiarios principales deben viajar a Estados Unidos con o antes de cualquier beneficiario derivado, ya que los beneficiarios derivados no pueden recibir permiso de permanencia temporal en Estados Unidos a menos que el beneficiario principal el permiso de permanencia temporal en Estados Unidos.



El beneficio de permanencia es temporal

Paso 6: El beneficiario solicita el permiso de permanencia temporal en el puerto de entrada.

CBP inspeccionará a cada beneficiario que llegue a un puerto de entrada bajo este proceso y considerará a cada persona, caso por caso, para la otorgación del permiso de permanencia temporal discrecional por un período de hasta tres años.



A su llegada al puerto de entrada, el beneficiario se someterá a verificaciones de antecedentes e investigaciones adicionales, para incluir una investigación biométrica adicional de huellas dactilares consistente con el proceso de inspección de CBP. A un beneficiario que se determine que representa una amenaza para la seguridad nacional o la seguridad pública generalmente se le denegará el permiso de permanencia temporal.



Un beneficiario que de otra manera no amerite el permiso de permanencia temporal como una cuestión de discreción al momento de la inspección, será procesado bajo una vía de procesamiento apropiada y puede ser referido al Servicio de Inmigración y Control de Aduanas de Estados Unidos (ICE).



Paso 7: El beneficiario recibe el permiso de permanencia temporal en Estados Unidos.

Un beneficiario al que se le otorgue el permiso de permanencia temporal bajo estos procesos generalmente recibirá dicho permiso de permanencia temporal en Estados Unidos por un período de hasta tres años, sujeto a los requisitos de salud e investigación aplicables.



El beneficiario al que se le concede el permiso de permanencia temporal puede solicitar un Documento de Autorización de Empleo (EAD) mediante la presentación del Formulario I-765, Solicitud de Autorización de Empleo, ya sea en línea o por correo.","['legality_constitutionality_and_jurisprudence', 'crime_and_punishment', 'security_and_defense', 'public_opinion', 'external_regulation_and_reputation']",negative,security_and_defense,0,0,0,0,1,0,1,1,0,0,0,1,0,1,¿Qué sentimiento evoca esta noticia?,negative,¿Qué tono tiene esta noticia?,negative
Noticia_129.txt,"Con incremento del 5.38%, Quintana Roo es primer lugar nacional en comercio minorista: Inegi

Quintana Roo se colocó a la cabeza de todo el país con el incremento más alto, 5.38 por ciento, del comercio minorista durante los primeros cinco meses del 2023, al rebasarse los niveles pre pandemia en derrama y visitantes en el sector turismo. El Instituto Nacional de Estadística y Geografía (Inegi) reportó que los ingresos totales por suministro de bienes y servicios del comercio al por menor crecieron 4.48 por ciento anualmente.
Este aumento en la variable más importante en la economía mexicana, es resultado de las alzas anuales que tuvieron todos los estados en su comercio minorista, a su vez como consecuencia de una baja en la tasa de desempleo, así como el incremento en el salario mínimo y el aumento de las remesas; lo que permitieron amortizar la elevada inflación -que va a la baja- así como el alto costo financiero.
Quintana Roo, quedó por encima de la Ciudad de México (5.10%) que tiene la mayor cantidad de habitantes y la economía más grande en el país; pero ambas entidades federativas son las más importantes operadoras para que el consumo privado en el territorio nacional se mantuviera resistente y sólido, frente al desgaste que había del poder adquisitivo. Cuando también ambas entidades federativas resultaron las más afectadas por la pandemia del Covid-19; pero al reactivarse en su totalidad se generó ese impulso en el consumo privado.
Los estados que le siguieron en el rango de crecimiento del 4 a 5 por ciento, fueron Tabasco, Guerrero, Baja California Sur, Chiapas, Baja California, Coahuila, Querétaro, Campeche, Morelos, Veracruz y Estado de México.


","['public_opinion', 'external_regulation_and_reputation']",negative,public_opinion,0,0,0,0,0,0,0,0,0,0,0,1,0,1,¿Qué tono tiene el autor al escribir esta noticia?,negative,¿Qué tono tiene esta noticia?,negative
Noticia_128.txt,"Congreso de Oaxaca da “albazo” y extingue Tribunal de Justicia Administrativa tras críticas de Jara

Oaxaca de Juárez.– Menos de 10 minutos bastaron para que los integrantes de las 65 Legislatura del Congreso de Oaxaca extinguieran vía “fast track” al Tribunal de Justicia Administrativa del Estado de Oaxaca (TJAO) y desaparecieran la figura de los magistrados que lo conformaban, lo anterior mediante la aprobación de reformas constitucionales. 
Con 33 votos a favor y uno en contra, y en una sesión extraordinaria híbrida, virtual y presencial, los diputados oaxaqueños aprobaron la desaparición de este órgano autónomo. En su lugar, el Congreso local aprobó la creación de un nuevo organismo denominado Tribunal de Justicia Administrativa y Combate a la Corrupción del Estado de Oaxaca,  conformado con integrantes propuestos por el gobernador Salomón Jara (Morena). 
La propuesta para desaparecer al Tribunal de Justicia Administrativa, presentada por el legislador morenista Luis Alfonso Silva Romo, no pasó a comisiones y fue aprobada en ocho minutos. Lo anterior luego de que el gobernador realizara una serie de comentarios en contra de este órgano y de que desde el 1 de mayo pasado asegurara que en él anidaba la corrupción y arropaban actos para afectar a su administración. 
En esa misma fecha Jara Cruz expresó su intención de que, por medio de reformas constitucionales, se extinguiera dicho órgano, y señaló a los magistrados que lo integraban de estar al servicio  del PRI para seguir protegiendo a exfuncionarios del gobierno de Alejandro Murat (PRI) de enfrentar responsabilidades administrativas.
La aprobación de esta reforma se dio precisamente cuando la atención popular está en las fiestas de la Guelaguetza y previo al desfile de las delegaciones que participarán en la Octava del Lunes del Cerro, que recorrieron las calles de la capital. 
Mientras se realizaba el “albazo” para  apropiarse de este órgano autónomo, el gobierno de Oaxaca, a través de elementos de la Policía Estatal y de la Agencia Estatal de Investigaciones, adscrita a la Fiscalía General del Estado de Oaxaca (FGEO), implementó un operativo para resguardar el inmueble que albergaba al Tribunal de Justicia Administrativa del Estado, en el Centro Histórico. 
A toda prisa 
Unas horas después de que se extinguiera en el Congreso de Oaxaca al Tribunal de Justicia Administrativa del Estado, en una segunda sesión extraordinaria, los diputados locales, con 33 votos a favor y “con votación económica”, aprobaron el nombramiento de siete magistradas y magistrados de la Sala Superior y unitarias que conformaron el órgano que lo sustituye y que fueron propuestos por el gobernador Salomón Jara. 
Las nuevas magistradas y magistrados  ya se encontraban en el recinto legislativo y  en menos de 15 minutos tomaron protesta de ley a sus nuevos cargos. Los recién designados como integrantes del Tribunal de Justicia Administrativa y Combate a la Corrupción del Estado de Oaxaca para la Sala Superior son Mateo Martínez, Manuel de Jesús López, e Itzel López Rojas, quienes se desempeñarán en dichas funciones durante siete años. 
Mientras que para la Salas Unitarias, cargo que se extiende por cinco años, fueron nombrados Amparo Arias, Raúl Bernardo, Martín Villanueva y Danae Echeverría.
","['political', 'public_opinion', 'health_and_safety']",positive,public_opinion,0,0,0,0,0,0,0,0,1,0,0,1,1,0,¿Cómo es el sentimiento general de esta noticia?,positive,¿Qué tono tiene esta noticia?,positive
Noticia_127.txt,"Detienen a dos por asesinato de notario en Oaxaca; hay otras dos personas implicadas

Oaxaca de Juárez.— El fiscal general de Oaxaca, Bernardo Rodríguez Alamilla, informó que se detuvo a dos probables responsables materiales del asesinato del notario público José Ortiz Girón, asesinado en calles del  Centro Histórico de la capital del estado.
En conferencia de prensa, informó que hay al menos otras dos personas implicadas en el homicidio: un hombre que condujo la camioneta en la que escaparon y una mujer que abordó a la víctima cuando salía de la institución financiera Bancomer.
Las personas detenidas, detalló, fueron identificadas como J. J. J. R. y A. M. L. quienes quedaron a disposición del Ministerio Público para resolver su situación jurídica, así como el aseguramiento de una camioneta, presuntamente en la que huyeron los responsables del homicidio antes citado.
El fiscal oaxaqueño dijo que con colaboración interinstitucional, pudieron rastrear y dar seguimiento a la ruta de la camioneta en que escaparon los autores materiales del homicidio.
“Lo venían siguiendo, él había ido al cajero de Bancomer sobre García Vigil, hay una mujer que empieza a interactuar con él y al llegar a la calle del hotel, finalmente lo ultiman estas dos personas, que lo atacan por la espalda. Una trae una gorra verde y uno una gorra roja, se van a la esquina de Porfirio Díaz. Al llegar a esa calle, abordaron una camioneta y hay una tercera persona que va manejando esa camioneta y empiezan la huída de la calle”.
Detalló que le dieron seguimiento a la camioneta en tiempo real: “alrededor de las 14:12 horas abordan la camioneta, a las 14:23 con C4 y ahí pasa por el crucero de Ixcotel, seguimos investigando, pedimos más cámaras nos ayudan los arcos en Ixcotel y San Francisco Tutla y nos permite identificar las placas del Estado de México e identificar al dueño de la camioneta”.
El seguimiento a la camioneta se realizó hasta un domicilio en Asunción Ixtaltepec, municipio de la región del Istmo de Tehuantepec. Obtuvieron una orden de cateo, ingresaron al domicilio, detuvieron a dos de los cuatro presuntos responsables y se aseguró la camioneta en la que huyeron y a la cual ya le habían quitado las placas.
“Tenemos sólidos avances en la investigación sobre este caso de alto impacto social, por lo que sabemos que, además de los dos autores materiales, hay al menos otras dos personas implicadas, una de ellas es el hombre que conduce el vehículo en el que huyeron y la otra, es una mujer que acompañó a los homicidas para seguir a la víctima por calles del centro de la ciudad de Oaxaca”, dijo Rodríguez Alamilla.
","['political', 'public_opinion', 'external_regulation_and_reputation']",neutral,external_regulation_and_reputation,0,0,0,0,0,0,0,0,0,0,0,1,1,1,¿Cómo describirías el tono de esta noticia?,neutral,¿Qué tono tiene esta noticia?,neutral
Noticia_126.txt,"El 81,7 % de migrantes venezolanos quieren quedarse en Colombia





La diáspora venezolana continúa siendo un reto en términos de migración para Colombia, y uno de los múltiples desafíos a lo largo de los últimos cinco años ha sido caracterizar a esta población para poder diseñar políticas públicas que respondan a las necesidades de más de 2,5 millones de venezolanos que se encuentran en el país.



Por esta razón, el Dane, con el apoyo del Banco Mundial y la Agencia de la ONU para los Refugiados (Acnur), volvió a realizar su encuesta Pulso de la Migración, dirigida a esta comunidad. Se busca conocer su situación migratoria y sus condiciones de salud, trabajo, educación, entre otras. En total, entrevistaron a 6.582 personas que migraron a Colombia desde 2018 en adelante.



Una de las principales conclusiones de la encuesta evidencia que el reto de regularizar a la población migrante sigue sin resolverse con éxito, pues 37,4 por ciento de los consultados dijeron que no poseen ningún permiso o documento de regularización para permanecer en Colombia.



Aunque, por otro lado, un poco más de la mitad de los encuestados (el 56,7 por ciento) aseguró que tiene el Permiso de Protección Temporal; 4 por ciento aseguró tener el Permiso Especial de Permanencia; 0,3 por ciento dijo que tiene salvoconducto tras pedir asilo o refugio y 0,1 por ciento señaló que posee el Permiso Especial de Permanencia para el Fomento de la Formalización.



Sobre las razones por las que hay una población sin ningún tipo de permiso, el 27,9 por ciento dijo que “tiene un documento de regularización en trámite”. El otro 26 por ciento de esta categoría dijo que era colombiano retornado y no precisaba de estos permisos. El 17 por ciento afirmó que no lo necesitaba. Por otro lado, está la población que no ha accedido a estos por falta de información (8 por ciento) o por no cumplir los requisitos (6,7 por ciento). El 16,4 por ciento dio distintas razones para la falta de documentación de regularización.



Un problema mayor

La falta de documentos sigue siendo una de las principales barreras para acceder a la educación, atención de salud u oportunidades laborales.



Entre los consultados, el 71,9 por ciento dijo que en su hogar viven niños, niñas o adolescentes. A ese grupo de personas se les indagó sobre si alguno de los menores actualmente no está estudiando: 14,5 por ciento dijo que sí.



Al preguntar por las causas de esa situación, 34,2 por ciento manifestó que no ha podido acceder al estudio porque no cuenta con los papeles para inscribirse en una institución educativa; 12,3 por ciento señaló que no consiguió cupo; 6 por ciento dijo que por falta de dinero; 4,1 por ciento aseguró que no quiere seguir estudiando; 1,3 por ciento indicó que el menor trabaja y el 1 por ciento aseguró que el sitio de estudio le queda muy lejos.



Este mismo escenario se ve cuando el estudio averiguó por la situación de salud de los migrantes.



A la pregunta: “¿Se encuentra afiliado/a al sistema de salud de Colombia?”, 64 por ciento respondió que sí y 34,7 por ciento dijo que no.



Entre las razones por las que aseguraron no estar afiliados, más de la mitad (56,3 por ciento) dijo que no ha podido ingresar al sistema porque no cuenta con los documentos. Otras causas de esto son que desconocen cómo es el proceso (15,4 por ciento); no tienen empleo formal (9,8 por ciento); desempleo (3,1 por ciento); ha estado sano (1,9 por ciento); es muy costoso el pago (1,5 por ciento) y 5,9 por ciento expuso otras razones. Vale la pena aclarar que 15,1 por ciento manifestó que está en proceso de afiliación.



Sufrir la discriminación



Para acceder al escenario laboral, la documentación también se ha convertido en un problema. De los encuestados, el 47,6 por ciento aseguró haber tenido dificultades “para encontrar un trabajo en Colombia”. De este universo, el 52,6 señaló que el principal problema ha sido que le “han exigido documentos que no tiene”.



Otros aspectos han sido la discriminación (34 por ciento), ofertas con baja remuneración o malas condiciones de trabajo (26,2 por ciento), falta de experiencia (17,1 por ciento). Dificultades para acreditar la experiencia laboral (11,1 por ciento) e imposibilidad de dedicarse a un empleo a tiempo completo (5,4 por ciento).



Con intenciones de residir

A pesar de la falta de documentación y los problemas de acceso que esto conlleva, buena parte de los encuestados tienen intenciones de quedarse en Colombia, al menos por el próximo año.



El 81,7 por ciento de los encuestados respondieron que planean residir en el país en los próximos 12 meses. Solo el 2,6 por ciento tendría intenciones de regresar a Venezuela y el 1,1 por ciento buscaría migrar hacia un tercer país. El 14,6 de los encuestados aún no tienen planeado qué van a hacer de aquí a un año.



Según los datos recolectados por el Dane, Colombia se ha convertido en un país en el que buena parte de la población migrante venezolana ha encontrado mejores condiciones que en su país y por eso han decidido quedarse. El 81,5 por ciento de los que comentaron que se quedarían aseguraron que lo hacían porque “Colombia ofrece buenas condiciones laborales, de ingresos, de vida, estudio y clima”. En segundo lugar está el tema de que “mis familiares pertenecen a este país”, con un 13,5 por ciento.



Con un 10 por ciento, los migrantes que se quedarían en Colombia respondieron que la razón era porque pertenecían a este país. Por otro lado, el 5,8 de los encuestados en esta categoría dijeron que permanecían en territorio nacional ante las malas condiciones laborales de otros países.



En cuanto a una posible reunificación familiar en Colombia, el 22,4 por ciento de los encuestados dijeron que al menos un “miembro de su hogar o familia en Venezuela tiene planes de migrar” al país.



Si se mira las cifras al detalle, se puede observar que el 23,5 por ciento de los que le apuestan a una reunificación en el territorio nacional están en la población entre los 24 y los 25 años. El 21,2 por ciento están entre los 15 y los 24 años y el 17,2 por ciento son mayores de 55 años. Este dato debe verse articulado con la pirámide poblacional de venezolanos en Colombia. El sector más grande en el país es el de 25 a 34 y le sigue el de 15 a 24 años.



Aunque hay un amplio sector de venezolanos migrantes que pretende quedarse en Colombia, la discriminación sigue siendo notoria. Poco más de un cuarto de los encuestados (26,8 por ciento) dijo haberse “sentido discriminado desde que llegó a Colombia”. De este universo estadístico, el 86,9 por ciento señaló que fue discriminado por cuenta de ser migrante, el 13,1 por ciento dio otras razones.



El 65,7 de las personas encuestadas que se sintieron discriminadas respondieron que sufrieron de estas conductas en la calle y en lugares públicos, el 33,4 por ciento fueron víctimas en sus trabajos y el 31,4 por ciento, en el momento en que estaban buscando un lugar para vivir en arriendo. El 20,1 por ciento de esta población fue discriminada en el transporte público; 17,1 por ciento, en el barrio, y 10,3 por ciento, en instituciones educativas. También hubo casos (9,1 por ciento) en establecimientos de salud, instituciones de justicia (1,4 por ciento) y en oficinas de Migración o de la Cancillería (0,8 por ciento).



‘Los mayores retos están en el acceso al trabajo’: Rocío Castañeda, coordinadora campaña Somos Panas Colombia Acnur



¿Cuáles son los retos y en qué trabajar para disminuir la discriminación?



Sabemos que los mayores retos en cuanto a discriminación están ligados al acceso al trabajo. Hay una manera de afrontar eso y es resaltar los beneficios de la integración socioeconómica de la población venezolana y los beneficios para toda la sociedad, porque son personas que pueden pagar impuestos y tener mejores niveles de consumo.



¿Qué factores influyen para que un 26,8 % de los migrantes se sientan discriminados?



En diferentes análisis hemos visto que se percibe que la población venezolana viene a competir por unos recursos, que ya se perciben escasos y que son muy bien valorados como el acceso al trabajo, con la población colombiana.



¿Cómo afecta este tema el proceso de integración?



Es un factor que efectivamente se convierte en una barrera para la integración. El país ha hecho esfuerzos muy importantes en todos los niveles para acoger a la población venezolana, pero en algunas ocasiones esos esfuerzos en el día a día se pueden ver obstaculizados por manifestaciones de discriminación.","['security_and_defense', 'external_regulation_and_reputation', 'public_opinion', 'crime_and_punishment']",positive,security_and_defense,0,0,0,0,0,0,1,1,0,0,0,1,0,1,¿Cómo describirías el tono de esta noticia?,positive,¿Qué tono tiene esta noticia?,positive
Noticia_125.txt,"Más de 25 mil migrantes africanos han pasado por el Istmo de Oaxaca hacia EU: cónsul de Senegal

Juchitán. – En los últimos 11 meses, poco más de 25 mil migrantes africanos han cruzado la región del Istmo de Tehuantepec en Oaxaca, en su ruta hacia Estados Unidos de Norteamérica, reveló el cónsul de Senegal, Abdoulaye Diop.
Los migrantes han salido de países como Senegal, Guinea, Burkina Faso, Congo, Mali, Costa de Marfil y Nigeria, principalmente. “Han salido, sobre todo, por la necesidad del empleo. Después de la pandemia de Covid 19, miles se quedaron sin trabajo”, explicó el diplomático.
Otro factor que provocó la oleada de migrantes africanos, dijo el cónsul senegalés, es que “quién sabe cómo se enteraron”, pero se pasaron la noticia de “boca a oído”, de que el gobierno estadounidense abriría su frontera sur. 
Antes, recordó, las migraciones masivas desde las naciones africanas se dirigían a España, ahora desde el año pasado cambiaron la ruta hacia Estados Unidos, aprovechando un vuelo de avión desde Senegal hasta Nicaragua, por el que pagan un boleto de 60 mil pesos.
Desde el año pasado, señaló el representante diplomático de diversas naciones africanas en México, ha asistido a funerales o traslados de ocho cuerpos de migrantes africanos muertos en Juchitán, Orizaba y Tijuana.
“A las autoridades de las naciones africanas les hemos pedido que expliquen a sus conciudadanos que ‘aguanten’ las ganas de migrar, que no es el mejor momento, que la situación en la frontera norte de México es complicada"".
Incluso, añadió Abdoulaye Diop, “se les ha dicho a los que deseen migrar que se preparen, que no es como les han dicho, que es una viaje largo, penoso y lleno de peligros, que no es viaje bueno, como les dicen, les decimos que hay pocas historias de éxito, contra las historias de dolor”.
El diplomático africano acompañó ayer a los familiares de los cuatro fallecidos en un accidente en la carretera Panamericana, en el Istmo de Tehuantepec, originarios de Burkina Faso y de Guinea, que fueron sepultados en un panteón de Ciudad Ixtepec.
Según datos del INM, esos 25 mil migrantes africanos que cruzaron la región istmeña desde agosto del año pasado a la fecha, formaron parte de casi medio millón de migrantes que llegaron al albergue que el INM instaló en San Pedro Tapanatepec.
","['security_and_defense', 'public_opinion']",negative,security_and_defense,0,0,0,0,0,0,0,1,0,0,0,1,0,0,¿Cómo es el sentimiento general de esta noticia?,negative,¿Qué tono tiene esta noticia?,negative
Noticia_124.txt,"Caen 20 integrantes de la danza de Los Zancudos en Guelaguetza de Zaachila, Oaxaca

Oaxaca de Juárez.— Momentos de tensión se vivieron este lunes durante la celebración de la “Gran Fiesta del Cerrito de Zaachila”, cuando entre 18 y 20 integrantes de la danza de “Los Zancudos” se cayeron durante su participación en la Guelaguetza que se ofrece desde hace más de 60 años en la zona arqueológica de este municipio.
Los danzantes, niños y jóvenes que deben mantener el equilibrio mientras bailan sobre zancos de madera de hasta dos metros de altura, estaban en la recta final de su presentación cuando comenzaron a caer uno tras otro en el escenario. 
De inmediato, elementos de Protección Civil del ayuntamiento de Zaachila y paramédicos de la Cruz Roja comenzaron a atender a los jóvenes, muchos de los cuales insistieron en seguir participando e invitaron a la gente a no dejar de aplaudir. 
 

 
No es raro que algunos integrantes de esta danza lleguen a caer dado la complejidad de las acrobacias que realizan en los zancos, pero no es común que sean tantos los que caen al mismo tiempo.
“Cuando comenzaron a caer, lo que les dije es que se abrazaran todos para mantener el equilibrio” contaba uno de los danzantes que participó en el número.
De acuerdo con Pedro Medina, representante del grupo de “zancudos” del barrio de San Pedro, perteneciente a Zaachila, fueron entre 18 y 20 los jóvenes que cayeron durante su participación en le Guelaguetza, pero aseguró que ninguno se lesionó de gravedad y descartó que haya secuelas del accidente.
 
Según el danzante, los jóvenes son conscientes del riesgo de bailar en los zancos y aseguró que fue el escenario recién pintado, sumado a la lluvia que lo deslavó, lo que causó el incidente.
“Nos han tocado diversos escenarios de los que desconocemos la estabilidad. En este caso nosotros sabíamos que hoy en la mañana pintaron la tarima y con esta lluviecita… sabíamos a lo que ibamos, pero Los Zancudos y Zaachila no pueden quedar mal, y menos con nuestra gente”, explicó el joven en entrevista con EL UNIVERSAL.
En esta edición de la Gran Fiesta del Cerrito participaron 45 integrantes del grupo de danzantes de “Los Zancudos”, ninguno de los cuales se lesionó de gravedad. Incluso, tras la atención a los caídos, el grupo bailó una última pieza para despedirse de los cientos de asistentes a esta festividad que los animaron con sus aplausos. 
En total, el grupo está integrado por 90 personas, incluidos niños, niñas, jóvenes y personas de la tercera edad, encargados de preservar una de las danzas originarias de Zaachila, junto con la Danza de la Pluma.
","['economic', 'quality_of_life', 'public_opinion']",positive,public_opinion,1,0,0,0,0,0,0,0,0,1,0,1,0,0,¿Qué tipo de tono predomina en este texto?,positive,¿Qué tono tiene esta noticia?,positive
Noticia_123.txt,"Hombres G cerrará en Oaxaca su gira por el país, en celebración de su 40 aniversario

Oaxaca de Juárez.- La legendaria agrupación española Hombres G anunció tres fechas de conciertos en México, en el marco de su gira de celebración por su 40 aniversario, uno de los cuales se llevará a cabo en la ciudad de Oaxaca.
El Auditorio Guelaguetza será el escenario para los músicos españoles el próximo 9 de diciembre, en el que cerrarán su gira por México, para después regresar a España para llevar a cabo un último concierto de la gira mundial, en Madrid.
El concierto en Oaxaca será entonces el penúltimo en la lista de ciudades que visitará la agrupación. Los boletos se encuentran disponibles a la venta desde el 16 de junio pasado.

Las entradas para ver a la banda española de pop más famosa están disponibles en Superboletos con precios que van de los 460 pesos a los 2 mil 300 pesos, dependiendo del lugar, con seis opciones de palco.
Antes de Oaxaca, los Hombres G pasarán por el Auditorio Telmex en Guadalajara, Jalisco, y después por El Domo en San Luis Potosí.
","['public_opinion', 'health_and_safety']",neutral,public_opinion,0,0,0,0,0,0,0,0,1,0,0,1,0,0,¿Qué tipo de tono predomina en este texto?,neutral,¿Qué tono tiene esta noticia?,neutral
Noticia_122.txt,"México y EU acuerdan combatir tráfico de armas y fentanilo

México y Estados Unidos acordaron luchar contra el desmantelamiento de las redes de tráfico de armas de fuego para combatir el fentanilo y reconocieron que el tráfico de armas de fuego contribuye a la violencia y a la destrucción en ambos lados de la frontera.
En una declaración conjunta de ambos países tras la reunión que ayer sostuvieron el presidente Andrés Manuel López Obrador y altos servidores públicos del Gobierno de México con una delegación estadounidense encabezada por la asesora de seguridad nacional, Elizabeth Sherwood-Randall, la fiscal general adjunta, Lisa O. Monaco, y la subsecretaria interina de Seguridad Nacional, Kristie Canegallo, se acordó avanzar en la cooperación de ambos países en la lucha global contra el fentanilo y las sustancias químicas de uso dual, el combate al tráfico de armas, la gestión de la migración y la modernización de la frontera compartida.
Esta reunión, se indica en el documento, se basó en encuentros anteriores de alto nivel dirigidos por la asesora Sherwood-Randall y la secretaria de Seguridad Pública y Protección Ciudadana (SSPC). Rosa Icela Rodríguez Velázquez.
“Nuestros países también reconocen que descubrir, interrumpir y desmantelar las redes de tráfico de armas de fuego es fundamental en nuestros esfuerzos conjuntos para combatir el fentanilo ilícito, y estamos comprometidos a abordar el tráfico de armas de fuego que contribuye a la violencia y a la destrucción en ambos lados de nuestra frontera compartida”
En la reunión de ayer en Palacio Nacional también discutieron los desafíos y avances en la cooperación respecto a la migración regional y se comprometieron a continuar forjando una respuesta a nivel regional, guiada por los principios establecidos en la Declaración de Los Ángeles sobre Migración y Protección.
Con ese fin, se detalla, México y Estados Unidos se comprometen a ampliar aún más la disponibilidad de vías legales en toda la región, incluyendo hacia México y Estados Unidos.
También discutieron la expansión del trabajo conjunto de desarrollo en Centroamérica y mantener consecuencias sólidas para la entrada irregular en nuestra frontera compartida.
Finalmente, los dos países se comprometen a seguir avanzando en el trabajo en curso para modernizar y promover proyectos de infraestructura que apoyen a nuestras comunidades fronterizas, beneficien a ambas naciones, y fortalezcan nuestra relación y seguridad bilateral.
 
","['public_opinion', 'external_regulation_and_reputation', 'economic']",negative,public_opinion,1,0,0,0,0,0,0,0,0,0,0,1,0,1,¿Qué percepción transmite el tono de la noticia?,negative,¿Qué tono tiene esta noticia?,negative
Noticia_121.txt,"Xóchitl Gálvez acusa a Morena de actos intimidatorios en su visita a Oaxaca: “que se tome un Calmex”

Oaxaca de Juárez.- Xóchitl Gálvez, aspirante a candidata presidencial en 2024 por el Frente Amplio por México, acusó a morenistas de actos intimidatorios y de agresiones en su contra en dos ocasiones durante su visita al estado.
Una de ellas, afirmó, fue durante un recorrido que hizo por la expoferia temporal instalada sobre el Andador Turístico, a la altura del Exconvento de Santo Domingo, en donde visitó a artesanas y compró múltiples prendas y artesanías de diferentes regiones.
“No hay necesidad de violentar, e intimidar, yo sé que ellos gobiernan Oaxaca, yo sé que ellos son muy poderosos y yo tengo derecho a hacer este recorrido”, dijo a medios informativos locales en la ciudad de Oaxaca.
Dijo que la dirección estatal de Morena “mandó reventadores” a la feria de artesanías para agredirla; en respuesta y al estilo del presidente Andrés Manuel López Obrador, pidió a la dirigencia del partido gobernante en Oaxaca “que se tome un Calmex, o que se tome un té de Tila”.
Agregó que tras estos hechos no ha reforzado su seguridad: “ayer me invitaron las artesanas, les compré prácticamente a todas, y también me fueron a agredir, yo estaba comprando, yo suelo comprar artesanía, no estaba haciendo promoción política”.
La senadora también se pronunció en contra de la extinción del Tribunal de Justicia Administrativa de Oaxaca, votada en fast track por la mayoría de legisladoras y legisladores de Morena en el Congreso del estado, bajo los argumentos de que era “ineficiente” y “muy costoso”.
Al respecto, Xóchitl Gálvez dijo que “así como el presidente quería eliminar el INE, él usó a sus diputados para desaparecer el tribunal, ¿saben para qué?, para que no le pidan cuentas, para que pueda robar el dinero a gusto”.
 
","['economic', 'public_opinion']",neutral,public_opinion,1,0,0,0,0,0,0,0,0,0,0,1,0,0,¿Cuál es la actitud del autor en esta noticia?,neutral,¿Qué tono tiene esta noticia?,neutral
Noticia_120.txt,"Vacaciones de terror: agencia de viajes poblana defrauda y deja varados a 90 turistas en playa de Oaxaca

Oaxaca de Juárez.- Pasajeros de Agencia de Viajes HM denunciaron públicamente a esta empresa por robo y fraude, luego de que dejaron varadas a unas 90 personas, sin sus pertenencias y sin lugar en donde quedarse, en la playa de Mazunte, en la Costa de Oaxaca.
Usuarios originarios de Puebla que denunciaron ser víctimas de este fraude, explicaron en redes sociales los hechos que tuvieron que vivir en las que esperaban serían unas buenas vacaciones en este destino turístico del estado, y en las que terminaron pagando una deuda de la agencia.
“#mariohuerta y sus #viajesmh son un #fraude y nos quedamos sin una parte del viaje y además le pagamos la deuda al señor de 33,000 pesos que al parecer nunca regresarán ni lo faltante del viaje (sic).”, señala el usuario @gusstoys desde su cuenta de Twitter.

De acuerdo con el hilo publicado, el viaje inició con retrasos el 20 de julio pasado, debido a que algunas personas que se presentaron como víctimas del fraude bloqueron por algunas horas las salidas del autobús, lo que inquietó a los pasajeros de los dos autobuses.
La oferta incluía paseos y comidas por Puerto Escondido, Puerto Angelito, Zicatela, Mazunte y Punta Comenta, partiendo el 20 de julio de la Zona Plaza Dorada /Huexotitla y regresando el 24 de julio desde Bahías de Huatulco, de acuerdo con las capturas de pantallas presentadas por las víctimas.
Con cuatro horas de retraso de salida y luego de 14 horas de camino, los autobuses llegaron a Puerto Escondido y aunque con desorganización, comentaron los denunciantes, el itinerario se cumplió a medias durante los dos primeros días.
No obstante, a la hora de viajar hacia el último destino, Huatulco, los pasajeros fueron burlados por las personas que se presentaron como “staff” de la empresa, pues primero les señalaron que había retrasos, después, cuando llegaron los camiones los hicieron bajarse sin sus pertenencias y mientras hablaban con la supuesta representante, los autobuses partieron sin los usuarios.
La mujer que se presentó como “Lola” les dijo que los autobuses no podían regresar si los usuarios no pagaban primero un extra de 350 pesos, mismos que horas después se convirtieron en 500, debido a que el dueño de la agencia no había cumplico con el pago de los autobuses, propiedad de Transportadora Turística Alejandra.

Tras horas de llamar al 911, y luego de que la Guardia Nacional se limitó a detener los autobuses, los usuarios defraudados tuvieron que pagar casi 50 mil pesos en conjunto, para poder regresar a Puebla; no obstante, para ese entonces ya eran 66 personas y no 90.
Pasajeros señalaron ante medios informativos locales que presentarán denuncias penales por fraude y robo contra la agencia de viajes; mientras que otros más pidieron la intervención de la Procuraduría Federal del Consumidor (Profeco).
","['public_opinion', 'political', 'quality_of_life']",neutral,political,0,0,0,0,0,0,0,0,0,1,0,1,1,0,¿Qué percepción transmite el tono de la noticia?,neutral,¿Qué tono tiene esta noticia?,neutral
Noticia_119.txt,"En SLP, la gasolina más barata se vende por debajo de los 21 pesos

En San Luis Potosí el precio de la gasolina regular se puede encontrar por debajo de los 21 pesos en la estación de carga con costos más bajos, mientras que, en el punto registrado con los costos más altos llega hasta los 22 pesos con 99 centavos.
De acuerdo a la plataforma gasolina.mx, que se encarga de registrar y monitorear el costo de los combustibles, para el inicio de esta semana el precio de la gasolina en el estado en promedio se mantiene en 21. 85 pesos por litro la de 87 octanos, mientras que el precio de la premium es de 24.10 pesos y el Diesel se vende en promedio en los 23.50 pesos por litro.
La estación de carga que vende el combustible con precios más bajos en la zona metropolitana es la ubicada en el eje 100 en el cruce de avenida industrias con periférico, donde el costo de la gasolina magna es de 20.90 pesos, la premium 23.5 y el Diesel 22.8.
Otra de las estaciones con costos accesibles es Costco gas, situada en avenida Chapultepec con costo de 20.99 el litro de la de 87 octanos y 23.39 la premium.
En contraparte, la gasolinera con los costos más elevados en toda la zona metropolitana es la que está localizada en la avenida Salvador Nava número 405, los costos de la regular están en 22.99 pesos y la premium 24.49 pesos es decir, incluso por más de un peso por encima del promedio estatal.
","['capacity_and_resources', 'economic', 'political', 'public_opinion']",neutral,economic,1,1,0,0,0,0,0,0,0,0,0,1,1,0,¿Cuál es la actitud del autor en esta noticia?,neutral,¿Qué tono tiene esta noticia?,neutral
Noticia_118.txt,"Inflación baja a 4.79% en la primera mitad de julio, su quinta quincena a la baja

La inflación en México suma su quinta quincena a la baja para ubicarse en 4.79% en la primera mitad de julio, la tasa anual más baja desde marzo de 2021 cuando se ubicó en 4.12%, revelan los datos publicados por el Instituto Nacional de Estadística y Geografía (Inegi).
En la primera mitad de julio del presente año, el Índice Nacional de Precios al Consumidor observó un aumento de 0.29% respecto a la quincena anterior, el menor dato para dicho lapso desde 2019.
El periodo estaría caracterizado por un repunte en ciertos rubros, especialmente en los alimentos. A pesar de lo anterior, seguiría debajo del promedio de los últimos cinco años (0.35%), aún apoyado por la caída de algunos energéticos, comentaron especialistas de Banorte.
El incremento general de precios en la primera mitad de julio fue ligeramente mayor al consenso de los analistas de 4.76% a tasa anual, pero dentro del rango previsto de entre un mínimo de 4.56% y un máximo de 4.84% estimado por las 32 instituciones financieras consultadas por CitiBanamex, de las cuales cuatro acertaron en su pronóstico.
El índice de precios subyacente, que incluye los bienes y servicios cuyos precios son menos volátiles, observó un crecimiento de 0.24% a tasa quincenal y anual 6.76%, menor al 6.86% observado en la quincena previa. A su interior, los precios de las mercancías incrementaron 7.99% a tasa anual y los de servicios, 5.29%.
En el mismo periodo, el índice de precios no subyacente observó un alza quincenal de 0.44%, con lo que observó una baja de 0.97% respecto al mismo periodo del año anterior. Dentro del índice, los precios de los productos agropecuarios crecieron 2.52% a tasa anual y los de energéticos y tarifas autorizadas por el gobierno disminuyó 3.93%.
Finalmente, el Índice de Precios de la Canasta de Consumo Mínimo, que evalúa los precios de 176 productos y servicios que la conforman, contenidos en la canasta alimentaria y no alimentaria del Consejo Nacional de Evaluación de la Política de Desarrollo Social (Coneval), tuvo un aumento quincenal de 0.15% y anual de 4.40%.
","['security_and_defense', 'political']",positive,security_and_defense,0,0,0,0,0,0,0,1,0,0,0,0,1,0,¿Cuál es la intención emocional del autor?,positive,¿Qué tono tiene esta noticia?,positive
Noticia_117.txt,"Reducción de jornada laboral provocará un desplome de empresas en SLP: Canaco

Este lunes miembros de la iniciativa privada, particularmente del sector terciario adheridos a la Camara Nacional de Comercio, Servicios y Turismo (CANACO - SERVYTUR), sostuvieron un encuentro con diputados federales de San Luis Potosí para exponer las repercusiones que tendría la aprobación de la iniciativa que plantea reducir la jornada laboral en el país.
En el encuentro, Jorge Pérez Vilet, experto en temas laborales y miembro de Canaco, explicó a los diputados federales Xavier Azuara Zúñiga y José Antonio Zapata Meraz, que independientemente de los beneficios, las repercusiones económicas inmediatas para el sector empresarial serían insostenibles, derivando en un corto a mediano plazo en el cierre inminente de miles de mipymes.
Abundó que ante este escenario, las empresas se verían obligadas a incrementar las plantillas para cubrir las horas adicionales necesarias para mantener la misma producción. En este sentido, refirió que esto sería un costo adicional de 16.6% del costo de la nómina por la reducción de la jornada laboral.
Así como el aumento en el gasto por concepto de seguridad social al tener que adicionar empleados para cubrir las mismas horas de trabajo.
Fernando Díaz de León Hernández, presidente de Canaco, agregó que de aprobarse la iniciativa se corre el riesgo de cierre de empresas, especialmente Pymes que abren sus puertas los 7 días de la semana (restaurantes, tiendas de abarrotes, hoteles, ferreterías, salones de belleza, entre otros) y detalló que no se ha considerado que la reforma provocará un aumento en el costo de los bienes y servicios, porque los empresarios tendrán que trasladar sus nuevos gastos al consumidor final.
El líder de la Canaco en San Luis Potosí continuó exponiendo que el sector se ha visto golpeado en los últimos meses con el incremento al salario mínimo, el aumento en las cuotas del IMSS con motivo de la entrada en vigor de la Reforma al Sistema de Pensiones y a la Ley del Seguro Social, así como la ampliación del periodo vacacional.
La Cámara presentó a los legisladores una serie de propuestas que podrían aminorar las afectaciones al sector: Se plantea armonizar las disposiciones laborales en la Ley Federal del Trabajo de forma inmediata para evitar problemas legales.
“Incluir disposiciones en la Ley Federal del Trabajo que fomenten la eficiencia, concentración y productividad en la empresa, porque actualmente no se incentiva la eficiencia laboral como en los países escandinavos que han reducido sus horarios de trabajo”.
Ambos legisladores afirmaron que será difícil poner un freno a esta iniciativa promovida por Morena, sin embargo, aseguraron que harán lo conducente para llevar las propuestas de ajustes ante la Camara Alta.
","['security_and_defense', 'morality', 'public_opinion', 'quality_of_life', 'legality_constitutionality_and_jurisprudence', 'political']",neutral,security_and_defense,0,0,1,0,1,0,0,1,0,1,0,1,1,0,¿Qué tono tiene el autor al escribir esta noticia?,neutral,¿Qué tono tiene esta noticia?,neutral
Noticia_116.txt,"Advierte Ricardo Gallardo más cambios en su gabinete estatal

El gobernador del estado Ricardo Gallardo Cardona advirtió que pueden haber más cambios en su gabinete, en vísperas de dar a conocer la nueva evaluación del semáforo estatal de desempeño, y sostuvo que la Secretaría de Comunicaciones y Transportes (SCT) “sigue sin levantar el vuelo” y la Secretaría de Ecología y Gestión Ambiental (Segam) tampoco ha alcanzado el nivel que se requiere.
“Mañana se dará a conocer la evaluación, pero bien traemos todavía un poquito quedada a la Secretaría de Comunicaciones y Transportes, hubo cambio de titular, pero todavía no levanta el vuelo, entonces pues ya que se pongan las pilas, ya avanzó un poquito la Segam, pero todavía no alcanza lo que queremos y pretendemos”, comentó.
Al respecto de quién será la nueva titular de la Secretaría de Cultura, Gallardo Cardona explicó que a más tardar la próxima semana se tiene que tener nuevo encargado.
“Yo trato de estar en todas partes, es importante hacerlo yo mismo… no es que yo les jale las orejas a mi gabinete sólo de vez en cuando, lo hago diario. En el caso de Cultura, por ejemplo, tuvieron que haber estado revisando todos los museos, en el caso de Salud tienen que revisar todos los centros de salud, en el caso se Sedesore el funcionamiento de todas las clínicas rosas, todos hay que jalar fuerte y quien no, pues se va a ir”, abundó.
Gallardo Cardona recalcó que seguirá haciendo los movimientos de personal que considere necesario “aunque me critiquen”.
","['policy_prescription_and_evaluation', 'public_opinion', 'political', 'fairness_and_equality']",positive,policy_prescription_and_evaluation,0,0,0,1,0,1,0,0,0,0,0,1,1,0,¿Qué tono tiene el autor al escribir esta noticia?,positive,¿Qué tono tiene esta noticia?,positive
